p_lrt_t,p_lrt_chi2,p_wald_acc,p_c1,p_deeks,deeks_slope,deeks_se,lam,rho,gamma_alpha,gamma_theta,converged,boundary_rho,boundary_sig,rep
0.8065786800103935,0.8041702516021807,0.8077586883915755,0.3085883691997367,0.25008766659133325,3.298650375610335,2.7887300826091663,1.8103142372590602,0.999329299739067,0.40103899091455375,3.141133614724133,True,True,False,1
0.10034041278712023,0.08563199058047287,0.07467377333922674,0.7636865400642632,0.9537772615723368,-0.25896920330755774,4.414722720021468,2.0687859724582935,0.9968671842318457,-2.831993238736395,5.040593312794958,True,False,False,2
0.9518941932224939,0.9513168632900499,0.9546757420443037,0.7159784056716715,0.8828144278448387,0.7076246182121146,4.7425905717587105,2.347456439321867,0.999329299739067,-0.07887157292784375,-0.9282816759149497,True,True,False,3
0.3603075201893355,0.34967694709588104,0.3672016380784848,0.12412068173230825,0.9234313345997303,0.5994809769626649,6.162816351607367,2.755316254526141,0.999329299739067,1.1958063543859283,3.259689508019754,True,True,False,4
0.30168820776651795,0.28966002340735914,0.3080780772967284,0.031227273384110115,0.46152810014123985,2.650256609070913,3.533297748801014,2.020158786996138,0.9325937110516322,2.089840076222032,6.964059353685075,True,False,False,5
0.5140873236950905,0.506865895891498,0.5197726793362198,0.011311022480744982,0.5357937265567797,2.9529651434512894,4.6907692072136955,2.424444393612427,0.999329299739067,1.011320348736489,7.380753333551832,True,True,False,6
0.5112417216235795,0.5039626887813851,0.5162811510697755,0.15564377899818965,0.4608465605159196,2.7142280074500182,3.613012254332627,1.7828791811937574,0.996405463870452,1.2858846038581668,4.585062802364614,True,False,False,7
0.8454654486957666,0.8435679647436238,0.8462685318600502,0.014418314367371027,0.0707950842353093,7.683360006815268,4.036801865501323,2.166414653003342,0.9585167029544223,0.463101985878426,9.755440607755148,True,False,False,8
0.5836788148535557,0.5777952752727606,0.5789351006835677,0.3092338468952246,0.6219476938845806,-1.663225284560496,3.3233162386952766,2.0013231802627756,0.9802244213123806,-0.8747954499164514,5.155969030068941,True,False,False,9
0.12156694070186978,0.10663973718729225,0.12810313795760872,0.02410635619284832,0.03366272063557951,8.62909998421168,3.796699822419629,2.104084739639451,0.9602469928583256,3.287904159948059,5.3221408732404605,True,False,False,10
0.8214224024013803,0.819211394521483,0.8228429240660665,0.04575985329549368,0.09490199818148307,14.158357277337208,8.095321392489142,2.178555182569196,0.9990854813911406,0.37468895844558947,7.291624040512691,True,False,False,11
0.6647043637700274,0.6602135144007417,0.6625630513422507,0.29585013986042474,0.7963048581129799,1.449425242159695,5.544136370051946,2.2522881751119397,0.9700345490092855,-0.7678972698567561,5.054788139360509,True,False,False,12
0.6017301062317382,0.5961716849359675,0.6061146484936911,0.03419335465040544,0.6264077232798162,2.0370449551049847,4.123259951495807,2.063852698365222,0.999329299739067,0.7828906215790274,7.339898762597478,True,True,False,13
0.6881054831669691,0.6839865727043335,0.6826368859055845,0.11282647066857039,0.5100513700655572,-2.759385312300289,4.117428739278535,2.6487031157431202,0.9547384860576049,-0.731810619637896,6.119777577114742,True,False,False,14
0.4742600530359094,0.46621183722702875,0.4793807264234217,0.040940645733163014,0.7964748353150127,1.8085899940433614,6.923879763305398,2.2076519210012324,0.999329299739067,1.2062464552335745,6.560725936974647,True,True,False,15
0.649310808597008,0.6445682156177494,0.6477086335858177,0.2852628969527611,0.2665831214919931,5.258189677374736,4.607092925616457,2.226285323290739,0.9784452715786082,-0.7857917143499424,4.729577269013478,True,False,False,16
0.04301408965445509,0.03124555834194556,0.03504095314646033,0.5991725018391206,0.26321489134119735,-3.3484259576204347,2.9125719434092527,1.6975871826912523,0.999329299739067,-3.712404097785627,4.878101412312416,True,True,False,17
0.7144932892848773,0.7107790300651727,0.7152730775421287,0.061707406303869686,0.5072111279672188,3.2254916333342183,4.780449410524912,2.037610484238273,0.9769194256893928,0.7071572338328957,6.933185450097557,True,False,False,18
0.9730320863516985,0.9727089902519972,0.9716916793982865,0.33019914288881874,0.3363078465033171,3.794367548344176,3.855985640473779,1.955414865129549,0.9783614990255319,0.06401723607674548,3.7259022729777085,True,False,False,19
0.07837859726369736,0.06425795127324861,0.06926633546737031,0.6978144988677122,0.6434809684024807,2.6528762055963533,5.6492370118777915,2.1610559758157146,0.992144780680605,-2.8601013118814604,5.184973772496054,True,False,False,20
0.09002523591829187,0.07553700663376947,0.07406535209890105,0.6540797128647166,0.44097302350868356,5.014827180805643,6.38480897947155,2.366041201904369,0.9991050494805409,-2.761990460426137,4.733789908605322,True,False,False,21
0.502858727352184,0.4954086705670767,0.49700333650771383,0.07498938042935525,0.31668969983394435,5.3381500480817765,5.204243120524803,1.837545784245815,0.9063042502923307,1.5830778940506613,6.505985074312081,True,False,False,22
0.7280990345768542,0.724587651202419,0.7300158110325743,0.011599777247226328,0.6614916199706614,1.1722917131762747,2.639524683137041,1.8456273218322512,0.9993292992952766,0.5378197987135991,9.982108214566061,True,True,False,23
0.7399332208067945,0.7365952721262365,0.7420637191176943,0.06109103104455771,0.4659246185213086,4.5588459617864645,6.138677732069424,2.3498432931654,0.9557456602212018,0.6783153735037404,6.917646102422431,True,False,False,24
0.7148348718917343,0.7111257527709354,0.715596897536215,0.046020707058635445,0.8612414749232511,1.204107389862864,6.804704282841278,2.348368591852552,0.9918756112988587,0.6928025374511888,7.121861749178869,True,False,False,25
0.46884552696053633,0.4606815431503396,0.46779914833746006,0.43601696944858603,0.8687422357058704,-1.0987392162739797,6.567866141391406,2.1203512058068337,0.9930790693919207,-1.144734049962083,4.488923185537731,True,False,False,26
0.7560651457209597,0.7529592878278992,0.7519323084156613,0.19940925207048746,0.8101241013846058,1.4937109739753418,6.139057013313843,2.2911421725831835,0.998660103619847,-0.48578876044614017,4.739191336058731,True,False,False,27
0.7874803449498108,0.7848131239603195,0.7886545802248549,0.22902235651485928,0.40992968581845224,3.4019589011521134,4.04607806530129,2.006589046517844,0.9860436647613917,-0.520445051593371,5.731243997467642,True,False,False,28
0.6978263088481894,0.6938582321744216,0.6966279975116697,0.06974800209385844,0.520086977567754,4.8618739600790795,7.431843432524917,3.0305386423270098,0.9837890625310967,-0.6215341270845656,6.277021964547952,True,False,False,29
0.22396587126501252,0.21019269175054106,0.24119382811353912,0.00825146891702978,0.9710365185835428,0.1823437470661369,4.962603589111539,2.6618451415273188,0.9993286093160313,1.7887554809581543,8.302091487186026,True,False,False,30
0.2886468663013947,0.27631055234709456,0.3037714968961354,0.12472972720268742,0.5923199481862002,1.7668434263554482,3.249190297119014,1.8609156455561886,0.9360121387038532,2.158185585820625,3.83311000436012,True,False,False,31
0.26434982110197147,0.25145053740478485,0.2683610289288817,0.005317144171256851,0.04425870514352194,8.912002985885387,4.164626632040374,2.2844401571362067,0.9843541019280452,2.3494864338023893,8.62268946871532,True,False,False,32
0.6040211832187763,0.5985033983459478,0.6028776706666419,0.4096534400019858,0.643715136554388,1.0986562567458646,2.3412233538910847,1.7545714652147604,0.9830959183230936,-0.8532745806659126,5.085245097559625,True,False,False,33
0.2838322117415631,0.27138299196079907,0.2959752071323502,0.03267056107455408,0.30136470055357456,4.176691795640021,3.9417809311016008,2.0360789083169917,0.9911726186361076,1.9120938370041989,6.252234131568839,True,False,False,34
0.4722442976999764,0.464153075306478,0.4672409061212591,0.15214082597952183,0.565522230379927,3.901454141658286,6.681973038948894,2.1007840942262774,0.9973597066713669,-1.2249510113341966,7.079437166934697,True,False,False,35
0.36482166215125084,0.35429804040082,0.3488687929179129,0.5816558852737823,0.9887670909496514,0.05073539903642229,3.5610271389776966,2.0536108855996997,0.9928284540109097,-1.6276495850379984,4.327483009460174,True,False,False,36
0.010569172494532623,0.005004886978984628,0.011530569499307785,0.0005438871182911507,0.061352046714946325,7.261235451672754,3.6733683267189283,1.917731224168938,0.9965476569184695,5.588714339912789,8.60528225982235,True,False,False,37
0.6660326442762531,0.6615632496929544,0.6637640590371269,0.34673197051069127,0.5303432643258672,3.5515813222088224,5.566378085828023,2.4046132507873836,0.9539863487261,-0.8289030245635272,4.414197476794023,True,False,False,38
0.12230822694092741,0.10737801986851572,0.12968264680981337,0.0077561854045542404,0.07502880353974566,7.367950147269219,3.9333656046337397,1.873478669261743,0.9335578741000623,3.819422823688927,8.217721586412235,True,False,False,39
0.29697699493968116,0.2848371656002759,0.2863704175081628,0.3053163853721384,0.38243419180515575,5.891904419201873,6.60433941288117,2.7522549390564737,0.999329299739067,-1.7027062338217638,5.202877011112513,True,True,False,40
0.26591062338081844,0.253046908236097,0.27841497243323265,0.08459386438113813,0.09592788706978646,8.877694580000325,5.092828912401609,2.4099252124425,0.943039998406183,2.29836676098161,3.701295697762978,True,False,False,41
0.39610729869128203,0.3863169135045399,0.4099063357626924,0.079145000712676,0.6547962078224037,1.673227434407286,3.6890806218721335,2.067111041162599,0.994040671829925,1.5686072092334973,5.837780691033897,True,False,False,42
0.49949654315879866,0.4919773401664065,0.4882926234129839,0.9146676292051233,0.9875789114509128,-0.0501814673099118,3.1852000580213935,1.7062823041925503,0.9520347159107883,-1.3987739289456382,2.177591515289703,True,False,False,43
0.687772540002968,0.6836484260027211,0.6894500234970835,0.022616981296458453,0.3540058604591861,5.588682571091911,5.8964095986401155,2.3334203157463893,0.9739221705341905,0.7775158017331982,8.114028932658417,True,False,False,44
0.0970909094567141,0.08244249953835858,0.08853460529793794,0.33551513901260555,0.8174252932568346,-1.1126684649616494,4.759616356351281,2.069883018049973,0.999329299739067,-2.9194101876263616,7.5040179386189525,True,True,False,45
0.27706072536181897,0.2644537101384019,0.2859962574905461,0.06504660092685871,0.8754138391199165,-0.8571923055127035,5.401001412371026,2.2601548705519465,0.999329299739067,1.4711832495272912,4.2651081154699035,True,True,False,46
0.5712041330101348,0.5650907186777852,0.5727604907732134,0.014283986098367693,0.1625754190217531,6.284724408482536,4.3423593327232926,2.2723416418368103,0.985398974963179,1.035358283563065,7.727192840235078,True,False,False,47
0.06401013959219508,0.05057049305938409,0.07757100224208727,0.017666879452203917,0.5769018743638282,2.443644810651746,4.311791595681265,2.1427529650976505,0.983732703708089,3.832158663982675,5.983419085095932,True,False,False,48
0.8582230454336708,0.8564890824370752,0.8581672602209224,0.220183219233498,0.5938056987989183,2.063450727216279,3.8100342905174434,1.782598765852748,0.9893311776617648,0.3215889741182014,4.877893098909532,True,False,False,49
0.05371249788832862,0.04096830141850246,0.057695064412547556,0.016657542550673178,0.6599335047047686,1.3749999639676505,3.080740897426351,2.0272663170125553,0.9969060499252573,3.7994718810900823,6.024687661725462,True,False,False,50
0.8716497946113273,0.8700860221291309,0.8695613901941459,0.5579872195620751,0.7855835622167728,-1.5219612621338379,5.523269422079453,2.242177677530777,0.9703920808906664,-0.26882687885706913,2.372508288376703,True,False,False,51
0.010320139749990671,0.004842316617310973,0.014096671218519005,0.007968418892528646,0.3598031213066868,4.132186508816796,4.41369777467531,1.9181695259202556,0.999329299739067,4.498767895437748,4.18093120659796,True,True,False,52
0.41327532975515285,0.4038798266044822,0.40036980146271606,0.2455856651863847,0.44045850610078996,4.60572879329606,5.857256535725522,2.2296787511061136,0.9868158471933283,-1.5949107917949608,6.391168647485015,True,False,False,53
0.11357661107882794,0.09870003295477855,0.12453720682171883,0.01595995556696841,0.307618075717844,5.482246240647746,5.242996255849692,2.1810729869338226,0.999329299739067,2.6377457898959396,6.124868309510231,True,True,False,54
0.4614374949910747,0.4531138494988747,0.46079751058793866,0.6282392374650668,0.9236465634567126,-0.44729924368815005,4.611354469470616,1.8768251100346314,0.958151923126118,-1.431627725159978,4.491666960962,True,False,False,55
0.23710142770638407,0.22360070057532336,0.2392001205466831,0.05308347027729279,0.31179037488736494,3.6420466930523108,3.5140373379215792,2.076675600953589,0.9398782318735237,2.301576017874913,4.689020169887758,True,False,False,56
0.5600248409040411,0.5537017638452018,0.5548643970034665,0.40517462621849043,0.178789565882369,4.346562432763794,3.1247765094256454,1.931777296138397,0.9915848177612316,-1.0207328806610345,4.721068467688654,True,False,False,57
0.59932666107755,0.5937254593625843,0.6008469104622018,0.8128617200052985,0.9413548694130384,-0.5278040166988698,7.0891216773322885,2.4677798376309554,0.9802050871288872,0.7922452081207025,-0.20484276738204843,True,False,False,58
0.05583164721390108,0.04292720058277948,0.05041475339515542,0.610354853958814,0.6002470332758792,-1.8807275508358858,3.534590479102883,2.1847270639774545,0.9864384117986079,-2.8860694607069535,2.395964314903515,True,False,False,59
0.7799965809239041,0.7772263839963489,0.777856837256291,0.047773195999924696,0.4444252052944373,3.222057242874222,4.133890670460282,2.1180026813876647,0.9566482156053684,0.5950359371499747,7.819229196450235,True,False,False,60
0.19546713352763018,0.18116211247659378,0.20594310519943998,0.008392515862910371,0.22086895349299454,10.528178937175294,8.344015338131808,2.2435900141017466,0.9660663129246121,3.0969777924000095,9.731698448003819,True,False,False,61
0.5805219149635824,0.5745806066645835,0.585117871050652,0.17594561036509768,0.5046486011904412,3.4143397492457535,5.029620881320193,1.9861608644585427,0.998385493515748,0.9691772165946628,4.169704266054826,True,False,False,62
0.11855935217919865,0.10364719572942055,0.12643675548626815,0.018701583363874612,0.027229808898669827,12.497426869170981,5.26502876861538,2.10382347170793,0.9892970711263988,3.1182716907499692,5.79956191990113,True,False,False,63
0.5590047056416724,0.5526623230508418,0.5553263074629894,0.40593738169794186,0.28794107583018214,-3.638117959843923,3.336854290915068,1.9479356684517617,0.999329299739067,-0.9349954676239394,4.78543612142972,True,True,False,64
0.18734827667904266,0.17291135788385006,0.20477015823399966,0.03918148521130863,0.517153291642115,2.6506237574504605,4.023121570210315,1.9421047476316304,0.999329299739067,2.631502328839577,5.983980549316871,True,True,False,65
0.33826637603008475,0.32711092046586676,0.3298451750036165,0.25408567220157674,0.7024623677856422,2.5455699044975653,6.573324156984733,2.2645703829173724,0.9828107954020395,-1.6794329990196273,6.31615893317562,True,False,False,66
0.6165612841731533,0.6112634529505863,0.6205924433173726,0.07101503646696884,0.8192661093188826,1.5743432434930995,6.804411245759976,2.179955297643072,0.999329299739067,0.8655989189251647,5.946094197846465,True,True,False,67
0.442727019505646,0.4339937386292452,0.43332880756430403,0.5325083115631564,0.9061981401088693,-0.7073714696235246,5.931036442491241,1.9931247255788147,0.9851950935418461,-1.5387523636603362,5.274713301986191,True,False,False,68
0.6902651689290068,0.6861799514369598,0.6865752874087395,0.5223813229840985,0.63615759697901,-2.3989052485286053,4.997249036435637,2.137952204518976,0.9704257006748299,-0.6462669931034744,3.152754359840112,True,False,False,69
0.8001803980621883,0.7976858901488458,0.7995456014619956,0.8430400995376116,0.7746067603998709,1.146223438982283,3.951525505144953,2.028325796801949,0.9808135431090435,-0.4455106086878913,1.37766428793821,True,False,False,70
0.27056687692203524,0.2578098306480196,0.2851907081727371,0.0445875602520519,0.4254154712352931,2.7188266717726197,3.344745168870565,1.993192733961152,0.999329299739067,1.9404055311396746,6.0808693083491825,True,True,False,71
0.31867091965267696,0.30704723225313163,0.32548027276356567,0.06659981837318156,0.557989401478348,2.3758647134564193,3.99088537815472,1.7269169494316992,0.9025062377944756,2.265574674096536,6.2093816888138935,True,False,False,72
0.5640153771884302,0.5577675399710689,0.5632112272354846,0.10324698931481113,0.21269412740324004,4.930511916915736,3.8361815223148787,2.102340129323248,0.9662486751978512,1.2019007652791958,4.9880276519751305,True,False,False,73
0.9349623587964457,0.9341802175833773,0.9311149301292001,0.16024122648399472,0.7868485393200686,1.338325292961165,4.886441882191538,2.067623657402104,0.999329299739067,0.14024538323869162,5.080007853670047,True,True,False,74
0.565473697542744,0.5592532456226611,0.5618529410729337,0.3101055276779158,0.8833559462895872,-0.5954534724512209,4.009476762589251,1.8057565870457697,0.999329299739067,-0.847071449831148,5.125590010541598,True,True,False,75
0.5552141672281798,0.5487997957362527,0.5527318452047845,0.2850799561204515,0.30735560176708293,4.341719582635817,4.149933381243775,2.467577880109925,0.999329299739067,-0.9216587499926767,4.617651896613459,True,True,False,76
0.938421567956867,0.9376813751290904,0.9377247100513674,0.37817704336125924,0.8821332539526384,0.6206170172894273,4.135228067026607,2.059777396148032,0.980392585176728,-0.13132963704311118,3.456089413082931,True,False,False,77
0.663064040889345,0.6585466384393084,0.6609688870883144,0.3512740717755604,0.5134192746017587,2.2837911454951874,3.4353534037549047,1.9083196931657749,0.999329299739067,-0.7001936959800084,4.593199178968426,True,True,False,78
0.5246560840865596,0.5176466077286206,0.5201338114660403,0.03658714892554717,0.03426228931004249,12.073004308188292,5.331859424017216,2.153938032216955,0.9755798620039986,1.550134106485408,7.7484367477348535,True,False,False,79
0.4713113529117254,0.4632001888220293,0.4747734690269205,0.10970541068807171,0.9637409290697101,0.2383007662079526,5.1798853043130855,2.427178541892172,0.9870375375194145,1.2262458777749572,4.564960029845973,True,False,False,80
0.1665389576389942,0.1518181818445115,0.174577341386521,0.007720633922745998,0.08125583544764181,4.97152202713741,2.7145038192497686,2.07705701294696,0.9795028977988578,3.0478533241410295,8.640181604182477,True,False,False,81
0.5379946409324736,0.531248163336757,0.5422323786816292,0.040162115498489956,0.09094148101762425,8.12031628594428,4.583123950765229,2.0524643868926877,0.999329299739067,1.0844115977909805,6.115441057180522,True,True,False,82
0.0765947341989245,0.06254356123112931,0.06637664246089325,0.8445235435198634,0.311995867598109,5.487901913724427,5.297320568358856,2.2447980794282603,0.9883885566691515,-2.87587290706009,4.377159830454672,True,False,False,83
0.5054396166811548,0.49804242345710426,0.5149666036487854,0.039995673364916294,0.3136148892371939,4.637916709409619,4.492231788852824,2.1787874138751415,0.9937567619200399,1.1862182863232986,6.678904122218059,True,False,False,84
0.2162693818899377,0.20234360904317866,0.2409663549602922,0.006741624869349725,0.20520906120943924,6.458877776907445,4.940224571675877,2.0956967552806693,0.9884625666063088,2.39104486128511,9.20689015832359,True,False,False,85
0.6555398423481709,0.650899811210892,0.6563928949781722,0.018346695495674824,0.6719933887944878,2.3165085882618257,5.394542836111641,2.451561055405822,0.9668958097415831,0.8360771534357774,8.432656876758731,True,False,False,86
0.29596510036480167,0.2838013360850098,0.27923495326316317,0.4584661746476218,0.4101810463146672,-3.4585474128415084,4.1156266413315885,2.2864290003323258,0.9927182279133863,-1.7209050114842732,5.200145406107573,True,False,False,87
0.9313749978997197,0.9305492906377583,0.9319146931049075,0.14788638635919685,0.24203142922919754,5.411169843036978,4.494778434128951,2.034754359252561,0.9746807145506803,-0.17531582729992579,6.59005819817807,True,False,False,88
0.418422782707823,0.4091444656891531,0.41883262700487334,0.03259264764400112,0.021729010554443814,7.769509428329671,3.133801539533469,2.016709068229839,0.9781645708850912,1.9074839047208396,6.744293633975908,True,False,False,89
0.02857735854029077,0.018731143304453902,0.02778239811312467,0.0008824101637350496,0.15190017521907306,7.96208815039201,5.354793870334565,2.296529866714979,0.9935926962837989,4.434943129467241,9.104264212328651,True,False,False,90
0.22851222739695473,0.21483175361430415,0.2230745160140302,0.6308455822106493,0.5620517313895876,-1.9457456835767175,3.3026844799647885,2.014503581229382,0.9970008952029634,-2.0517255981800684,4.90927119414138,True,False,False,91
0.9488410254441629,0.948226853511521,0.9426070648581949,0.11840268035611524,0.5602812461858712,4.962205420420304,8.384481530154934,2.247900786686153,0.9865853177501033,-0.13373870317891878,6.954094852806257,True,False,False,92
0.9034829763512814,0.9023159368150884,0.9065805349451423,0.3315862546307246,0.42376900113839183,-1.9537017462790494,2.394815113266802,1.5467107406215423,0.999329299739067,-0.2034720747556431,5.8380641812298,True,True,False,93
0.3476410844430348,0.3367093127587437,0.3566607372898988,0.019116788803583095,0.016865599737433387,11.78883399823745,4.54127408488425,2.0247383726646326,0.9799077603180056,2.1633876967468995,8.3056892733209,True,False,False,94
0.5790361082479755,0.5730675162885406,0.5789327778508381,0.21345629182631295,0.8659016129789244,0.9911838911576986,5.798184110451856,2.1412289207898274,0.9956992854952339,0.8990085736647524,3.573343659513865,True,False,False,95
0.35571962769987153,0.34498012856862836,0.3524402802124838,0.26369144937750805,0.09334446048778736,8.865153319548691,5.043224150159081,2.2379243980197057,0.9456510515432649,-1.9367003572371022,6.6529592051361615,True,False,False,96
0.776697973862405,0.7738820957191688,0.7774553744146496,0.29279572036860335,0.6198113834435062,1.9768733656809154,3.9257870502084873,1.7523939942395925,0.9991341937694892,-0.4462495329425682,5.2160216740799035,True,False,False,97
0.41149133828621887,0.40205508611906016,0.4154862286890619,0.11207282472422544,0.564429936215179,2.60978702615716,4.457119205051951,2.1117431948542027,0.999329299739067,1.3363895927938803,4.348112869687979,True,True,False,98
0.643761231302411,0.6389264582306049,0.642819839582587,0.4389838920760958,0.9730807376665332,-0.11306677646719072,3.3109702081745,1.757311037601448,0.9737897302998184,-0.8616990585216877,5.2173517656316655,True,False,False,99
0.4450531720443915,0.43637130512085665,0.44911194673508037,0.17143858696116382,0.5524096687788804,2.040076494154511,3.3784356654913696,1.8914469174641326,0.9814303022272621,-1.4501198206211097,7.684164608562511,False,False,False,100
0.3899483521886549,0.380014898526864,0.40506234239348543,0.17428761912369511,0.17620149442444027,6.699341338854801,4.786253604182062,1.9601243043651506,0.9808254721100379,1.619163608873384,3.6002558995303167,True,False,False,101
0.5086982366606241,0.5013675219235885,0.5032740584198342,0.06706158760212827,0.2128866657637983,5.592432509863809,4.353090084126411,3.1377245213276796,0.999329299739067,-0.9936640989731336,6.2652169676493,True,True,False,102
0.8458600816259452,0.843967683930325,0.8423263143278569,0.08449673530346614,0.710347518845582,-2.014796346674053,5.351871685235299,2.0437838793230783,0.9502741130857664,-0.43805862817649555,8.86568280819726,True,False,False,103
0.8385994732804386,0.8366131981098516,0.8419015915534843,0.1740602631529706,0.18748233948212495,8.79389259604197,6.4543437810156385,2.5897801173321797,0.9671984628940098,0.3892440825762149,4.43004960716881,True,False,False,104
0.9600575730373625,0.9595785845774382,0.9605463910477958,0.09290998601839093,0.24953355954260745,5.978373118064905,5.048106593772028,2.2718820672989564,0.9846229338996172,-0.08393360255047444,5.983292969902367,True,False,False,105
0.9254328851977444,0.9245348630871139,0.9254089589848926,0.49340009341112895,0.5421502017227549,-3.5734378059020537,5.766813887640572,2.654358067587913,0.9602649912638521,0.15493358887649933,2.1106576166721287,True,False,False,106
0.7520390698146302,0.7488757433022464,0.7509163649427978,0.4941410750460926,0.8518533901469829,0.7453544590027914,3.9422159223335256,2.1504553309863197,0.9772171257664355,-0.5232935261784624,3.1581942135349106,True,False,False,107
0.3118779851760829,0.3000922115759662,0.3030106505750694,0.6783231600518408,0.5662329884632568,-1.972515490113212,3.3845394499191275,1.6143524798115163,0.999329299739067,-1.6536760827646901,1.6264001429309323,True,True,False,108
0.36584562244521734,0.35534622735959553,0.374367954882971,0.03988343318816048,0.5946252913354402,3.101362290303474,5.739301199588657,2.1593402270403,0.9763873553051224,1.8673269754983162,6.669109750077386,True,False,False,109
0.9596988844479152,0.9592155796256762,0.9593174193279023,0.020841319351312622,0.9629738603946075,0.2521837213345307,5.368007654689995,2.4345015586225496,0.9855888709396231,0.09247475759452328,9.112610896789727,True,False,False,110
0.12468538693847367,0.10974736166126799,0.12943842517518936,0.001280750199427229,0.06890120472424072,12.303395723541215,6.4169588631464,2.1923830769970416,0.9617160633030842,3.8031520394810965,11.558785178037464,True,False,False,111
0.20552381771290026,0.19139544865545494,0.1937097416558451,0.7114977225561541,0.9691197415086721,-0.2503595678112503,6.390557347794267,2.7773093856418636,0.9368548638627842,-2.6930587748309214,4.1175488898261685,True,False,False,112
0.973643451478947,0.9733276910967869,0.9740775349765574,0.2322295280196958,0.42559623568669486,3.2881255320641505,4.046710551634123,2.017257015330862,0.9846598409642303,-0.05339113038958132,4.451647110444663,True,False,False,113
0.8215312808178291,0.8193217096611647,0.8213713741616252,0.39269688984936396,0.8574379997400736,1.0596581443470172,5.8268380449454265,2.1081382958417136,0.998565066765468,-0.3327683199113092,3.5171558563277987,True,False,False,114
0.5773582893157094,0.5713588148549393,0.5699635074821046,0.34827936892088024,0.6041854898267428,2.000191588134393,3.800382722780172,2.1816525642487736,0.9918373858216218,-0.8752641934810144,4.281179367160406,True,False,False,115
0.3082839152490002,0.2964125189936324,0.32487082012093266,0.03858727960468346,0.2595296728572949,8.312644458717843,7.1732427345798815,2.206421225125014,0.9978265823105079,1.6540553633836899,5.963289188104957,True,False,False,116
0.8742677821349287,0.8727369811423235,0.8751447980334595,0.269816964154221,0.5821640803872923,2.0462173379367137,3.661370756123218,1.8729233993774679,0.9668660496562262,0.3000062238753429,4.346092618169796,True,False,False,117
0.5653549344935067,0.5591322545764126,0.5630840033613097,0.5086345222645234,0.7500087292052513,-1.203802214628782,3.728787241991384,2.0110382598891205,0.9735104458751171,-0.9865196064866018,4.065285425422676,True,False,False,118
0.1570156194914961,0.14219697940369905,0.14204509385736516,0.6384673238637819,0.3580123098034679,-3.72696564787694,3.9657593331123855,2.1173398887251107,0.9889542765358724,-2.13256752708139,4.474772596572076,True,False,False,119
0.4971461945798643,0.48957846714428177,0.4907281710796635,0.7175260802831297,0.4406105560303693,2.396273031192716,3.0484477521474,1.8330166147427718,0.999329299739067,-1.18135541678113,3.373925696055192,True,True,False,120
0.22077109775604123,0.2069338837604142,0.24552314735521466,0.06600980616793933,0.41595957466121436,4.51378740192467,5.439300274691965,2.2141157035428956,0.9823745592549132,2.2597413971134985,5.288989919117405,True,False,False,121
0.6452130463477557,0.6404024621809913,0.6437854646400795,0.9108666701649788,0.8168636937606121,1.1268459718263388,4.805195888716018,2.26865079101928,0.9878942025972716,-0.6470679072876384,1.18817019899699,True,False,False,122
0.195923863483592,0.18162656176092928,0.18097307852562367,0.8855138962679365,0.48816692821069063,-2.8635451918477863,4.058085634945995,1.9364450168038299,0.9834393960392859,-2.2883379028991757,4.1389892788683325,True,False,False,123
0.6835300555735008,0.679339416549855,0.6871003891647393,0.060894099469548976,0.46084939340964726,4.9546192637493265,6.595324594797639,2.1462770876640493,0.9854720648602169,0.721906013341405,6.827715596457091,True,False,False,124
0.9713517141603364,0.9710084513425035,0.9704965214249758,0.0736109194808413,0.20799231430369688,7.957396438992707,6.125310596600704,2.358744873131844,0.9886067120733566,0.06407039953018767,6.6546717706164085,True,False,False,125
0.7914976154177249,0.7888852995476088,0.7924769667697056,0.022842117418431396,0.08701478569729587,5.051030525183381,2.81349816206437,2.106115082129721,0.9928999424079927,0.44379457850203874,8.088157976776776,True,False,False,126
0.14985405838439836,0.13497801426055123,0.15976604099350872,0.01871466051558334,0.8264711541907643,0.984011989391701,4.432812622914485,2.140543385499018,0.999329299739067,2.22781705695326,5.827724372440093,True,True,False,127
0.2285331844377692,0.21485314210082346,0.21785126245014036,0.866698483226329,0.8146181425718871,-1.1827537302661248,4.9813164113413695,2.0755414747538454,0.999329299739067,-1.7222253703658814,2.982621803926455,True,True,False,128
0.7685160697889653,0.7655860897122713,0.7670010475050574,0.5548667479271615,0.7973052094094901,0.9759920308744418,3.7520951515547654,2.106205991796385,0.999329299739067,-0.394033134138287,2.4578432479960552,True,True,False,129
0.5699740898692444,0.5638377766030449,0.5757142192148267,0.06261713680638419,0.29097925464684726,6.197505448244309,5.721218506712244,2.4119104142004204,0.9761088135094989,1.0265220486660462,5.868370829004329,True,False,False,130
0.29975163934794513,0.2876775233620873,0.31166286086338024,0.17765019280872738,0.5955534322818228,3.2353295003242954,6.002432728953934,2.12482834861656,0.999329299739067,1.6637762185051723,2.4144545163773277,True,True,False,131
0.9061705240554856,0.9050365994600755,0.905925488256936,0.20012200087982748,0.7765065727462578,1.236133761544044,4.298785876118709,1.9515562172449936,0.999329299739067,-0.19067607539695164,5.238865222166863,True,True,False,132
0.12968492122460906,0.11473905734529241,0.141126192640282,0.0044097038072431136,0.2349202409258532,5.721969426785122,4.679076038960708,1.985770554483988,0.999329299739067,2.742665614257639,8.389261238420787,True,True,False,133
0.06226292525378925,0.04892735181690861,0.07341426277424669,0.00619822551640833,0.1513073497602568,9.6239071642463,6.462583656972149,2.16764670863227,0.999329299739067,3.656549469646613,7.504012585912628,True,True,False,134
0.9290059366232577,0.9281514215103491,0.9287828446164353,0.03990950768670169,0.6995939251535718,-1.528570640266743,3.9074383932883774,2.3488493730678166,0.9746867522121371,0.15828984464560136,8.464026547753852,True,False,False,135
0.33058579649573594,0.31924682132400733,0.33585890994836143,0.05598152669642097,0.7262817769998053,1.4878965858779458,4.193685061092765,1.9103340831651456,0.9943660166442351,1.8059843613936506,5.5944886731039585,True,False,False,136
0.4487674902978612,0.4401674365788112,0.45133956744423603,0.027412038422828154,0.3947503948688168,4.9186540777405625,5.661100938391095,1.9409649627543573,0.9687870738337551,1.8464719741647713,10.0759797157895,True,False,False,137
0.24680743868647428,0.233516135889686,0.264229032529806,0.02942225565971206,0.982525016922643,0.10835259624495003,4.888292006721973,2.0958479778610037,0.9878961304714277,2.029235583676842,6.38823150376345,True,False,False,138
0.16512815427270985,0.150391455320533,0.16263028516432407,0.8600832719929971,0.6946443798019024,1.5682618793251522,3.9403158638928275,1.9292214380416526,0.9629245769190309,-2.4938339036139183,4.60232570289527,True,False,False,139
0.37137313074047634,0.36100428357626557,0.3606410347356459,0.6747295805355938,0.5517323282765062,-2.3733899511148553,3.9236660177720557,2.1812797884002797,0.9669508582508032,-1.5016706930095398,3.5134563508849723,True,False,False,140
0.6713590531832414,0.6669752721601889,0.6763432471810397,0.10957879931865724,0.5814350421431435,2.0335728179531523,3.6316750880455637,2.157332720102355,0.999329299739067,0.7513024536205837,5.101574122415198,True,True,False,141
0.06564558752303773,0.05211315391023755,0.08334309199149431,0.040628043766675156,0.881472887795399,0.699905423901313,4.637345621292509,2.1206330137401084,0.9798352302959755,4.221207017681752,4.478030611845526,True,False,False,142
0.6688216495128672,0.6643971673854576,0.6671702471976282,0.6494933758494582,0.7490354882052033,2.1313905559767967,6.575445555507653,2.396812849193824,0.9937684877045515,-0.6504954424870029,2.3323921883195173,True,False,False,143
0.01957372402085901,0.011484888396699013,0.015627042971531165,0.7376459138869674,0.5809211090052435,-3.1317055764639483,5.585131339886784,2.2449377495926055,0.999329299739067,-3.576904689462545,5.692527837461271,True,True,False,144
0.3820342958154965,0.3719160168580462,0.37817346443787386,0.06967235287324097,0.2740855068800582,5.4458012094218455,4.849049436356533,2.4656485898099776,0.963632800012521,-1.767686910415338,8.45844061568759,True,False,False,145
0.131964484000722,0.11701870513462492,0.12170369965337005,0.45071475273484163,0.8257859922343073,0.7936477713376763,3.560947390741115,1.9841001197163985,0.999329299739067,-2.314729232145712,0.9297314311263849,True,True,False,146
0.2922684228566923,0.2800173699668836,0.3033415695601416,0.07440448524542939,0.02434244981338677,7.903358359901882,3.2573323797097835,1.7714352623282328,0.995181487845935,2.4175322577133294,4.965226861498795,True,False,False,147
0.6401397805613468,0.6352444405547026,0.6411738148693608,0.25430897338048714,0.23092052236684205,5.7819814780764105,4.686446514879172,2.2360166055136306,0.9622491177376314,0.8883508253822452,3.1996948600041524,True,False,False,148
0.2582208600961733,0.24518290584902735,0.26707940601663405,0.007013509880982803,0.3613308905280875,3.5295458684809398,3.782258385208357,2.044248585849025,0.999329299739067,1.848043255403109,7.687188006073939,True,True,False,149
0.9499730196799487,0.949372511497638,0.949629682260899,0.2469325261127742,0.9630792523889571,-0.22901569667457958,4.888776990982706,2.3754085678398633,0.994687222918821,-0.10033557470417609,4.060869701213603,True,False,False,150
0.04825071258862802,0.035967095366900154,0.05357912866191102,0.05022773483108502,0.6947205584373536,1.776696523369858,4.465192949940581,2.18301643425722,0.9877158526109205,3.449310657985585,2.810013668183463,True,False,False,151
0.17674639172384124,0.16215409710842035,0.16897033991717697,0.8580459626551208,0.9424855038637749,-0.4288211487891639,5.873089787217795,2.140027185180305,0.9669911483011864,-2.4977099897952266,4.101494624614531,True,False,False,152
0.06604018932193612,0.052486016725169345,0.059955616909305134,0.8227375262643668,0.5975074540827015,-2.7255381357113113,5.083795649201824,1.949413415947857,0.999329299739067,-2.8157252621663704,3.5288007163245405,True,True,False,153
0.6787279262266576,0.6744614911987741,0.6753237432009557,0.20958663014904225,0.598601648401678,2.3610515275962523,4.41721151599596,2.062725188507126,0.999329299739067,-0.6848992914197201,5.252423260922856,True,True,False,154
0.8561906759146182,0.8544307854050649,0.8576463291361662,0.16393733805734007,0.9372209556093563,0.4626066149351045,5.803465574171303,2.12729678596333,0.986767874863654,-0.3121903345152104,6.1913454119200395,True,False,False,155
0.6854581381998963,0.681297783419809,0.6931762476388454,0.17932288931270599,0.22822688208727615,-6.675214833864658,5.378134852283352,2.291028804047324,0.9830485047631817,0.7112303400014186,4.653760652763497,True,False,False,156
0.9049534752859212,0.9038045612451602,0.9024141306438587,0.14854114022451959,0.8786711682050894,0.890816572371441,5.7648643118823175,1.9056992060879334,0.9838168209382965,-0.2632455793635424,7.515154239415754,True,False,False,157
0.40246782727641467,0.39282443750655727,0.38969553268331875,0.533129115925013,0.4612644804197253,3.329694752240831,4.436472890357593,2.023815391998321,0.990641553364176,-1.499007423301972,4.482203196993545,True,False,False,158
0.39409692421669984,0.38425991636879675,0.38955266634425495,0.5658813166974911,0.7719639490672948,1.9582047592047136,6.670188132687156,2.380627061230957,0.9331398674745188,-1.6165513373459413,3.9759678221695243,True,False,False,159
0.2879697722926632,0.2756175481783991,0.2761068454966236,0.324632982473522,0.2700611448651979,5.295046087087777,4.674242404417753,2.2229653196047447,0.971626560072272,-1.9419345711497833,5.898657016718732,True,False,False,160
0.4038120038682146,0.3941995763857299,0.3887761951795349,0.3444262170151353,0.8016881151142584,1.0711567923834493,4.2111090244806215,2.2259915628495657,0.9964010351924876,-1.3675426691005024,5.134331289142235,True,False,False,161
0.9610169812420318,0.9605495360968773,0.9609038707499219,0.13852084266054357,0.5876836107611266,2.989957890359156,5.429860423739547,2.319553916332867,0.9685545579352097,-0.09320837627423639,5.649313701978853,True,False,False,162
0.3047933144759208,0.2928388799417293,0.30041759553757724,0.1918330980522405,0.8739785806529863,0.5742133574219641,3.576434562989025,1.759698829869352,0.9984750538942603,-1.611907398347439,8.161898257360928,True,False,False,163
0.9951319604860833,0.9950736819182819,0.9965335760632344,0.2931454232783669,0.520128352601562,-2.4090228357010166,3.6827926454567055,2.181638277006685,0.999329299739067,0.006643368789367887,3.5311257973622396,True,True,False,164
0.611492754970043,0.6061065217452473,0.6113936614294292,0.03663398619436228,0.3390299328366126,4.704869658158238,4.80889930195869,2.6911673493601223,0.9337599646681505,0.8999059414046737,5.617669411408141,True,False,False,165
0.3226839448758575,0.31115611848758623,0.3177097954791911,0.6690299596663832,0.6471963417825344,-2.9484354173507494,6.3500115595242566,2.0396229235665846,0.9725629389078035,-1.7296907097692056,0.8054155496155108,True,False,False,166
1.0,1.0,0.9992334974860894,0.07385479666175988,0.9936042745424603,-0.054674464931787896,6.740026072903721,2.2503352319010728,0.9889053874752011,-0.0017718597683131776,7.3443853688758285,True,False,False,167
0.8755288180372844,0.8740138750832251,0.8743861127592132,0.4093577765452583,0.9110916540007215,0.6595332854090298,5.835774952930404,2.176720680460323,0.9658362083972902,-0.27800008196113035,3.3613125768946563,True,False,False,168
0.5579182181809955,0.5515552423979337,0.5604216204190969,0.08633080387866846,0.1830781576624038,8.193123158928664,5.950874374250162,2.0835382365932595,0.9969053679057132,1.1758228675706528,5.636712203437973,True,False,False,169
0.3457691339463819,0.3347927373454592,0.34828422355018357,0.06399799740039215,0.34416174000651073,3.8098911416001573,3.9366736532662125,1.8787135604195253,0.9877533649333603,1.7449670039528433,5.269347213005613,True,False,False,170
0.4913351030456393,0.483646741762615,0.49032856121570007,0.2868795360354185,0.7726365465362895,1.9515624792911108,6.667828066231606,2.128543782442562,0.961014370550303,-1.2994777870944958,6.090144188996786,True,False,False,171
0.9137058847872822,0.9126645339733904,0.9135460865851082,0.1986943207789779,0.3476640751492674,6.075794905360921,6.324731852612972,2.1527967238697205,0.9878481203648284,0.2004402347050993,5.00971598380729,True,False,False,172
0.6389594492339552,0.6340442977242902,0.6428785606734798,0.34000219702307244,0.2238051216391692,5.103917999497134,4.071777295711321,1.800452626863456,0.9816185978349261,0.8660999896179757,2.8163996043685247,True,False,False,173
0.2761443731138349,0.26351610488837934,0.28800217168974523,0.09048962617970882,0.6395139396368886,-2.8346336326958825,5.964498329199882,2.389562750757986,0.9948195658110867,2.0310285286312673,4.235560779562453,True,False,False,174
0.3608557298443177,0.3502381575725978,0.3768678776670623,0.045055488250573,0.9249316007918488,-0.4599201066148163,4.822897428267352,2.1638040042296236,0.9857345099560205,1.6169048500291154,6.486876583791615,True,False,False,175
0.8629616753052493,0.8612879910893516,0.8616325833799634,0.07901247908612105,0.4010887102198737,4.8796112766837,5.693451701024393,2.2497700576679436,0.9989072522793878,0.27108576487445024,6.05435387661907,True,False,False,176
0.6144750727588091,0.6091409369208826,0.6103910116023491,0.5772455925915027,0.5175688583596877,-4.486563250125463,6.8165418595648575,2.2432449207151515,0.971754102934141,-0.8661153397697277,3.063009068328231,True,False,False,177
0.39485642258453413,0.38503703721041416,0.38938061332002066,0.2878123040617275,0.7669190077568918,-1.1847512958458413,3.9455407958921342,2.1834916955840056,0.9766127134316337,-1.6734896167865694,6.579666674189033,True,False,False,178
0.6492437782751104,0.6445000764513475,0.6465614306850902,0.3901361756453108,0.7622356342067904,1.9246413845283534,6.279237027557678,1.9296210014817408,0.9767190893888078,-0.8559332369344208,5.003357862075051,True,False,False,179
0.25590396369605556,0.24281403547007932,0.25391513847409775,0.39317422073653213,0.5919882166241924,2.8921291318970153,5.313772858401841,2.0796097394233177,0.9774645202768392,-1.9902876301325838,5.911565449833432,True,False,False,180
0.023416648801990014,0.014507460410818676,0.02623432510932719,0.0026432326754748463,0.05514714151107916,6.4354757424231055,3.169214805646409,2.0763115437285333,0.999329299739067,4.484238033918638,6.580643834379429,True,True,False,181
0.15163145789596053,0.13676825547779206,0.16688855684973192,0.03813665762467922,0.4741426528582032,2.7752206086076403,3.807657750454666,2.5358486964851767,0.9883430216958212,2.522067693427467,4.831497023728846,True,False,False,182
0.3752180746730999,0.36493979066201243,0.3764102822879875,0.027287167337969456,0.7930860276366862,1.2676587485633442,4.771600181177065,2.366514038631585,0.9881108989792442,1.490820061156982,6.637019158245339,True,False,False,183
0.06577175949253128,0.05223234792975121,0.07811515904122568,0.04492957764158118,0.8525790364242706,0.9316145815960724,4.951912507809972,2.239200188255654,0.9818838024667468,3.385904741330868,3.270052433658322,True,False,False,184
0.08636667532734991,0.07197896688157833,0.09772814424975576,0.008651970856204894,0.15489057785792465,5.153103291126837,3.4922269012581206,1.668168765587801,0.999329299739067,3.276568149471112,7.239861396114018,True,True,False,185
0.4463803907862841,0.4377277978572055,0.454284538398396,0.03362180157241938,0.4777679897035437,4.617266415841388,6.387906684548406,2.1518647551887122,0.9740022440577294,1.7259651943408798,8.167245723887898,True,False,False,186
0.6475759818327125,0.642804654881064,0.6435319315696533,0.5918225325673867,0.4345809970645095,-2.973380793819655,3.7324542703279984,1.895198236372159,0.9743711112262802,-0.8042418917274423,3.442920496513663,True,False,False,187
0.41774411679967205,0.40845038289742563,0.4145486479159398,0.691472993963309,0.5153412457503426,-3.5914576455130276,5.427387125183603,1.9404060231868394,0.9797896289110265,-1.3993551769962211,3.7683184201802145,True,False,False,188
0.982764056559242,0.982557652639564,0.9768841203935245,0.02567682267650599,0.2791599219002037,4.358964523886773,3.9237339450858735,1.9852688015254658,0.999329299739067,0.049825401147145953,8.898275499347065,True,True,False,189
0.8365190234193801,0.8345057301205001,0.8400518196098473,0.17061621841074456,0.22580519948274475,5.206352764693365,4.1721061894425215,2.090519995111242,0.9932892578965785,0.3141315676870766,4.351917746493969,True,False,False,190
0.9005002229080368,0.8992963680012815,0.9006581007498291,0.16051027510261545,0.9110028117199191,0.4403365359850781,3.8923406572540546,1.9121417526718627,0.9477257572820439,0.26475856426016353,6.118982384727953,True,False,False,191
0.09234663550172496,0.0778010467847635,0.07988525904707094,0.753697924767089,0.8650684113495037,1.0689321449233626,6.213982875790889,2.109799367792269,0.9932233535227017,-2.9217455904462906,2.9977954316106663,True,False,False,192
0.6187208665600196,0.6134604967702368,0.6080333603413229,0.20927670217576333,0.4613557529182915,3.522234480118744,4.693980764765096,2.0744183241916634,0.995314607554862,-0.8980424195609711,6.3206016249970345,True,False,False,193
0.7981532621525187,0.7956313538234361,0.8009541941990982,0.051152138232420465,0.5249933637527692,2.7561687995282194,4.263572012035084,2.0059002973521385,0.999329299739067,0.38848315388115395,6.890122616837324,True,True,False,194
0.8084351104455857,0.8060515443827097,0.8099845690672357,0.1587537770944891,0.36827833574247826,5.272685817902775,5.734324612474801,2.3249033608879115,0.9716046210391959,0.46907299971252936,4.828324177743857,True,False,False,195
0.6806994938033446,0.6764642416955629,0.6826535465025755,0.26091540146119846,0.9432532866441077,0.45995874886597293,6.384937723051655,2.142216116484069,0.994199762460761,0.6968252790838854,3.436010384031739,True,False,False,196
0.4292357813793157,0.4202016821438119,0.4226934698292476,0.9050169342703029,0.7596248646837299,1.42288176048133,4.59010893015906,2.245955717032368,0.9906941157345136,-1.299940440532923,2.114107238922738,True,False,False,197
0.4858717706666791,0.47806914123493993,0.4730328099852633,0.6604641848802936,0.7449445187386922,1.3242482453658566,4.017372006013295,2.143679186964387,0.9604940183692253,-1.2909229401313995,3.3409081889136765,True,False,False,198
0.35900464648456476,0.3483431626097663,0.3688224798939648,0.10793283687759023,0.8427090818440073,0.7044184074749347,3.506296952120117,1.8361060577555446,0.999329299739067,1.6131161907445866,4.2505085074166065,True,True,False,199
0.09169140505872125,0.07716151984259523,0.09572408479512005,0.016762313487499476,0.09106226918386666,7.379096184779408,4.166444608423126,2.019362793557771,0.995706320481069,3.286645988999319,5.736390088445853,True,False,False,200
0.5141675984636155,0.5069477923991517,0.5117034928451895,0.31027249652975697,0.3032495678848855,4.76172173107403,4.511919588044273,2.3249392070386508,0.9709470753091319,-1.06716778262187,4.6548968823713395,True,False,False,201
0.19968998263424895,0.18545746898401533,0.18688236114074094,0.7026281815629268,0.4405381033594424,-3.531681955658994,4.4921494658718615,2.0609000055899913,0.9923264553838447,-2.0424728061056245,4.319002162070253,True,False,False,202
0.8312955989565243,0.8292142311822186,0.8312470316338963,0.1926109231967816,0.43163266938075756,6.487837379902387,8.09130593162198,2.1125823840978124,0.9970285562321565,-0.3354873823407214,5.458202783695936,True,False,False,203
0.23948502831568466,0.2260351537252961,0.23063555961558027,0.5387659399484248,0.5544857141689068,2.4447129998626904,4.06995303566337,2.0882944900410467,0.9723372690070443,-2.0935834909177338,5.054136158494567,True,False,False,204
0.015803750150975616,0.008650047836169645,0.019203788596000627,0.0009644585817232652,0.009106896899399487,10.71741285153973,3.7305701703179404,1.7737280393939374,0.9795062060096894,6.025725438387213,9.613689065127922,True,False,False,205
0.9359884743262178,0.935218782523489,0.9359767129813932,0.08934280081633203,0.38288445183423586,-4.494487287275616,5.042808171432323,2.561583804037625,0.9440403378747152,0.14453646651115548,5.861526308782989,True,False,False,206
0.1397808209139664,0.1248512910935046,0.13635737823286428,0.6166879527200471,0.6676494850572833,2.9395305792505613,6.749924376274319,2.610277830781578,0.9944376173211831,-2.1563623343145646,3.995890935675723,True,False,False,207
0.023212177803174226,0.014343742733332233,0.02290423814802746,0.0004100250696124419,0.09338659717621434,8.43555544915769,4.7994941569857374,2.5714920287148897,0.999329299739067,4.408575463177656,8.755078020129055,True,True,False,208
0.0836945467520352,0.06938857474494341,0.08332586369399027,0.00725727430475875,0.048800553506543824,8.228177502621028,3.9337668740792235,1.5795769374572366,0.9966444397405819,3.8786897930619118,8.385694028723936,True,False,False,209
0.47747790272287505,0.46949811242236994,0.48197965941106385,0.02476381451551885,0.26081488670855024,4.9086185970749945,4.247595332758993,1.9709801792300454,0.9972852562161892,1.3451321946992962,7.304456285672247,True,False,False,210
0.46357176277451906,0.4552942655480582,0.4662666501036603,0.028949965472526214,0.959539533339711,-0.2992280876224401,5.828321209609497,2.206823827547524,0.9865344998992376,1.3340911705932053,7.3322771920544785,True,False,False,211
0.5046967425706353,0.49728435241528035,0.49960905684329004,0.5440138235697864,0.5191448318677506,3.0236451490776677,4.61141202048215,2.1548091959463473,0.9828104810001709,-1.1898669585901787,3.7319078527199823,True,False,False,212
0.43658978704414947,0.4277202120443142,0.4287477341721987,0.18333425519185384,0.7747884524670078,1.7886661714650975,6.171425189802035,2.1058014716928124,0.999329299739067,-1.3652799701148588,7.182109742413741,True,True,False,213
0.22195066349071818,0.20813698121712632,0.23180826574553146,0.03674053077207184,0.6264900854468689,2.525405416572618,5.112996497090645,1.905484351482246,0.9778649450739608,2.4804375983288303,6.672016113359737,True,False,False,214
0.4205065359959573,0.4112754899369284,0.4157113263927237,0.6514757059026349,0.9850407109759582,0.10195610574194616,5.373370962488594,2.2273798507484184,0.9827035807655329,-1.3406329401173571,3.4637968537143475,True,False,False,215
0.147665945815962,0.13277543374030235,0.1655659794211162,0.008112530143325273,0.2937566973285398,5.105689524537055,4.741254835536756,2.113002525561239,0.9841128412976154,2.8290579422637343,7.937717859173727,True,False,False,216
0.6108878863965366,0.6054910582827423,0.6145938565135122,0.12625121605233142,0.9556789666143272,0.31937080068821655,5.67828716274751,2.1093446529721547,0.9780057413916903,0.9747667745459916,5.28413985350257,True,False,False,217
0.6321573350536865,0.627127326345728,0.6236267023580647,0.9004137012997443,0.5453615176137118,-2.333454547115923,3.7961361786763796,1.9894067246255895,0.9679075791219786,-0.7817269643829459,1.6274311624065434,True,False,False,218
0.5754583476549253,0.5694238086531127,0.578198926853081,0.1802963864201172,0.42445241327841543,-4.138819243384004,5.080900778021262,1.8553687198259436,0.985937780741748,0.9126573504056164,4.186146129645188,True,False,False,219
0.789551071601672,0.7869121838070205,0.7875940908930071,0.08840843234617936,0.41064403414665857,4.88372142830779,5.817412075188989,2.298852042231124,0.9907157188086084,-0.5040371033260023,7.339364826426443,True,False,False,220
0.30812252099575577,0.2962472825406447,0.31661207272707154,0.04381763250756206,0.29221664107511075,4.459153550044119,4.127319572994123,1.8214773227653813,0.9735806347274618,2.131895362777138,6.816067713384097,True,False,False,221
0.5167507202277443,0.5095830024011703,0.5110452832353701,0.08003804791054533,0.1644260010403281,8.343112396535314,5.791185056066952,2.2636970463062935,0.999329299739067,-1.1153298075191724,7.5294580014594965,True,True,False,222
0.6182120667904913,0.6129428820199595,0.6151645955534112,0.26718290127529143,0.49616290610824915,2.59138876143725,3.741659734839511,1.9871069045310001,0.9924039987560116,-0.8743164629710156,5.560087651336309,True,False,False,223
0.19476551860637098,0.1804486989747176,0.20730152158576123,0.05203853027871088,0.052570324936403755,10.254856796641144,4.991142811286083,1.949886633168942,0.9923529608190714,2.4493047549827147,4.753796047773775,True,False,False,224
0.5181317337605424,0.5109917867140648,0.5256174867964931,0.4893108019657601,0.6887227211482861,-1.1223902188611832,2.763311557068735,1.7369732231751507,0.9667241080027883,1.3304091819970898,1.101941861647888,True,False,False,225
0.3709878370926007,0.36060990330860343,0.38059876283285415,0.11062922856739923,0.15621036228406232,4.336840159776302,2.9489181167334726,2.0961681381733177,0.999329299739067,1.4879812421052518,3.900267282823227,True,True,False,226
0.053983305578698904,0.04121808790378954,0.06476586611258683,0.006423693478807207,0.1319616146375155,6.1155927741918275,3.901686072525426,1.9795767703311689,0.999329299739067,3.701715745781887,7.167757161617207,True,True,False,227
0.17333181103605533,0.15869405429462807,0.20047161699744975,0.11743500399998202,0.3191016415035813,3.966572323144534,3.8868657524501433,1.9593729260462596,0.9820815447829238,2.586938235675216,3.0378435520127836,True,False,False,228
0.8214658325019598,0.8192553977304775,0.8198170626947426,0.36648318225940363,0.9357573301727937,0.21815348124928302,2.674275127211396,1.7854379390014623,0.992810634025518,-0.38589997357700057,4.824841547168016,True,False,False,229
0.986757063311297,0.9865984972787794,0.9864447607453031,0.2659804986465234,0.3716845924149942,2.5844418850226787,2.8311888872686177,1.691396511397108,0.9932769384861655,0.03470617169243173,5.462458467680026,True,False,False,230
0.19198576869740722,0.17762292933648216,0.18227510846061495,0.844461804193443,0.3943721351327494,-4.377741806187368,5.034439731662388,2.129859651545057,0.999329299739067,-1.8730715808083183,3.196912978549329,True,True,False,231
0.13251298679052836,0.11756755519001051,0.14039316293453316,0.09044669881277886,0.963297957694985,-0.21904281098583744,4.703771349103218,2.0034771926781803,0.9499076207919817,3.094824700515699,3.0351352952422253,True,False,False,232
0.8956961355296809,0.8944328406255979,0.8966186459431427,0.1783373776493255,0.2593282321462353,8.924664941564815,7.698017257379002,2.25995364137782,0.9887712699435172,0.22470603544722234,4.675400811822756,True,False,False,233
0.1076701518974675,0.0928544789574731,0.09387390801292869,0.7449708735639594,0.7257769312187,-1.4290346594018999,4.020031816360873,2.4269268592341398,0.9969937856708229,-2.4576209997094707,3.9789922290599,True,False,False,234
0.9955551984889441,0.9955019870136406,0.9938009699510423,0.0888626580484505,0.7011882000280303,2.4984032617126406,6.422533546363301,2.491027155793207,0.970997484698393,-0.014829897125252067,6.6267838952692895,True,False,False,235
0.0026906626238555414,0.0006709827889367088,0.002483918092813237,0.3843959190099429,0.41710633976658557,-3.1185965814349226,3.767446145141308,2.629664412364314,0.9204724922599755,-5.879741556083581,4.335122820185632,True,False,False,236
0.5798344375469238,0.5738805127328351,0.5887430686330792,0.13257324790298972,0.9102069192777117,0.5242035271459559,4.592424201935481,2.2287612082822084,0.9384170630352819,1.0649032524323472,4.890685039696473,True,False,False,237
0.5768646218810275,0.570856046060737,0.5829921692343552,0.27722851381337643,0.8944963351718904,-0.6632519629627512,4.941042303978195,2.024663410510877,0.9863520262180455,0.9526875077000856,2.813481380485672,True,False,False,238
0.8923725938718741,0.8910680694076227,0.892851258529456,0.037098820186549926,0.5650650240800703,2.738794412663881,4.6851438607431515,2.0234816689190946,0.9927451567068896,-0.2413739194740323,8.824866176688598,True,False,False,239
0.3222070383323268,0.3106678170890921,0.36432605576114047,0.04462099335159345,0.24912150138096115,3.77270319609375,3.182788643385042,2.2406255560084927,0.9940517951801283,2.1142525561811274,7.459827446578746,True,False,False,240
0.10579685470960885,0.09100509048682019,0.11180601386218107,0.001199876628283089,0.009594899413998105,12.213368419155525,4.285804040591074,2.0775994105729607,0.9932120832710652,3.1201061407919273,9.255337319857766,True,False,False,241
0.7536918833208264,0.7505521852295035,0.7530414318274076,0.13705532784882332,0.19887938352601034,7.021692190142869,5.29289898784683,2.6524563850786156,0.9856288785527241,-0.5415118221255089,5.332179326942617,True,False,False,242
0.18598801182977212,0.17153003475247147,0.20007794978882246,0.08727935859556944,0.7342603298810827,1.7767357445439427,5.164795738212626,1.9101967833962985,0.9928453027710858,2.4085359311089753,4.197387971347057,True,False,False,243
0.11366626680092795,0.09878892544078209,0.12759878564717184,0.008268714163806062,0.14098228512784544,6.920663756142061,4.523794296344611,2.275978349614007,0.9812659370168111,3.6017451102868954,8.694391614135375,True,False,False,244
0.43166664605079147,0.4226870738114269,0.43335785247800634,0.023172769677050557,0.05587174160368044,8.425151897916319,4.162508588946257,2.0555239037453217,0.9507390631061889,1.7744852670244038,7.543118778359457,True,False,False,245
0.4113932481816546,0.40195475350602694,0.39718147069418785,0.3702785151402252,0.4218649768709902,3.5716030605291786,4.359795925271291,2.1322955314698486,0.999329299739067,-1.2707757163001316,4.743690746948705,True,True,False,246
0.18462038797223537,0.17014155780600795,0.19555489608098606,0.03299312519583708,0.07914280152689683,6.643093324950796,3.6000024047223182,1.835033390637577,0.9962544784190609,2.3068285768510224,5.410598003983186,True,False,False,247
0.2949984568206382,0.28281184400197334,0.28245839438715625,0.5903840281925731,0.9724072539687454,0.12237095360736977,3.495927011789749,1.8701059026115419,0.9827623376437793,-2.017799976127023,5.438099980427325,True,False,False,248
0.5642460080934507,0.5580025057553217,0.5608095413175836,0.5341015595246278,0.39459965615824766,-4.089584578934904,4.705360328659384,1.9953314747162214,0.9659072054131166,-0.954558821210505,3.780506661043465,True,False,False,249
0.1617284537644574,0.14695536809750448,0.1757340662628582,0.10893375973591167,0.44512375191722003,3.3219179352405748,4.26864862605578,2.300314896991024,0.9956952399828829,2.195409100686176,2.547399467970658,True,False,False,250
0.7699081775188,0.7669976922560021,0.7718789908415755,0.18209323914874626,0.9511254925229342,-0.29741834195537364,4.794745014781666,2.090514456610722,0.9989118250561092,0.44679576258263154,4.22393740790963,True,False,False,251
0.821985576301137,0.819781998139724,0.8189853402652301,0.10212589040129703,0.8526109962222234,0.9512178426891333,5.0572218603056,2.17593996044513,0.9941962064645632,-0.34240482736649547,6.028305228955992,True,False,False,252
0.6518348983291076,0.6471339794242446,0.6553588510706512,0.06926948768610858,0.26533243368931575,5.030698274091784,4.395905572046539,2.0990036639520695,0.9985169324944285,0.744172406125367,5.334667138226881,True,False,False,253
0.0843343213211183,0.07000811387249382,0.09465797330659735,0.00253161614061671,0.02501349060523668,7.408641301906628,3.06954985774683,2.716123981128325,0.9843357105726347,3.424153121496312,6.8013691445463875,True,False,False,254
0.8694712055728636,0.8678799440220876,0.8664514983354556,0.056122529175709625,0.25347415087000325,4.45871620697311,3.7973591781693643,2.0880910512349087,0.9955788191804691,-0.2656942608007107,7.115419280017906,True,False,False,255
0.9922703174413882,0.9921777766242207,0.9917817485801992,0.48746229660177204,0.889929369504185,-0.5031737122860296,3.5919705516358484,1.871762497485761,0.999329299739067,-0.018002718163310227,2.899076929720553,True,True,False,256
0.4800107786378731,0.47208465024652313,0.48636539617628693,0.3196033732556702,0.38774060140157346,-5.58902525534267,6.336482858739281,2.2407525162937754,0.9931461765216856,1.1319466053830727,1.9805812426410374,True,False,False,257
0.6582554403899163,0.6536598255702076,0.6640424374627668,0.11967984412212274,0.4467015114115809,-4.2843624617909635,5.524786806189531,1.9611012817214655,0.9774590183721654,0.8076102052401666,5.776642349480796,True,False,False,258
0.0868552908656227,0.07245341292219817,0.09244697160901974,0.010161002078514652,0.2689212427296161,6.720014425978289,5.917619132320309,2.016141376660277,0.9954691918581563,2.888268041525847,7.218939648038445,True,False,False,259
0.8075872627740934,0.8051923481063251,0.8068782182950958,0.309712783110071,0.3333402192054758,2.5203652321050067,2.5452603461907755,1.8767748907445385,0.9802317657633849,-0.4977168562023717,4.969230996739028,True,False,False,260
0.39250522194220644,0.3826312474365211,0.39961927460757474,0.10170677628931303,0.5505641650665513,2.3421496678740836,3.860578742256992,2.111055130135755,0.999329299739067,1.3045709205486995,3.7308419939374375,True,True,False,261
0.9426288724989415,0.9419396233765968,0.9411295655104692,0.27472815360672836,0.9230913873613713,0.5072441857018586,5.191473018795223,2.382752262475327,0.9845865680919615,-0.12883631196353784,4.0024368659394085,True,False,False,262
0.06840979070859775,0.05473018537206379,0.06197901878039288,0.9503443778699242,0.6429815663550337,2.0190576104661706,4.293038586455861,2.2126505141615787,0.999329299739067,-2.773509960237669,3.473137292991902,True,True,False,263
0.35944863243867614,0.348797684205457,0.3739736637317719,0.024467381530440948,0.8278556045788416,0.9045213658388027,4.1080574580126274,2.094550147327866,0.9871819285242863,1.7102573670103034,8.533097061348187,True,False,False,264
0.32989016191357245,0.3185345602977745,0.3192464827434579,0.39069230864139465,0.4787537401924083,-3.81475660521632,5.28963053640721,2.1871254842678143,0.999329299739067,-1.5453002770555884,4.977962399738113,True,True,False,265
0.47311369750718224,0.46504103741058267,0.4850793092557837,0.18495930293451268,0.905566169485048,0.383010217324201,3.189793983392236,2.166817421463762,0.9730422571856402,1.3986500760057545,3.9256340026835037,True,False,False,266
0.4119167685310246,0.40249024004358913,0.41267537926008097,0.04459688611297749,0.2798101438341093,5.136559529760327,4.630124642908831,2.242563569800974,0.9624312379362867,1.663363947754707,6.623493187796312,True,False,False,267
0.34105265026000214,0.3299637240820784,0.33989122411558714,0.007526654673668005,0.17485639509538736,6.018431225129987,4.285809558115135,2.0430430943040965,0.999329299739067,1.6086046001403158,7.528830643505299,True,True,False,268
0.5442520317945465,0.5376272028129709,0.5362805496381915,0.31896044656261685,0.765118353924188,-1.9763402052312902,6.5296663415807625,2.1961769497512833,0.9969985871395266,-0.9753229190674118,4.826558710837878,True,False,False,269
0.1620348678785757,0.14726494389236539,0.15138418862411054,0.8323822118297627,0.7834894195833565,1.4307596456392373,5.140716267323276,2.206671767252534,0.9709847327930425,-2.433958102863391,3.904124759115085,True,False,False,270
0.3094441119042396,0.2976003429122098,0.31808868975516874,0.010856096698089816,0.08289256973305258,8.735027841250584,4.796929235480258,2.0152072881275296,0.999329299739067,1.7398977551165427,7.484351833993201,True,True,False,271
0.3378300147192689,0.32666413707120945,0.32332636754944527,0.8752693950781468,0.9357623195397778,0.3043347609081193,3.7310348560267603,2.0288537999000744,0.999329299739067,-1.7496812070711734,3.1280726827260272,True,True,False,272
0.1352096741747705,0.12026773603889063,0.1224371837587516,0.9797136601291326,0.6986396192498472,-1.236666690258523,3.150691612508367,2.1063189653506558,0.9862565191375271,-2.330435220193555,3.350663189938359,True,False,False,273
0.5952298174661734,0.5895553358160828,0.5964786034937096,0.053018634777653166,0.20143914188982354,5.5611953615526835,4.216873697310773,2.040245600984056,0.9745375366366407,1.1953775916826963,7.13943453038222,True,False,False,274
0.2766538908024591,0.26403743669010227,0.2640602940898518,0.5680449897294875,0.7845179200215923,1.1812243877382034,4.264948304039856,1.7765461732460626,0.995482052232212,-1.8937668570178299,1.137183397598488,True,False,False,275
0.45133790922670325,0.4427942671889108,0.45792575175025707,0.12878652937235752,0.8913063466381094,-0.714404519681756,5.164917737934749,2.283589564518104,0.999329299739067,1.1148740882911392,3.667240059325336,True,True,False,276
0.24070351292289785,0.2272797848404052,0.2448763658710953,0.01897517110128631,0.21994441127727843,5.302200587826324,4.193491580217134,1.9144889440554178,0.9927737881584244,2.1375541442421264,6.814872803449518,False,False,False,277
0.6372674014499271,0.6323237882441484,0.6336554036394297,0.7646387280638746,0.7890604787583643,-1.1120341663583113,4.103916747105452,1.751331667374596,0.9840434113855762,-0.7906637417920357,2.7112082808191076,True,False,False,278
0.24840102323484972,0.23514466810260354,0.25185070806594584,0.07715411755342051,0.768343120633815,-1.394239773340092,4.672648502138065,2.040946917042557,0.9902879443146997,1.9533332739916696,3.971113364380715,True,False,False,279
0.0074142047190163835,0.0030415662932181506,0.004806213715825878,0.99399318850678,0.5274724262755907,-3.9763481612458302,6.18842814285627,2.4817741458520475,0.999329299739067,-4.618389047239993,5.402801372717445,True,True,False,280
0.1054958680367865,0.09070816213231699,0.11576474661207639,0.012194907484416203,0.2984959380137586,3.6554231358862586,3.428877703419581,1.931684834279683,0.999329299739067,2.8479161520676977,6.458915971930061,True,True,False,281
0.020678199738525235,0.012341228667301073,0.016113278170714056,0.748632032542576,0.5589192750765235,-2.4508103309504654,4.126599347286318,2.0242492269791654,0.999329299739067,-3.6712605437588937,4.398350785356002,True,True,False,282
0.9626851985595974,0.9622378183322446,0.9600033430385226,0.5795299666339266,0.6189665251651866,-3.629412273529352,7.190027380021408,2.1172585830370783,0.9840241408976668,0.09152913014962039,2.2071368542204532,True,False,False,283
0.385677843614511,0.37564478882441454,0.3725333629195367,0.4725923075365386,0.6614047536311609,-1.4960323075035107,3.3675310952739,1.9155144993322861,0.9755090197604496,-1.6244253335241714,5.544658246680605,True,False,False,284
0.11354873217787234,0.0986723923335118,0.10374322043615702,0.7963123444811765,0.40789494715683694,-3.7429286021510793,4.43199493789035,1.9807813617537677,0.999329299739067,-2.3664906744562164,2.7635382048829067,True,True,False,285
0.23703562593375357,0.22353350063684724,0.2240869687624278,0.3134448835415751,0.38057956558752537,5.365068319283531,5.989982590136729,2.2268234014526804,0.9976999220425725,-2.1263122187583585,6.423373252012144,True,False,False,286
0.19143653326785837,0.1770647412318385,0.17889204907037567,0.8724073853935194,0.9748710940041833,0.25866554229089334,8.114463061218771,2.4568642716487226,0.9936813104210773,-2.006815914963101,2.9288416110414257,True,False,False,287
0.45570594097564654,0.4472577722496869,0.4660386224568461,0.13374508360785922,0.3414700557170256,5.837104898376984,5.997068145837175,2.266355801208656,0.983419570809777,1.3862221129919652,4.04310839781645,True,False,False,288
0.6782261026404854,0.6739517163127405,0.6745178257405068,0.34022502357833706,0.5706700708145902,-2.5766594445352156,4.47258058206435,1.7921619712881125,0.977585304419435,-0.7533594919448854,5.760243903983728,True,False,False,289
0.10996644283451126,0.09512454716958384,0.10907463720888712,0.3417270065963477,0.650752685982803,1.318410766912575,2.8706105348242352,2.664720993255213,0.9828198818231011,-3.1967269618055854,6.102450545062185,True,False,False,290
0.41478506777491764,0.4054239954321719,0.40175392697224466,0.8329316535029821,0.06516238431870142,-4.693504344487573,2.411895139467364,1.7084309584584743,0.9884764420606138,-1.4990099086151218,4.009959519035709,True,False,False,291
0.9215171513084683,0.920571364923295,0.9230398941420589,0.3399244577038776,0.8890541266238888,-0.6296233809020639,4.458945114676701,2.1969265826272952,0.9918936122652482,-0.161710836791511,3.5870379844169604,True,False,False,292
0.5281548964237777,0.5212148926950169,0.5311903638433668,0.04262634063312882,0.3375167839091823,5.577162153055138,5.682251411708013,2.182778763458493,0.993215625874437,1.1432033622869717,6.436542675210275,True,False,False,293
0.4837539068623313,0.4759067599618634,0.4856481363580328,0.06206517550086555,0.3522334052195964,2.9444818169689646,3.0949554430940407,1.7049492676066944,0.910430848988975,1.5403694076396048,6.198296865312491,True,False,False,294
0.8252299282598091,0.8230690682058504,0.8246880337624974,0.26930984176913664,0.5508006051698032,2.32941830333887,3.841892290857998,1.8924187954412521,0.999329299739067,-0.38269665378516127,5.159209239290732,True,True,False,295
0.9151339486085602,0.914110098274246,0.9148033455518966,0.05478713501068341,0.09904488426164693,7.7233335194946005,4.474873763117289,2.277561984683625,0.9506178204055394,0.24427327280947164,7.3829395524838155,True,False,False,296
0.7518814457856781,0.7487158632674413,0.7475018334473392,0.35374733616841897,0.697082581212245,1.0432125183802454,2.6434032041504407,2.2173351144714752,0.9931770028148035,-0.4914089282348315,3.607971711523626,True,False,False,297
0.932498553540508,0.9316864982721322,0.932552303677358,0.8991758631501091,0.6685703389247452,3.4847919831901653,8.0257405719971,2.15852017989895,0.9932712882743991,0.1314952265490758,0.3044112118677317,True,False,False,298
0.8533542087519622,0.8515580563983639,0.8530948205442999,0.1526462793713633,0.6904327911286904,1.862453351270741,4.612167083360364,2.284426729755846,0.9907411313066399,0.299415066596052,4.644662661146734,True,False,False,299
0.8371556769549233,0.835150657374711,0.8396437795531291,0.21363116653049244,0.9278767840551408,0.3613323788937133,3.9442797158862852,1.7106386418970827,0.999329299739067,-0.3550325272722379,6.693327334587087,True,True,False,300
0.33577061328004326,0.32455554001441567,0.33074217928139793,0.9815591148900751,0.46769447718240287,4.135434883414667,5.590987581638796,2.2167706294072937,0.9781479461115666,-1.521197456127759,1.9308350128512564,True,False,False,301
0.7189131961223678,0.7152652594617366,0.7142127138061143,0.4016719918201965,0.4904434871956008,-2.88873534673527,4.1155469210449525,2.0358419826880385,0.9815857906632968,-0.6466306014483636,4.185985848716354,True,False,False,302
0.27923915061366555,0.26668276004451774,0.2622898510214353,0.5395773499617401,0.9724943206598838,0.13124844034879624,3.7614153904393386,2.2848257313024183,0.9860122845766126,-1.851215115132963,4.347324994659802,True,False,False,303
0.45595843386038265,0.4475157688411191,0.45030254728248453,0.06971813442184739,0.24216022164209366,5.078308160592477,4.219480180248222,2.2053056613977113,0.999329299739067,-1.212196135044345,8.02064122551196,True,True,False,304
0.7732107734784859,0.7703464036975602,0.7715157283428589,0.24702072036737371,0.5234706300587987,3.42643843585673,5.280814392785454,1.8679588464121046,0.9993292730015179,-0.4436090109465187,4.995756958378899,True,False,False,305
0.5825787941884025,0.5766751561079092,0.5848778454522552,0.06604814826857525,0.3831419337935445,-4.199274991941748,4.714178469989476,2.2856618475985178,0.9872551924511936,0.9784965470932869,6.310153598425725,True,False,False,306
0.531763935633403,0.5248952311079464,0.5357272972183612,0.07906695280280278,0.14802480013746802,4.0790673472172205,2.7160334009835436,1.8761027743896597,0.999329299739067,1.0590716460318088,5.534287205999592,True,True,False,307
0.22458698906032415,0.2108263678368753,0.21525565504216046,0.6679519481092286,0.579455843046367,-2.538265502321387,4.50917112677437,2.096715346899812,0.962025283660687,-2.0896288347291487,4.44713862726175,True,False,False,308
0.4177443928146668,0.4084506651845906,0.4094601860267867,0.28575906236411897,0.7474440482629676,-1.6961992349463066,5.198647406705142,2.118419787422846,0.9755426513378287,-1.5239746089345774,6.6008788245551475,True,False,False,309
0.28908474760188074,0.27675872813613167,0.29710538251426194,0.0049740128507623094,0.013866977227754096,11.785944361490667,4.389765464193376,1.9119506583412125,0.999329299739067,2.1349286902274223,9.327054934276404,True,True,False,310
0.6513778363865967,0.6466693827565215,0.6491190565168594,0.5093147332697817,0.45754722496949907,3.1841374470826285,4.207086442956784,2.178861440986376,0.986580030872032,-0.6913518821437776,3.083301440975381,True,False,False,311
0.23149374271529155,0.21787501185119612,0.2373169673427736,0.034943430873573544,0.6266946970397479,1.9539271507339806,3.9583292089975837,2.0937779564366226,0.9569923707618502,2.782091298028641,6.645060632343429,True,False,False,312
0.2910555374271173,0.2787759004554381,0.2792870676015319,0.47211162091040904,0.32238320501252754,-2.6663411346336447,2.630970701350281,1.9425413720308256,0.999329299739067,-1.6285817964494953,5.257128795435693,True,True,False,313
0.4593856442303098,0.45101751930865386,0.46685612084780875,0.15746904036915726,0.8362472670503297,-1.0018670912767296,4.787231723654689,1.9917117305317815,0.990623176875239,1.3241977858147664,4.101677573487912,True,False,False,314
0.3111979762947048,0.29939599418504825,0.3021357976059984,0.16429663134013828,0.4814818933661985,3.3096962481018197,4.618254458675738,2.2218923648417492,0.9987585506808039,-1.64931943926576,7.341695208640338,True,False,False,315
0.76462565197961,0.7616410123100917,0.7620337864791593,0.9617659034701934,0.5570640594098044,3.0788828028614255,5.159554996442368,1.8180914468385776,0.999329299739067,-0.4654841477185659,0.6274093213104616,True,True,False,316
0.21896930229884926,0.2050964014588998,0.2239046942671199,0.22477866091104726,0.923906943846792,0.5986949298507944,6.19333185420762,2.4711792168712567,0.9920797857498189,1.7842712264187002,1.5902853631386353,True,False,False,317
0.14230609729897337,0.12738673217897548,0.15054505753287,0.04710324551492073,0.9379723818451521,0.4425021718764499,5.618650968800249,2.3931322370768546,0.9801758244752788,3.097764538580527,4.693072428662182,True,False,False,318
0.801121566682122,0.7986397592046395,0.8011924126915532,0.3147377377391686,0.46049687966606767,3.017452411758705,4.0134730856264405,2.1279797272163936,0.9764685763321972,-0.4326379749905298,4.1339215545176184,True,False,False,319
0.4963515335735242,0.48876736501455,0.4881146930253683,0.1365686463847267,0.22329499214956094,6.405306921958268,5.104161010585394,2.1618188155587683,0.9937869256387283,-1.3112793986530438,7.523359143399158,True,False,False,320
0.6308192353700324,0.6257664937930681,0.628661425921296,0.06621356100083121,0.11591825399093487,10.432595245243181,6.361675803078448,2.258723736491433,0.9827097640554013,-0.9437340839700541,8.185371832660145,True,False,False,321
0.6982913511259591,0.6943304378714902,0.6963322705355539,0.08727999793133345,0.23457823415717,5.73803815734441,4.688669595990665,2.051337653055087,0.9751186256222147,0.7191364221448708,6.071622594254557,True,False,False,322
0.6136757270395892,0.6083276505817625,0.6182709799646325,0.04179444288801603,0.6420455728475145,3.7409691064349,7.931793466531601,2.3028557263846507,0.9548924304619819,1.0637008575206153,7.742074024323459,True,False,False,323
0.4641396658634535,0.455874427833742,0.47144964633781705,0.10747535384085188,0.14526298986995678,4.587553983271858,3.0327120598216135,1.8677610054797016,0.991290666362666,1.4106005629920535,4.763214018647384,True,False,False,324
0.09138881081705548,0.07686630565263007,0.08762455718664107,0.0024456271058593106,0.018784741602166442,9.93489672812593,3.9013407317331055,1.800918088843966,0.954745873510076,4.354942262329333,10.130520428670117,True,False,False,325
0.1371744213356157,0.1222368429921901,0.14991086037336113,0.027521565573623556,0.1778168096897984,5.408627043425114,3.8792111252442503,1.8197975921118061,0.9955044346092199,2.9036974554280475,5.877177411936339,True,False,False,326
0.2802427060092478,0.2677096829933676,0.27378602361589927,0.8140162929084798,0.5304745276240938,3.054662233634792,4.789102313822438,2.1556431293659637,0.9667773091748508,-1.936809202899251,3.450246602147657,True,False,False,327
0.2831632752862361,0.27069841261950633,0.28923996729838497,0.08206799590725912,0.12584770558708938,6.105200610605897,3.8298000855730603,1.9004211168433753,0.9887563649428772,1.8740771307372328,4.291090427232104,True,False,False,328
0.5667411908993649,0.5605444927479459,0.5616869278048778,0.46550387960977346,0.6627816886917968,2.472944818251824,5.5908858967433135,2.2290874592550747,0.999329299739067,-0.812435591928601,3.3889757635164455,True,True,False,329
0.4358309510882267,0.426944459754416,0.43373422210085955,0.03715392192187731,0.08594684548557771,7.662710293496075,4.252727823754265,2.203243520731906,0.9784563306975048,1.6233481113148711,6.616207937699819,True,False,False,330
0.6895755942784323,0.6854796302096327,0.6921257879340591,0.6487352319901103,0.3154516553636604,4.497708282935318,4.373405076085041,2.231933675422905,0.9959504117556058,0.5786100104511109,0.624950573991436,True,False,False,331
0.5146052375338849,0.5073942696164393,0.5186488427193082,0.1127499912351894,0.9753243756569084,0.11872436129146378,3.7928811792886195,1.8315714189728252,0.987894314030833,1.1825588150836994,5.283920224197553,True,False,False,332
0.07408193338753422,0.06013529812969153,0.06491643427384258,0.9374681074239053,0.27285072134986516,-4.50440949413968,4.000202203050296,2.1898679845240245,0.999329299739067,-2.495844778494204,3.1240935194775323,True,True,False,333
0.5464551651064852,0.5398729042981916,0.5511266895453704,0.06492747963677696,0.15545519509556713,5.849222015943565,3.969676397784341,2.114684576365059,0.9663463608835545,1.1697551956709162,6.826489594582596,True,False,False,334
0.6911253971286859,0.6870535708051915,0.6916462169819401,0.2710605886831503,0.5060102964186752,2.557454792780115,3.779554063707968,1.7650289564812038,0.999329299739067,0.6858307647157185,3.430857390165157,True,True,False,335
0.12462957258202559,0.10969169974297721,0.12286413928933171,0.8912299809755693,0.7725338405120762,1.484062412296019,5.068179625838033,2.08950191936205,0.9321354623584264,-3.1310545793113964,3.931730872732766,True,False,False,336
0.9921657695349378,0.9920719768912367,0.9931090555607749,0.06333339806570813,0.041546720303512606,11.744147353328788,5.409756187213152,2.108343116391655,0.9993041548823441,0.017402103769174282,7.8385872919449255,True,False,False,337
0.5157759717779663,0.5085886203892781,0.5254492796335031,0.09614654127481262,0.3057150844373104,4.619287236467818,4.39990856802733,2.0618072446889566,0.9622611260128594,1.3106919360545097,5.45617506211102,True,False,False,338
0.008898751226168681,0.0039379166011915025,0.005886899441278887,0.2917130006720457,0.29593726881687515,-4.393235743828665,4.0986172121453865,2.0876515246824616,0.9759225433156267,-4.472068594269582,2.919504264189085,True,False,False,339
0.5139371316175732,0.5067126690934133,0.5214268563980382,0.14325585049942735,0.7706886679745145,0.9209130902356675,3.118904988802902,2.1052128224871574,0.999329299739067,1.075509088271048,4.1923876362501415,True,True,False,340
0.2779591177346318,0.26537296350523076,0.26564981184481273,0.9735846843380638,0.9594463607953498,0.33954640265948577,6.598426563654735,2.0969330417518828,0.930527116600899,-2.294678357072037,3.375595529156352,True,False,False,341
0.5758457068134012,0.5698183248266054,0.5682755528084318,0.5176376081677551,0.8427395601974997,0.9280010158848565,4.620104576551267,2.0538925698713553,0.9606185207149721,-1.0087670588884174,3.7593612802078877,True,False,False,342
0.18589037243447054,0.17143089589243818,0.1903826030169416,0.01821407213196378,0.056213444961279974,8.19899124644816,4.056924856290817,2.5561807786685344,0.996476670292234,2.180444946500063,6.2505439137853,True,False,False,343
0.05649602800738797,0.043543298279043414,0.07054851855554944,0.0032515028153928477,0.02986249482986591,7.819976046790462,3.356248360001867,2.1301686384065395,0.9847735429566421,4.563419012110969,10.131196360062207,True,False,False,344
0.18383343448538744,0.1693427529270523,0.18208007762734227,0.7341739427460661,0.41779164320068546,3.1396532244128093,3.7985589835000133,1.9434610107222956,0.988425573999035,-2.246882438129029,4.679971611808769,True,False,False,345
0.42839377742148554,0.4193407584423917,0.41916095905993234,0.908259501933157,0.6569352930710687,2.1894948573812174,4.859667427159717,2.093963464511738,0.9784073596842967,-1.39308199553374,2.4123014999265475,True,False,False,346
0.5645447351464221,0.5583068454038915,0.5600357167389577,0.030706511648556516,0.4895439155971473,3.8468088263448093,5.4690237603648395,2.301601717084899,0.9890333088546622,1.1461006332903105,7.296785238583741,True,False,False,347
0.22498260118142613,0.2112299968133136,0.24309678330770865,0.004498663136544104,0.2814362602486639,6.718841143940593,6.07749772059222,2.0923954415212416,0.9830123356856163,2.9228089774631094,11.322015099090184,True,False,False,348
0.5902648918846736,0.5845009957575944,0.5851383492160698,0.6923724292326158,0.9931816586980471,0.03610178138148617,4.174611470275494,1.7998624097367735,0.9490349353468517,-1.1535949871058935,3.957774071067356,True,False,False,349
0.1625305204458422,0.1477657608911122,0.14936606561169097,0.5628047678295686,0.8236999602575233,1.5997193580558762,7.0912145209777835,2.4354657272285363,0.9905547771982316,-2.0984327669432177,0.6748797770667476,True,False,False,350
0.1403660423940161,0.12543866456624037,0.12595142082356234,0.18759975440154963,0.13036605998656592,8.033144770751205,5.1027035977535045,2.388830268329889,0.9832807471195542,-2.418506135493927,6.75574809133494,True,False,False,351
0.298687913305377,0.2865885906568546,0.2977998375434421,0.3651131906860355,0.22896187040696017,5.743198961537339,4.634796293832044,2.279604052590196,0.9801547322919054,-1.7265642660266245,5.064938747046305,True,False,False,352
0.49867602301148856,0.4911398973687582,0.4906529165390016,0.8199012212263339,0.41881816101541175,-2.576539349587758,3.1242600354891032,1.9953423629677836,0.9911198399278367,-1.2017876436637764,2.7242215401716994,True,False,False,353
0.6261250578071043,0.6209922047216199,0.6209885937911012,0.5115368434462302,0.9730728634845094,-0.136558547756973,3.9977173304450373,2.0796951812523994,0.9816033817256569,-0.7823368590716977,3.345930051084445,True,False,False,354
0.9953057821555994,0.9952495846244538,0.9962418783774011,0.48509744413111017,0.8113451773569574,1.5521426784964292,6.421357191316273,2.0662268927770073,0.999329299739067,0.007288604707290869,2.4672382121229735,True,True,False,355
0.8451693515019156,0.8432680500702433,0.8442022431493469,0.532363824904624,0.8598328553667675,-0.49895992499138764,2.7910936792428043,1.7870196717620506,0.999329299739067,-0.3236590264378387,2.9835954426217457,True,True,False,356
0.6758586702266489,0.6715466937895634,0.6733958002760289,0.1575912984205121,0.3583212358410045,4.989721550748943,5.312906278268678,2.0335593312295286,0.9942676935522419,-0.7013545643582475,6.472371755430793,True,False,False,357
0.8303340584482415,0.8282401214152325,0.8330835910665315,0.21052754164707282,0.6042345295181432,1.9353502328241505,3.6776855382533014,1.9102376306540958,0.9929185688936917,0.36046248663196767,4.651470562475893,True,False,False,358
0.2669031016829392,0.2540620541066869,0.25960120186493424,0.7692563085567715,0.5844270837226877,-4.3617337496489546,7.8519986854941335,2.402575842076361,0.9905004163613949,-1.6698654398981425,1.1467040185500517,True,False,False,359
0.2734700343450378,0.2607798903114594,0.2675276181636508,0.5693713283440972,0.9762704266019332,-0.12149381138282078,4.036150579522975,2.0246230187400176,0.9724558994234846,-1.7590493982359492,4.521860419321108,True,False,False,360
0.8195800677250453,0.8173447245111347,0.8183475089524401,0.12682161879869072,0.5311609521061759,-4.622882931894598,7.259993955893819,2.5235607457344305,0.9857937405486312,-0.38175901312483607,5.7707026471647325,True,False,False,361
0.14052195340042106,0.12559516982560553,0.1313738411103746,0.3374358554352818,0.7752614475368083,1.7410924997469708,6.020301356990918,2.4165966950542175,0.9625561774291763,-2.820871806923396,6.589894979258899,True,False,False,362
0.21849057727697765,0.2046082481817533,0.23170510877464345,0.0238779540291884,0.17045100159653898,4.978831721659249,3.5076537883717487,1.92085078227913,0.9675819608023003,2.2666216966076487,6.045242353294197,True,False,False,363
0.16866720397319065,0.15397132886786932,0.18863653081923476,0.007591077154700816,0.09199865143381358,6.078754791593384,3.4428644537961377,1.9601653156850989,0.9944916741373402,2.9293200506854644,9.423993556632139,True,False,False,364
0.6364901417294476,0.6315334301292037,0.6364611215678984,0.052676605604187667,0.1388117152415655,7.165244164377752,4.656703585783715,2.1669697408097255,0.9631297533653113,0.9539240174513255,6.595817345936636,True,False,False,365
0.49723794502524277,0.4896721147256645,0.4913747886529197,0.09730358883165456,0.36873222734981437,4.193943233175246,4.56554572292266,2.191326375305455,0.992640704145987,-1.224090255192186,7.769897484596535,True,False,False,366
0.13939694166208663,0.12446606805201282,0.14076701308103132,0.028547821088890434,0.8419597293105464,-0.9878147570324345,4.893278585242339,1.9838675424299268,0.9870059246998827,2.805253179084521,5.801948143454906,True,False,False,367
1.0,1.0,0.9971175644228785,0.28711142585312943,0.9219340498889322,0.4605196461768469,4.6431532968316525,2.0094261525715984,0.999329299739067,-0.006055587043063859,4.092960122031929,True,True,False,368
0.7456935714996974,0.7424390589054661,0.7445191148222049,0.2074724453676859,0.5732752222359214,3.2437158597436184,5.669051377811885,2.205074017413495,0.9910553064077866,-0.506216004332571,4.877119770069584,True,False,False,369
0.991983936375299,0.9918879664978285,0.9923447008949119,0.9596977158628985,0.5434560914969228,2.996525198322246,4.851610307679118,2.404473875956513,0.9695657468456524,-0.014939361511090377,0.1739648059791049,True,False,False,370
0.5423337972658009,0.5356717935520654,0.5468514140447261,0.12305246893540778,0.36887162173620275,3.996928025032519,4.352365944698411,2.144056943676188,0.9707654779065312,1.1116092935378932,4.508194587984757,True,False,False,371
0.9293877673190358,0.9285378973335852,0.9290995340091692,0.028071187243075574,0.4163999029706084,4.2293972358721055,5.101492818366015,2.299236294521937,0.999329299739067,-0.1299986764156138,6.956241881766528,True,True,False,372
0.16718551397512807,0.15247219226523312,0.1546020235324007,0.2780201920958782,0.6354892876839147,-2.76816750467348,5.755012335125912,2.0790186277888223,0.9654656967759104,-2.345210776052406,-0.4771389018837612,True,False,False,373
0.3520113716707432,0.3411836823698302,0.35682880301678416,0.018688883242297605,0.0998036154387347,7.682300438311797,4.4617672308975544,1.9635755901770784,0.9906121190745538,1.7496427646426191,7.915556655834022,True,False,False,374
0.7971258709670751,0.7945900516608678,0.7954596892944724,0.3126116010986331,0.9996239408003241,0.00237802233761379,4.985761880967309,2.1936182191902613,0.9761412857408162,-0.427685090800459,4.095172706695377,True,False,False,375
0.7820559489311122,0.7793141799491022,0.7788855624572459,0.3966138351527375,0.30815676265878816,-4.159362582002507,3.9823892846642415,2.318904061936157,0.999329299739067,-0.4185700686434406,3.574032143855578,True,True,False,376
0.4980667574826764,0.4905180540122769,0.4866607265067754,0.1905316293677529,0.36717631803713036,-3.274817457218442,3.5531910331767307,2.498003641554749,0.973348568865446,-1.2478882358757328,6.42758234747957,True,False,False,377
0.6739211575665216,0.6695783204099175,0.6779639963834685,0.17087394598577307,0.5216824680823745,-2.212095682470843,3.3944996050125402,2.4167081602973632,0.9884684643600286,0.6988397180202477,4.064719289250498,True,False,False,378
0.43364233695470905,0.4247069776694793,0.4227368199336029,0.24356076947221011,0.6512494373043062,-2.253809249580896,4.914802693995328,2.2464023760798506,0.9798780146248964,-1.4675930233906964,6.449000851663743,True,False,False,379
0.786168188800007,0.783482978395984,0.7874683048030492,0.1707003234419553,0.2829871572885304,2.1109930723415995,1.9158276457396848,1.6815332671912955,0.999329299739067,0.4773327342105924,5.270729135720037,True,True,False,380
0.3889902056300312,0.37903443287815997,0.39180851049520776,0.03748248016247881,0.4971137604072181,3.2938824242213385,4.766612687752257,2.4040058272826945,0.9546439292238766,1.6386243779498697,6.03395672304976,True,False,False,381
0.2574523594490593,0.24439713720860437,0.28193887772310705,0.024232345621573385,0.29023589318284454,4.792329309644638,4.417034010643241,2.2859650415741304,0.9989407363435683,1.9472185903441224,6.85839171184818,True,False,False,382
0.15522524173332392,0.1403908663268556,0.14633591513319047,0.7731774669687139,0.800392636612718,0.9927132357608028,3.8768085320750707,2.1559289857094783,0.999329299739067,-2.087732525778859,3.687169086422661,True,True,False,383
0.8873561887767958,0.8859892599340965,0.886891802430377,0.07777449463187432,0.914629880518935,-0.6745163808719461,6.21679674874764,2.246413593342264,0.999329299739067,0.21135261010139317,6.1681252726326425,True,True,False,384
0.34135717666410437,0.3302755197216089,0.3436841868364226,0.10224566942477263,0.6345028872231544,2.2046617772288726,4.570071625385778,2.0030661109054586,0.9689083154675134,1.747642453048754,4.175011979440876,True,False,False,385
0.4724468358357633,0.4643599395959699,0.47776671908425283,0.023636405854956716,0.9662098624227998,-0.20008825429671098,4.66728294774982,2.0929078171325814,0.9981495956989599,1.1938496617605017,7.8671533969604095,True,False,False,386
0.9398153204784327,0.9390920128151963,0.9397577358356621,0.05129779043333364,0.06968750813268157,11.945327685544775,6.249277787826826,2.524868025306646,0.9868494710636344,-0.1386237476460188,7.014373770565959,True,False,False,387
0.861627445992643,0.8599368136401836,0.8613925096952854,0.3687069155036529,0.6803563882883551,1.6805200121512747,4.02260184294171,2.0598689671342085,0.9885647487381911,-0.29081226195246135,3.8517440887152845,True,False,False,388
0.6199304667129866,0.614691026205225,0.6225619511061237,0.019951993861295533,0.025612498897257793,10.127723264869585,4.215514647286167,2.265530247943748,0.999329299739067,1.0005879229716488,7.968821241625938,True,True,False,389
0.014760347633129394,0.00789305046232222,0.005622183335910039,0.8631294365277883,0.6723823638645942,2.1481602251034664,5.008838132623518,2.68491430677231,0.9906468749494594,-4.883256300080644,5.808235411723611,True,False,False,390
0.21476924935731456,0.20081442343416703,0.23104187511320717,0.1449217058346816,0.05492058521294492,11.562801372500441,5.688423358418044,1.9219099705151554,0.999329299739067,2.2669338095872025,2.9019518281563768,True,True,False,391
0.18706807387505087,0.17262679171102646,0.17899687446109702,0.8472594268120527,0.8054867498663698,0.7230496266529723,2.8993411899011585,1.8495542607328823,0.999329299739067,-2.135378976829361,4.3056850385508945,True,True,False,392
0.15784328531120448,0.14303221792739243,0.14659675207189787,0.5446174007361775,0.8393206289055943,0.9771306018765938,4.75970252669574,2.207722620853182,0.999329299739067,-1.985831030962082,4.4416439769691,True,True,False,393
0.18805325396462744,0.173627371173039,0.18657468495316018,0.4337298964924135,0.8698161947328019,0.6393295944366809,3.8535169450089954,2.0678144827265434,0.9750276405953003,-2.0570378396370765,0.3104424791351937,True,False,False,394
0.5909469073527105,0.5851953333584801,0.5890963160442418,0.016489612270732208,0.5034546730590493,4.393322961019316,6.453458527111371,2.7927343657092205,0.9957503167495294,0.9311325855645531,7.840429364467071,True,False,False,395
0.2617529699583503,0.2487947306339468,0.2666142546955214,0.04314665696166735,0.7947553382222277,1.2368270612921561,4.6943525610149015,2.0629971334722392,0.9972965670062038,1.8232547259187286,4.8933935369998505,True,False,False,396
0.49255409238689635,0.48489111414557684,0.49798377511502934,0.14093612532828373,0.9274307551150268,0.42099765978012216,4.567253101180694,2.0033313558701176,0.9950978295174259,1.2556399351714473,4.156479015985445,True,False,False,397
0.9328088695554722,0.9320005836796135,0.9332994743519599,0.13760321254745914,0.2739608971604101,5.5444282783851895,4.935549399159576,2.0629590462005782,0.9710317681066453,-0.16029881709479454,6.120801266995084,True,False,False,398
0.6335745862664329,0.6285686053573176,0.6375080506063047,0.056860547467364485,0.4480303692173236,3.9300060689718075,5.0828927361492,1.93986861819531,0.999329299739067,0.7423765378377656,6.292167348266628,True,True,False,399
0.4121007804834104,0.4026784565891689,0.4084512020965592,0.5888213298888666,0.9896635654338085,-0.04208759324573969,3.210274257903052,1.9987799949589007,0.9873203809400348,-1.2538650000833234,3.7003310985714046,True,False,False,400
0.19044449930344648,0.1760566568168316,0.19419087127068366,0.030703765426501033,0.15789459249296162,5.34718875666151,3.651447394183071,1.9618480131199196,0.9886469930366228,2.3073687840559183,5.297620586767909,True,False,False,401
0.3966800279035484,0.38690291092548124,0.38581113228513464,0.6224449380558131,0.98286517329261,-0.12604023153030933,5.799165392754034,2.3109678695155402,0.9824176237053338,-1.4061266458601973,3.4678366650172237,True,False,False,402
0.7055100129684241,0.7016596902241934,0.7029771029026712,0.19817960182920363,0.9240411816498546,-0.418254759102909,4.334400037810394,2.1393352090330526,0.9648899444700457,-0.6801740970876784,5.6738299129251875,True,False,False,403
0.6784523759162119,0.6741815755655847,0.676951792196591,0.13047501762032143,0.522519443533362,3.65368057515444,5.618038072450292,2.0549154583429434,0.9769892912063659,-0.7471651691531855,7.307680979122393,True,False,False,404
0.3492225266399111,0.3383284353913435,0.36118629043765704,0.0407556780305731,0.28217013550535613,7.6857664608682095,6.963037870216207,2.063295636917401,0.9980784497528085,1.7037931945162663,6.673526331182879,True,False,False,405
0.5300244928240659,0.5231214702404334,0.5218258064420772,0.6923665881898001,0.8446148366072316,-1.0665918820924383,5.375075972663948,2.033425207192561,0.9719482074986286,-1.1265803823430058,3.198847883927827,True,False,False,406
0.6105764109218431,0.6051741232301777,0.613848660083471,0.1099870958653009,0.9134482134944182,-0.3540117722631113,3.218079630559145,2.0438313420882324,0.9602861529339475,0.8492159667702168,4.815607313839315,True,False,False,407
0.3308438370701946,0.31951102926811414,0.34541396472954455,0.23660840741154204,0.7175114768318135,1.6273132228593343,4.437719391840402,2.018613408788322,0.9993287058585237,1.4191777952629676,2.0222370765509723,True,False,False,408
0.2947743509817626,0.28258244327782245,0.3016091674545491,0.04158752043591053,0.08929297981829264,3.187952153971312,1.7894336123560428,1.5942379079651305,0.999329299739067,1.6934409235260954,5.722000744110336,True,True,False,409
0.7936132697982103,0.791029766712917,0.7901351101969457,0.28935590674952283,0.7239611909832061,-1.7112616034022816,4.780866834416783,1.9444519191896554,0.9524019709498716,-0.532343966225211,5.4924931409771025,True,False,False,410
0.19774934904256006,0.1834832010784533,0.2018908584525262,0.012657741307203907,0.13275245178673645,5.8366635800404545,3.73177684592809,2.1299779786943054,0.9502224919548254,2.4433702234810557,6.3360025455590625,True,False,False,411
0.03869535533239179,0.027415441204013218,0.04933025651893481,0.009310571042012663,0.26243086833342666,5.179167666500644,4.4973906968114425,2.421410431284736,0.9882156700929338,4.04675434525049,6.079131900295577,True,False,False,412
0.7515156464265481,0.748344826606729,0.7526520156700859,0.0575972839264852,0.46130119234875455,-4.704794873640446,6.269171553753033,2.260447422101808,0.999329299739067,0.537815327002483,6.915429345237376,True,True,False,413
0.32321438477619296,0.3116992330220143,0.33582945478876214,0.02008503356485818,0.5253985299322347,2.1528762082481814,3.333617446976266,2.583292055893665,0.999329299739067,1.6399793303699006,6.567296317116513,True,True,False,414
0.8943875672387424,0.8931080498929037,0.8922462696738994,0.0821245686889567,0.7645238110129655,1.25072461803073,4.12151855357018,2.0657647107368837,0.9889572482087509,0.22532086327547418,6.443030510048211,True,False,False,415
0.968253310293991,0.9678728457728323,0.970666219730957,0.39272617304056084,0.7874737036681047,0.9716198164111591,3.558253004410955,1.90385507310866,0.9922430689254341,0.06384488158606061,3.226029223093092,True,False,False,416
0.18958597038237887,0.17518436374848778,0.196897705804632,0.03830280578216469,0.3511296960920371,3.2279219806875945,3.384949304475536,1.3834065152691142,0.9319559547143788,3.4082959251913163,9.206831525570593,True,False,False,417
0.19662318278904956,0.18233775917750905,0.17065686602717056,0.7286284699151159,0.8822093079100422,-0.5552157119089203,3.7018606608603015,2.0465286848732105,0.999329299739067,-1.965632648019751,3.9658238672640618,True,True,False,418
0.60831055285789,0.6028684717327153,0.6038794179462789,0.7559944867096903,0.6715748901452883,-2.9165130618122572,6.7825651636917295,2.2710557984851736,0.9960552678590416,-0.7724130739104306,-0.03031191316699844,True,False,False,419
0.10332776669280994,0.08857111772428264,0.09181192509075559,0.3567443669872963,0.9100886632040429,0.4063156192329274,3.5549326948629107,2.4017532265351362,0.995197753466085,-2.8306645721480352,6.233201503052156,True,False,False,420
0.9536107064334137,0.9530540739547445,0.952085526317781,0.20234905812300794,0.4416716085250323,3.3182386935096657,4.231296059015903,2.038404727516167,0.9971748825037902,-0.09686929176840398,4.71512013315297,True,False,False,421
0.5965284139481223,0.5908772091104031,0.5945800611348626,0.11506372169306933,0.5726499159093661,-2.6475829243765747,4.619595123712333,2.2814817497297617,0.972000732148235,-1.023394832214759,8.22846972484181,True,False,False,422
0.7850168510334802,0.7823158331471952,0.7826115401232043,0.08152005588396363,0.39701977327939636,-5.442786140125645,6.295045287304698,2.0911155303832336,0.9888513094531736,-0.46610765260591336,7.607820344471574,True,False,False,423
0.46343599850760275,0.45515556930242373,0.4535010252669082,0.9064044149339342,0.42600431009465267,-2.274248703061852,2.8014354442548197,2.030888551554499,0.9946849293842334,-1.281438858511661,2.3297247035053603,True,False,False,424
0.683575673512299,0.6793857519833969,0.6831839388722815,0.08923491195241016,0.12208116956121992,7.587380132405318,4.709359350559994,2.326058727916776,0.999329299739067,-0.6908590498664866,6.8718696988579975,True,True,False,425
0.5395789050575235,0.5328633311319857,0.536228624111823,0.76365847730252,0.3536632700626124,3.4556582598751304,3.6432868817427284,1.8105646486440137,0.9457685555600235,-1.2919603958181751,3.5759229435923623,True,False,False,426
0.6645707350859162,0.6600777249780587,0.6691294834412143,0.09009354796162987,0.7092470624436793,2.27541923749316,6.020119764977081,2.2062452618457016,0.9942174541820086,0.8212460363493639,5.988743640044374,True,False,False,427
0.40241927351413487,0.3927747646577052,0.3992807602926137,0.5708630318262362,0.27175078867767677,-8.309699653784076,7.362133432739192,2.240398958669757,0.9926976479202253,-1.4454017662387924,4.074263102933775,True,False,False,428
0.1363818966484482,0.12144237965909987,0.1477310786801297,0.006505974038961051,0.10823701091172484,8.12839438231401,4.845094182696005,2.2673384195307595,0.9619331703391429,3.570738958360284,9.538455829154787,True,False,False,429
0.4518761419817131,0.4433442908326337,0.4600718876290018,0.04524290542763239,0.7827321455764644,-1.6080425647784427,5.7570021510810685,2.5459707331369392,0.9967808705621395,1.2261785183044038,5.835639154876622,True,False,False,430
0.8072704398010135,0.8048712817065318,0.8068547562132115,0.7646375330790424,0.5121131441187747,-2.975921732865642,4.462485925940216,2.079338825797107,0.9639910628238508,-0.38552099774263704,1.5470130647351816,True,False,False,431
0.48615775521725635,0.47836112771928296,0.48294180766505773,0.0519372016182972,0.12240152827829447,8.059343048908842,5.006844260188879,2.3491625990246607,0.9906065994459801,-1.1985393544934553,7.615993710517323,True,False,False,432
0.8625637869366072,0.8608850504835993,0.860129024894488,0.27987068743920107,0.4395428430996818,-3.6972430088575705,4.692362950646151,1.9915150531917178,0.999329299739067,-0.2998134382679991,4.9015033623303825,True,True,False,433
0.5956329114683442,0.5899656599805774,0.5909158794475796,0.029101884763517747,0.555626670765533,2.653992712503448,4.431230059197821,2.3175839925694506,0.9704553310328197,-1.0443003755929716,10.016935808104257,True,False,False,434
0.33234011739892033,0.3210430704772621,0.32963774812779684,0.342668307653615,0.5446305048606926,2.0635989998287267,3.3509748574740486,1.9753127480917054,0.96811652050474,-1.7156144302907999,6.075507329833913,True,False,False,435
0.8790972570061297,0.8776271066852563,0.8794167603637396,0.08940309005500023,0.8756782883792005,0.6883232072331273,4.346296984126307,2.116997365638315,0.9642516228353339,0.2680797028291906,6.177965299163158,True,False,False,436
0.3657976456078886,0.3552971156896182,0.3514122985853279,0.7833667912333803,0.6357684936268747,-1.673251242588002,3.481575789746766,2.037803396221385,0.9809520648494494,-1.5455295498116821,3.2256528805437386,True,False,False,437
0.8253286403254971,0.8231690777960059,0.8247665998908088,0.16780350680258527,0.7614565795483749,1.0810107502157533,3.5149473292922733,1.7907447903112477,0.999329299739067,0.34173484399473253,4.752765218714623,True,True,False,438
0.8295008668574388,0.8273960286730111,0.8278131709483333,0.14025716281255246,0.22492653410660518,3.7301933547477595,2.9833263579137252,1.9691312620367394,0.99151153906389,-0.3504308616930034,5.437200541307142,True,False,False,439
0.23256984924327068,0.21897357780180235,0.2397795207665836,0.004663376103098462,0.019196307558452745,13.101293467227668,5.164984300486498,2.2085380016563967,0.985882759486011,2.3933656854096004,8.97325733304859,True,False,False,440
0.3878066003866625,0.37782323434272824,0.3905559205294937,0.03648631102968324,0.3028363211925437,3.8606256917546067,3.654889167797723,1.6712253999572706,0.9934722646187105,1.9569630061302163,8.001304881961444,True,False,False,441
0.6183751685790612,0.6131088102906703,0.6232970136753598,0.020989087963258355,0.8271880217031995,0.8598981395358175,3.8900475626113975,2.1470032709425695,0.9921248408146093,0.9108218470011256,9.221029904659844,True,False,False,442
0.703881862486134,0.7000066949524959,0.7051335842187033,0.019504855391247276,0.3098654565217885,7.165844258488958,6.885841472921161,2.4314150338719775,0.9864067539733394,0.682196136665346,8.267312721051319,True,False,False,443
0.10357461631047983,0.08881426747864941,0.09501060660557305,0.33791856322192193,0.49471636914324224,-2.6393104008471715,3.7979439820576903,2.0488584600558757,0.9652417937477448,-2.9575982540320886,8.016730701841402,True,False,False,444
0.9055638864170266,0.9044224916854454,0.904455787974688,0.3019937532768187,0.5765878359937281,-2.5474150683605084,4.491162918760356,2.051371153065175,0.9983162044139574,-0.20675067591014873,4.540849788791655,True,False,False,445
0.44718565750067696,0.4385508043612911,0.4383349537806986,0.7713186995404472,0.22369967421097398,-6.526023853528291,5.205069133470408,2.4878498632690933,0.9953483906351608,-1.1304642685612962,2.252975528903818,True,False,False,446
0.5317752089966852,0.5249067266086717,0.5356116820965078,0.00886578751931134,0.21500420068159307,6.79877133739587,5.317544346882501,2.1986116231494,0.999329299739067,1.0259680181306194,8.562521510541988,True,True,False,447
0.8599261183913801,0.858213847383876,0.860050921945044,0.30397470788492537,0.5043361679927586,3.407881548608436,5.016388773816293,2.233011160328204,0.9947981229666206,0.31291807788643133,3.3996833289795694,True,False,False,448
0.7723016337902151,0.7694245879579953,0.7734462812442551,0.028982544048325128,0.1002316150682428,7.296370429690447,4.243332472602881,1.8386987268683042,0.999329299739067,0.5453723234796772,8.936193088345522,True,True,False,449
0.39655042130018,0.38677030231984055,0.38496114202719167,0.159961969374077,0.7863781457972097,0.8018265286783031,2.9209802840336185,2.2619089760998605,0.999329299739067,-1.3868161958276541,6.853629250242226,True,True,False,450
0.01588159633388446,0.0087070488564879,0.02253081029808577,0.0003709057832188935,0.006886051553735363,12.343117534286286,4.120004671519804,1.884032730607812,0.999329299739067,5.665506757130016,11.706561307348355,True,True,False,451
0.07244176861779476,0.05856777801100492,0.05853052511804061,0.6793692992913631,0.4982865966630962,-2.782605629448579,4.037862021958592,2.063707135219288,0.9904042080444941,-2.8476023114376643,2.786234228751056,True,False,False,452
0.1254942865511141,0.11055421695648374,0.11576087993276898,0.871556421639647,0.9062038026094561,-0.43682110833764615,3.6627984162993052,2.007556191825556,0.9953093764015291,-2.7122678218096947,4.677782743494293,True,False,False,453
1.0,1.0,0.9981788163266478,0.34494812905191025,0.6432034070538375,-1.8738906013963106,3.987052436300361,2.0288114278769838,0.9831325779202224,-0.003855387339403382,3.683335159287984,True,False,False,454
0.2678365400194655,0.255016846344028,0.2745967672447606,0.007591745868338607,0.24884937066118218,5.634107864628421,4.750315512252822,1.9992587116525775,0.9907143686042216,2.2309914250177396,9.138980266282463,True,False,False,455
0.15975692108326173,0.14496406740781273,0.1664962067471319,0.024110691178682746,0.7233522375801434,1.5547180571606882,4.333521327769041,2.1357678335357186,0.9745796254672335,2.7932725355654773,6.193203521840736,True,False,False,456
0.5793674180637426,0.57340491515311,0.5785293708527462,0.08292763594280128,0.9278854105561738,-0.347618159022352,3.795031470377813,1.7474725507853524,0.9583732915535388,1.1329142902299294,7.706053838612888,True,False,False,457
0.21819551595314068,0.20430738712496546,0.2308602125300639,0.042923589786930914,0.3806635434840923,4.928430506275142,5.503474360127048,2.054550122126917,0.9883685100003269,2.1387960945972706,5.00012274737729,True,False,False,458
0.7721399473411599,0.7692606456514508,0.7726760301353934,0.10976917904669511,0.4931533195579353,3.0238898830319063,4.3354538130081695,2.492322714211248,0.9793607054434879,0.5014999961903701,4.9136961035992375,True,False,False,459
0.5287808493284835,0.5218532381136518,0.5360011150816236,0.08229293415022501,0.8832134478451681,0.8481604116323382,5.704052683317231,1.9856930296343123,0.993194975567796,0.9790256463770604,5.436674312958835,True,False,False,460
0.07977298481169132,0.06560065745932685,0.09650736034797891,0.0009040289344304919,0.35889497396278774,5.4194680022982835,5.777522358151567,2.252694414281563,0.9808191553830937,4.030104596045364,12.679735518460102,True,False,False,461
0.5586473106595004,0.5522981576759418,0.560289515307197,0.08237985596811327,0.10629367136389571,8.357210220028389,4.952238951804486,2.1343782046955053,0.9201427520155617,-1.4591113927003487,9.09927754866304,True,False,False,462
0.046614396483155,0.03448341197256901,0.05579191423485118,0.019589726301239122,0.42502814346275997,3.9265518941194286,4.826406203096822,2.623822751458159,0.9963513668243439,3.2719983914129918,5.3529835003197235,True,False,False,463
0.2692202355526668,0.2564322565625291,0.2787129936969521,0.008230046484444416,0.07186649402126939,9.14629678401751,4.825127267216823,2.1863208273165253,0.999329299739067,1.6702951280578917,7.2261761160355125,True,True,False,464
0.8455825152343114,0.8436865402949594,0.845596470965535,0.154871721360244,0.76291865151873,1.0259635712333024,3.357221089674819,1.8165253606584382,0.999329299739067,0.3417035241569719,5.56559530981032,True,True,False,465
0.3387892706140436,0.32764630295420594,0.35034008232202907,0.18825530420962777,0.7513881604315498,1.7213380509992597,5.3625367876008285,2.0645783275079737,0.999329299739067,1.4730841157407264,2.7753572636181,True,True,False,466
0.6256113332738564,0.6204696785099708,0.6273740947894042,0.04394042799609395,0.31403693432254254,6.046310787493046,5.861622599164145,1.990529439002145,0.9833173072696304,0.8606591689464178,6.960389125627031,True,False,False,467
0.047467447245985415,0.03525599326819025,0.0464248679472553,0.0011588269171355972,0.0632383228346776,7.4703445707923555,3.808873486024747,1.8761763083356136,0.9786198102714195,3.992428105279899,8.899998405506912,True,False,False,468
0.26429011913386613,0.25138947687102964,0.26524983516937234,0.027230787449818102,0.5757304714229017,1.8172017258539026,3.196530189891202,1.8473671744074232,0.9650454253057107,1.9985966703185252,6.423445999613752,True,False,False,469
0.6819239403797509,0.677708009537247,0.6865880887759911,0.09904776442207698,0.572653431463078,-2.7028876206893586,4.716136210416827,2.053057425502109,0.9961865460228735,0.6440379260273161,5.235738289063773,True,False,False,470
0.48330440380691536,0.47544779250154867,0.4913689915413577,0.0856566052791865,0.8531893474524082,-0.84279533784187,4.498656188364618,1.9536306045724203,0.9872750983037115,1.3403924125843831,5.904184548281304,True,False,False,471
0.8952782417691353,0.8940097677016109,0.8946354855895565,0.10087130965612197,0.7876960497197367,-1.1584014573862729,4.246842352176677,1.8656986376965283,0.9838695979172435,0.2513986872454863,7.116813462534973,True,False,False,472
0.6146692723118525,0.6093385207872708,0.6127231428102529,0.16357313225595876,0.41597584909279584,4.44466367614554,5.356193320066354,2.2077195716132154,0.9940597804315516,-0.7995463128649769,6.277167154406287,True,False,False,473
0.6452116999234299,0.640401093347995,0.6440343339731598,0.199127990076879,0.8876502244091611,-0.695593373432236,4.864150559477146,1.9091992395405315,0.999329299739067,-0.6832422973135133,5.741000491249823,True,True,False,474
0.8010667844086131,0.7985842380474611,0.8012146015518952,0.10921710102348126,0.260603408658201,5.751711928677454,4.974877048065956,2.1532004587454736,0.9896388021655967,0.4795519510537005,5.78498244360103,True,False,False,475
0.44939049944761117,0.44080413409729924,0.4532519486287865,0.06831146532190678,0.875310808889285,0.8618813138526664,5.426019030803416,2.0957244161434465,0.9877358580339115,1.4483643362348042,5.833207857575381,True,False,False,476
0.2407620828585131,0.2273396140960664,0.24870580284165733,0.037746799943068794,0.091358381115187,7.134061014371674,4.032039187969381,1.8754646696138713,0.9605539797131075,2.5853344656145403,6.106202999961979,True,False,False,477
0.6191992565724478,0.6139471687533473,0.6211710496290543,0.004660805676072545,0.08303168463164932,8.448715582706422,4.641952541090944,2.6847668934124647,0.9653595623201882,1.1153974016191839,11.018560319595295,True,False,False,478
0.15628272351102074,0.14145753445242262,0.14477502195079844,0.10094851460279487,0.40496697293220807,4.4081682087610785,5.186695214960237,2.321654938279086,0.9949666632562152,-2.3729293015169235,8.820115582405425,True,False,False,479
0.710894797076839,0.7071262392749134,0.7094813292081424,0.1825054433746821,0.436536275508252,3.5873983226408983,4.522731890183017,2.096243323909766,0.978200403779366,-0.6349432125393593,5.749319664480506,True,False,False,480
0.08936227690533521,0.07489132483781492,0.09827101019939125,0.1390541928229968,0.6365178656911596,2.596901409316914,5.415513805513752,2.302647913193577,0.9651582339674137,3.167042924520116,1.5829844110480673,True,False,False,481
0.11744395298392564,0.10253857825257034,0.11652115395611576,0.004406455652292943,0.46539618434366004,3.8420576203002286,5.167287796718327,2.2583384020834654,0.999329299739067,2.975656513539044,8.118140482392317,True,True,False,482
0.5979504857606774,0.5923247188691687,0.5946587102007458,0.8356264576120123,0.8623141666337583,-0.6486468440805757,3.694532859572148,1.9356286311396416,0.999329299739067,-0.8212915242455436,2.0271880782834155,True,True,False,483
0.2948694526465782,0.2826797917755749,0.2802033238530626,0.7538330052682923,0.7802817073394354,-0.9248389631347255,3.273090777580884,2.1344234559862105,0.9791752719393261,-1.9424491174500038,3.844889951297125,True,False,False,484
0.4717604671807762,0.4636589058363122,0.47682083031018097,0.20117074694568945,0.8579989805909617,1.1742474154939928,6.482744610337523,2.1938768429347757,0.999329299739067,1.1065190864941106,3.1509224117978505,True,True,False,485
1.0,1.0,0.998369405047969,0.15047584145860962,0.6569963794762375,2.6217903160276554,5.820276268927706,2.161853026012022,0.9703091144652295,-0.0035409932011374323,5.3134364215223595,True,False,False,486
0.24001071618267494,0.22657210961972765,0.24192448866668828,0.008978955017881003,0.7474940448550568,-1.7727338178895338,5.434333286746232,2.208296009527456,0.9960581153833198,2.273181688076214,9.364231552793425,True,False,False,487
0.4180509440063324,0.4087641814035128,0.41591683634830423,0.8087743667768937,0.6067029429082269,1.6649556630211209,3.1857322839327202,2.210321217685861,0.9626483419561274,-1.2726607423909704,2.4837134596311956,True,False,False,488
0.9595961453292146,0.9591116040981358,0.9589707173786496,0.23964884378516058,0.1898834842340402,5.977470352534351,4.412123106028569,2.0571251282882757,0.9734938905822552,0.1035880082243299,4.630718969547744,True,False,False,489
0.6412015323528792,0.636323983632961,0.6398480479601139,0.006555868421888835,0.2816089766078268,6.344838299816646,5.7413142120441245,2.503274025755701,0.9691256023442218,0.976579667597175,10.521274594520678,True,False,False,490
0.3153195143486891,0.30361582401751475,0.3100712668447476,0.8983131178257479,0.41873808594641826,4.013983881684094,4.866425485783024,1.9429879642612937,0.9794785545507037,-1.8343077934785699,3.402591100591708,True,False,False,491
0.31668201201374313,0.3050108393144374,0.31090551802369665,0.8939324278453246,0.7796903500904928,-1.0090105270442973,3.5611249544283763,1.757110457430014,0.9908046448045013,-1.8338379841168897,3.9260618503634115,True,False,False,492
0.782462949046837,0.7797267901230803,0.7843272678459589,0.07622930004302612,0.16069312302110514,9.742186543129007,6.69965460409874,2.1477253744586284,0.9920748158425612,0.4875094943100775,6.166136400489856,True,False,False,493
0.6930612795461774,0.6890195286478491,0.689486413873982,0.2998512789267275,0.41812028152326614,3.3778126675508484,4.089632166531293,2.420046388747292,0.9499507654443851,-0.8527953573371798,5.172617198511006,True,False,False,494
0.03471191407723418,0.023942740517020764,0.0446997004490174,0.010569441321287577,0.2807537845953786,4.452752628909585,4.0218453193426456,2.288539208022846,0.9838154508110871,3.582766845922325,5.446131965345304,True,False,False,495
0.33225596314133254,0.3209569050209895,0.32201559808722025,0.3410780835127857,0.859057148442022,0.7957499032937577,4.426510094665228,2.250429401355222,0.9830371133960609,-1.639015981755442,5.282830015647956,True,False,False,496
0.3426509547977937,0.3316001759755472,0.3382972122244981,0.17355914542981318,0.8315933000193912,0.923236072343058,4.287688016016495,2.0861647115492152,0.9601799395992867,-1.9454905383671246,8.523683102321677,True,False,False,497
0.38077145419343267,0.37062358598740786,0.39083414574030123,0.06750951534301967,0.9955158744659662,0.021451414305692793,3.771790423738088,2.32796056463912,0.999329299739067,1.429938462935712,4.868933410911138,True,True,False,498
0.09142603456084052,0.07690261714765925,0.0694376767688574,0.9213464111358701,0.6558122907491941,1.7666859160262136,3.9074900187809054,2.346539931791811,0.999329299739067,-2.948098424781941,3.9393769554075417,True,True,False,499
0.7723645317279989,0.769488363330241,0.7710158042266045,0.2761191883376977,0.61624728194317,-2.0421289319247626,4.014198615725736,1.8177743934994075,0.9674920881384315,-0.5294903101666568,5.824548668806939,True,False,False,500
0.23395568595903535,0.2203884704687675,0.21399125017451853,0.8684893150133622,0.1321795179940279,-5.512540263291476,3.51903870908262,2.198533225549467,0.97011327600794,-1.8657745142789346,3.0207358199012457,True,False,False,501
0.3790895328032546,0.36890221654655797,0.36569120772019215,0.4547260566021754,0.8125118288021436,-1.146557099543482,4.773535006749528,2.302748530337373,0.9696686119455452,-1.645952323438289,4.688764570136879,True,False,False,502
0.7565709855182562,0.7534723270742308,0.7576230892774448,0.04375886755111495,0.3976752315065965,3.0766893048067696,3.563484465817441,2.0567291889743173,0.9930506916229146,0.605106312609041,7.950415088265418,True,False,False,503
0.02639573100566731,0.016925296626144035,0.035549895368582385,0.016119123451999926,0.432093476316327,4.961066993890603,6.193482470879002,2.5782240870772704,0.999329299739067,3.6029468761220795,3.8613511845643975,True,True,False,504
0.8183011599185649,0.8160488962932161,0.8185772127745513,0.28621304717654394,0.5570215890144984,-3.281340418421301,5.498233885685616,2.0574244138233433,0.999329299739067,0.3330900222021089,3.0739952461558238,True,True,False,505
0.7242104506726679,0.7206414705539625,0.7237868621843643,0.0053155525231559225,0.062355320127132206,10.670144099431703,5.420529693246653,2.1308991004658693,0.9936302172318695,0.6444307947131431,10.071648365665752,True,False,False,506
0.3842849124719934,0.374219302521952,0.39329011879068027,0.02237175238123748,0.2539230938717419,7.772263387885138,6.625873767188546,2.2903120228732865,0.999329299739067,1.4897048763283696,6.812378312486917,True,True,False,507
0.44090603930014105,0.43213241574046923,0.44304829103512927,0.04474209211547702,0.17902044680374884,7.926844597192446,5.701831572002577,2.0510278671129933,0.9648831523488627,1.4933071635090656,6.328598870890951,True,False,False,508
0.3508109660462245,0.3399547029308788,0.3429536756910938,0.1899974640788446,0.9778413644027605,-0.14201570390166104,5.0524879576358215,2.281446623184335,0.9353940190579076,-1.9815661898423418,7.434648669575291,True,False,False,509
0.06731441304310898,0.053691716680118844,0.061671599425228416,0.5493077311878644,0.8132623786895911,-0.7858922493003214,3.2853738677652435,1.8889441943232423,0.9542927245780006,-3.226697130820317,3.147611774534997,True,False,False,510
0.9849860555270623,0.9848062743948951,0.9844940712340476,0.27194072900286603,0.48636594999763233,2.453159642426462,3.4619883768493023,1.8553575509858948,0.999329299739067,-0.03155064186207479,4.25518245347428,True,True,False,511
0.14438650921896515,0.12947719844635544,0.12597653224478414,0.7354644851436141,0.39902330323931473,4.4705260012517645,5.192931445283752,2.333295169028713,0.9866991173077935,-2.759721707855,2.317085846238392,True,False,False,512
0.7074481677920854,0.7036273461139917,0.7036522455509725,0.26753836914091195,0.6437099639283548,1.9482519643205263,4.1516365547839005,1.9118541340312116,0.9367114293848564,-0.8154099278651197,6.300743518765362,True,False,False,513
0.5914951596721233,0.5857534819318171,0.5871070390132486,0.019150851938848787,0.19350352500958098,6.08864294208938,4.532505266709568,2.3305399835587086,0.9827445146355737,-1.209589774579138,11.098819294417375,True,False,False,514
0.05645404054963459,0.04350433526780917,0.04976801008810484,0.6184400139690479,0.2383777154315872,5.4969500436542535,4.529493608743336,2.1824209295390533,0.999329299739067,-2.9990951381650017,5.8098272106821245,True,True,False,515
0.48873573072606336,0.48099310519805427,0.4827876099381536,0.4850859407699817,0.9992442778880662,-0.0037119710092733773,3.8727031985050795,1.9713336613894448,0.999329299739067,-0.9920605144665058,3.881635996359683,True,True,False,516
0.22847167678823935,0.2147903682883511,0.2238957544370103,0.479012319327342,0.9677208701062088,0.15975506000106915,3.9010138040465,2.1417936452411053,0.9848175006894359,-1.9113058548884423,5.0499382213233535,True,False,False,517
0.8608393050998647,0.8591386524706903,0.8629915711841302,0.07913664274835289,0.7844824225074603,1.2345261615703473,4.456646456280535,2.388889652440712,0.9893864614504437,0.31410320807221126,6.310233158858022,True,False,False,518
0.3608464647002035,0.3502286727325612,0.33773311284961727,0.06287225746875073,0.4508709191603163,2.782259758926928,3.62138349361698,2.089252430906479,0.999329299739067,-1.4383496688086579,8.180364826809157,True,True,False,519
0.542749788887661,0.5360958557494944,0.5399008327684551,0.24500325083430535,0.4811310079154357,-4.299759015728101,5.994902194766747,2.33390968356136,0.9522213358695925,-1.1182510348654109,5.501655113349007,True,False,False,520
0.635097689007303,0.6301174735534679,0.6309940779696933,0.469800123066156,0.6134698463562263,1.8047354132395381,3.5196392027891403,1.8272640716776558,0.984252938229187,-0.8619116014856791,4.549800727436889,True,False,False,521
0.41321790961328714,0.40382109597129123,0.4250463792439607,0.04793415046853419,0.10484499955836966,5.100141285225903,3.008847359823589,1.7662315632495207,0.9934532528835176,1.6217762951851213,7.269288684471713,True,False,False,522
0.6193453233625636,0.614095763088087,0.6210226609059311,0.02443186986977531,0.08644057714164093,8.225237112776039,4.57263080931352,2.2138127843515165,0.9914002538424799,0.9112090721613084,6.9774227866610286,True,False,False,523
0.9803642809893207,0.9801291168254115,0.978861166067088,0.718533193707591,0.9885159838532074,-0.0645859492599573,4.434044039424811,1.9590756767207185,0.9900858465298291,-0.04434352392840801,1.448041975363521,True,False,False,524
0.9454332087979099,0.9447778716851309,0.9442716927685119,0.7553064488294223,0.06189494102183457,7.798235500290835,3.9539947618616154,1.9040039103096336,0.9976374390352118,0.10631822698045756,0.9616613841453465,True,False,False,525
0.05965356451582889,0.046483442651695,0.05302774239773495,0.6273266766087428,0.8212932554025771,-1.014242675770578,4.434279525319263,2.0719811463795548,0.9839236008038988,-3.145992581101426,2.8297880506617883,True,False,False,526
0.4932396003510275,0.48559087834727066,0.48690290449157436,0.3951156657098342,0.5917516353811594,2.847099766433112,5.227676902527088,2.002400809962566,0.9747843129138801,-1.2748449135359197,5.296111623162629,True,False,False,527
0.4627267273242376,0.45443097269379107,0.466819495805436,0.13050290659916286,0.20015366789982328,5.4152874384630145,4.09406129876392,1.8025164658773034,0.9405258869938439,1.520882154154127,4.971437380239667,True,False,False,528
0.7952495579042048,0.7926882912823434,0.7935776552337461,0.20960313870710343,0.6417335917919286,-2.205963267578418,4.672793252892952,2.275367807419738,0.999329299739067,-0.3984235586707294,4.737305381185248,True,True,False,529
0.7588686582355256,0.7558026434018459,0.7597609527767589,0.13595357678669975,0.379192158635549,5.323436709653933,5.925895948611455,2.2810172495325456,0.9815927904894827,0.5939550899394792,4.829422089144412,True,False,False,530
0.14742047240741826,0.1325284317502953,0.1303099981730614,0.9818858693430974,0.3110448608875314,3.125940142991142,3.0113109373748292,1.85000854088342,0.999329299739067,-2.5262467427139654,4.157299529902565,True,True,False,531
0.15649222280829989,0.14166889065325872,0.1705288715176403,0.005845696554525369,0.402789281302023,5.3154640207910075,6.224832250908054,2.4247133969255974,0.9829664722330096,2.6630999940071867,9.10846301366092,True,False,False,532
0.19894785069593202,0.1847024130101137,0.18760257873114372,0.13584751461028102,0.9294415793903619,0.4575931918160936,5.106154671004493,2.2653919714542625,0.9835506093665181,-2.301194920468589,8.769691595444996,True,False,False,533
0.25522162599602605,0.24211644102796215,0.24321524679604917,0.6980933020306512,0.5575702051827182,-4.2451534542513185,7.123195099759767,2.13336266604619,0.9734698502563311,-2.1834201707428753,4.535535992383556,True,False,False,534
0.2191267630658548,0.2052569682944156,0.21328636077231336,0.00866662971797914,0.2709932500791881,4.789984044171717,4.236874815161049,2.299439673822873,0.9958931309253478,2.656938100706995,8.698615771472376,True,False,False,535
0.42797687906207305,0.41891448623440786,0.423545348840974,0.5631025835177877,0.43799661115201644,2.4647902465008773,3.117490908494031,1.889581800501894,0.999329299739067,-1.2976749657915803,4.208611100088476,True,True,False,536
0.17362363775928927,0.15898967260424035,0.18499979637228234,0.09335982519048448,0.27465743534800957,7.580691988591216,6.758283833311991,2.324367209235733,0.999329299739067,2.114456940960024,3.564515059180536,True,True,False,537
0.638787330030886,0.6338692866248465,0.6441289106853559,0.20984381600640453,0.6815343668947837,-2.4569634174636263,5.904266815132776,2.2838317480883092,0.9741264862035615,0.880891172903076,3.8809804724351395,True,False,False,538
0.1955058540197179,0.18120148621262155,0.21315093427844142,0.08263438441111645,0.9321326927106365,0.5609610097687425,6.508500569311882,2.274231309951133,0.9715740759519963,2.4031993705787325,3.852352092258383,True,False,False,539
0.4632419050592048,0.45495728334465557,0.4547947413339297,0.5575144987183999,0.21027680598209766,-6.265792881507693,4.848376515633316,2.540156826750197,0.999329299739067,-1.0321999959079653,2.903273021508,True,True,False,540
0.43186887306040617,0.42289383065395136,0.42814088979246556,0.15878164460948635,0.6115603807326854,2.02280434423194,3.9236570029225644,2.1080071832497347,0.9594863287513057,-1.6390708301788743,7.866421151649636,True,False,False,541
0.6341247626737315,0.6291280955795147,0.6289777443650486,0.4635902557086383,0.8434747149707095,1.134521783310161,5.6751836366024495,1.9684573640764431,0.9797079902359314,-0.9410456283812252,4.63420708316566,True,False,False,542
0.8470024726547146,0.8451247884187026,0.847290472082075,0.04090634431346835,0.06972275945253592,8.297778355134504,4.341630819556477,1.9575095038059214,0.999329299739067,0.3720918643879596,8.343445555216427,True,True,False,543
0.5528226991205123,0.546362702521489,0.5573270939815002,0.03352433905558588,0.6427481452422021,2.280288894353438,4.84506110752788,2.1874619299746647,0.999329299739067,0.94907646971786,7.159112475776251,True,True,False,544
0.4641498148471935,0.45588479582354013,0.4663344643011303,0.049972406897966504,0.25508712301926056,3.5222933737141435,3.0103662662208617,2.189941198623878,0.9717032173291257,1.2767333328138593,5.257273860932976,True,False,False,545
0.2604962555842957,0.2475095895831918,0.2643325332851517,0.031104354100442162,0.5063487799784202,2.275463053651862,3.365516915020683,1.7871980331827744,0.9856916189478948,2.23235486498747,6.861915651894455,True,False,False,546
0.6377392124462834,0.6328035427655352,0.6375377105923197,0.01761170275007644,0.09630841653397247,7.691820442795619,4.417933135469097,2.378475569141452,0.9717638787232739,1.0122371264143109,8.826523052304704,True,False,False,547
0.3871785578361904,0.3771805403537334,0.39416825141299144,0.13127204886645172,0.6925224299051849,-1.9173548829579874,4.782279030827002,2.0964346316749216,0.999329299739067,1.3102742534644705,3.640205315928971,True,True,False,548
0.03148607781496196,0.02117949136808937,0.04266061745812667,0.01034150201816777,0.3303662327599134,3.1687277304820687,3.179954104250184,2.0348742430931,0.9760338298123783,4.888617777816426,8.994000681366266,True,False,False,549
0.5152114680699684,0.5080127341024081,0.5113849432107247,0.7829042381262795,0.1692155816404339,5.65037881307885,3.9687309741250387,2.2483185281787827,0.9923424197782633,-1.0426017701299342,2.2109061842623596,True,False,False,550
0.9742725774876889,0.9739643651375763,0.9742884802132019,0.2373027552890586,0.4561111308665776,3.6692131932624332,4.832348866989893,2.0864324558039624,0.992111880381383,0.05615274026528905,4.265062949724042,True,False,False,551
0.3622662600036787,0.3516821231480356,0.3546527627314963,0.49392393454766836,0.7881570162771042,1.92632798003716,7.0779268706274925,2.124691690812306,0.9753189546908205,-1.7576016048802403,5.1677844213859245,True,False,False,552
0.17110295433851666,0.1564368353280675,0.18779147375784688,0.057252230616271674,0.4155735941584109,4.715205177960143,5.677239467755819,2.07189754549316,0.9919926218260218,2.3743609799047745,4.578044976767824,True,False,False,553
0.9230421996026121,0.9221150266163577,0.9232004549737074,0.03815558883887591,0.392462329363368,4.641948321490355,5.316391439680297,2.309151195365541,0.9751998340714509,0.1746199452934709,7.916938422251997,True,False,False,554
0.4635564868789728,0.455278659777119,0.46494057564283986,0.9606274772412099,0.49162819378265266,3.7136307005719686,5.3054128692784435,1.9087784643778174,0.9260856840029991,-1.432301805507392,2.0766162800103407,True,False,False,555
0.1658524652384936,0.1511238822987838,0.17879549486842214,0.003985411998706998,0.05946264157616236,6.699173761909991,3.3620240880627286,2.0156900299934803,0.9814266294513864,2.9606795963598733,9.242733158385636,True,False,False,556
0.1015776766772582,0.08684849699949707,0.0865466292939714,0.8406061437413963,0.6911384880061799,2.142432015577857,5.318336700292832,2.140290746931646,0.9929840246032968,-2.7814719032359623,4.520015016938674,True,False,False,557
0.43821177642540754,0.4293783124163547,0.450687434409689,0.02582845961671192,0.22227109201302536,4.882995956760453,3.882169700315025,1.912039147243329,0.9943559458909921,1.7240595841650874,8.738077363916888,True,False,False,558
0.8791629601841274,0.8776936334782528,0.8802845100956378,0.5952279387136584,0.9513653805826451,-0.23277232239911047,3.7711068601512956,1.8707922858859196,0.9986808855788,0.24189099091073385,1.6509680050455984,True,False,False,559
0.760710064414878,0.7576701422023572,0.7589135335239594,0.2029806166330471,0.7434487973408571,1.2614486342094522,3.803679682958904,2.051811212864752,0.999329299739067,-0.5262750004780363,5.744207581919831,True,True,False,560
0.7230356070481604,0.719449165193431,0.7246607337191006,0.10830303312141362,0.9734651675524548,-0.18460718571008847,5.484261787170494,2.40205486982353,0.9824218899601393,0.6065371013426635,5.301955535426875,True,False,False,561
0.4005091637986251,0.3908205926640005,0.3951598727957683,0.20395646506287485,0.4558066208381513,3.4561321098614504,4.548604139197259,2.3598966153660803,0.962520759193199,-1.5506715357829517,6.321644333582698,True,False,False,562
0.7632435631424497,0.7602394414031839,0.762977720265804,0.04302277876171855,0.03406030355312282,12.309020104946024,5.429282576838705,2.465627294058214,0.9416977324977918,0.6584390304381316,7.176729417928804,True,False,False,563
0.5422430285405417,0.5355792631919205,0.5393990726964256,0.16008417289367546,0.7574929471446132,2.402318432821872,7.679231347535149,2.2454507717632985,0.9693068068913689,-1.1678547447201346,7.052498640203923,True,False,False,564
0.9512473286120733,0.950662196059127,0.9518000510938214,0.15682730894358546,0.8849671444150143,-0.6243368549040221,4.26329715695243,2.2103570570746944,0.969221076181756,0.11590673103900073,5.415026258573127,True,False,False,565
0.5030216063641417,0.49557489129561216,0.4999100753192236,0.05648819509398126,0.47829916893582813,2.783437365131474,3.855543972588195,2.4508044927159833,0.999329299739067,-0.9866388128920294,7.761643657207612,True,True,False,566
0.21964294910276916,0.20578335369701933,0.22671706237752054,0.03115233053465691,0.130364317087075,8.78736065864534,5.581759489836864,2.322071806831177,0.961210876330772,2.832395554208018,6.087353043933414,True,False,False,567
0.4801260720676585,0.4722023821364776,0.4841260598725707,0.02936508523547409,0.6854192291319839,2.4198452886924207,5.891331964302983,2.150570808825439,0.9795151156274403,1.3851970526353927,7.667732675349028,True,False,False,568
0.16755515242971272,0.15284613590666876,0.15564988814032674,0.7120656204334035,0.5728112198648729,-2.500111326055679,4.36412925680909,1.9204867088770718,0.999329299739067,-2.1794956326574693,4.85820549721377,True,True,False,569
0.34138847223594165,0.33030756231278935,0.35495654942169463,0.08232048309280854,0.8606529468374249,0.5508197798606833,3.0995250303258426,1.8364372449229225,0.8721700573463588,1.9530025552735761,5.315006478857212,True,False,False,570
0.14933503315351193,0.13445542159735013,0.15432947619095763,0.02822427669286715,0.18357454955388092,6.4658371609936545,4.70185945678156,1.999298974037054,0.9679005200842344,2.625305844757673,4.984069741265507,True,False,False,571
0.8180073026540572,0.8157511480038655,0.8165438649006962,0.06025876237152157,0.6277444764256452,1.5967672693269528,3.2447154111178618,1.883791137408426,0.999329299739067,-0.3941943896502007,8.555208492769431,True,True,False,572
0.6019796665061671,0.5964256784238905,0.5982059972484418,0.03978831854718045,0.46349434256737143,3.2610125051692473,4.366946776643407,2.1331638216851916,0.9981220146439213,-0.9348372461339647,9.062860318301858,True,False,False,573
0.7881506956588679,0.7854926543907093,0.7822767101432764,0.24270897940999075,0.6167534299573278,-2.619723599441924,5.157017188348777,1.999075204878763,0.982834328316212,-0.461112129049706,5.256371601400445,True,False,False,574
0.5207539851505487,0.5136666209147165,0.5177378279954663,0.9357546256517877,0.6507369839925572,-2.013293320486456,4.383384485236557,1.9623434053499484,0.9720330412244012,-1.047517155450102,1.3179135280201217,True,False,False,575
0.02245899554868182,0.013743331149735031,0.026881444712395907,0.009734408608445213,0.05872016459921256,10.219505442627902,5.1124017576583265,2.0938580434564993,0.9740609155629731,4.4711259135736405,5.129851280498339,True,False,False,576
0.16967741069885914,0.1549937165290042,0.1667520254096547,0.023629334750485082,0.7954715592006206,1.4183592991672391,5.402668000308508,2.1522178153667917,0.9740866221168388,2.7279998130281493,7.253569934259932,True,False,False,577
0.07835069614138003,0.06423110745282982,0.06940458774909507,0.6030983154709553,0.48989553545939485,-2.9728122277015707,4.2299233869251465,2.3667392192570302,0.964091543212149,-2.640128715047275,1.8317065078076944,True,False,False,578
0.8424442242095427,0.840507739656439,0.8423114058975599,0.27210364692728173,0.5402775245109328,2.2720672163642974,3.6495719279272185,1.9487704177593637,0.9817427397070906,-0.33375087154874894,4.9147880286578935,True,False,False,579
0.6735628518941972,0.6692142980510265,0.6762995797618792,0.09121300566313194,0.1164898963819718,5.494307991196054,3.3559386805125944,1.83497703425845,0.9637858200649546,1.0541072532228064,7.086263313855677,True,False,False,580
0.6289304138285697,0.62384550531495,0.6297394517846956,0.10506886221671344,0.44237359586386976,3.9253265046909136,5.013247036948839,2.134744497151952,0.9973132565419502,0.7866672030125361,4.906763169109944,True,False,False,581
0.8935167125819748,0.8922263914588617,0.8954295441890584,0.19422454556573768,0.1220518090278502,7.005080969699825,4.34757387822285,1.851179998507343,0.9905720420666009,0.27136044084363053,5.766180682865537,True,False,False,582
0.4694158118974602,0.46126405849925545,0.47611686230762196,0.06791122869014814,0.8530764617133549,1.2850431130087994,6.853942346505192,2.1301487654848144,0.9812611107480643,1.3008032193595334,5.6654757728200895,True,False,False,583
0.907494223854414,0.9063765900736515,0.9044529294867953,0.09391560562650854,0.6685594289279979,1.522252089107166,3.5057388960132103,2.064735550942961,0.9885371347936204,0.20957989796353438,6.453651704473231,True,False,False,584
0.8672207754555358,0.865601068395651,0.8639068773462867,0.12110774651347622,0.9104592356756086,0.624267762694943,5.484544936623465,2.0816056951801474,0.9894235967954028,-0.3235548939239674,6.934897823033585,True,False,False,585
0.22446651216336597,0.2107034523229377,0.21560573003987127,0.5272058128992425,0.7727288344946277,-1.2087817033553527,4.13172571858929,2.6418034711438727,0.9718974055500639,-1.8165953015983298,3.708067224403485,True,False,False,586
0.7627617530609435,0.759750831729901,0.7578889554412603,0.4976714957429108,0.6787078064012636,1.1212276546522721,2.6692033799650554,1.974445325032907,0.9938674327874643,-0.4903017088118169,3.3081104605079306,True,False,False,587
0.2572397055384531,0.24417970998069255,0.2701263090696617,0.07666323373231536,0.8767681813917167,0.8889891440338437,5.6634479608552715,2.3759694812493772,0.9824406641085188,2.14303058871332,4.864184342876366,True,False,False,588
0.11556309807497706,0.10067068536470578,0.1276650836142394,0.01105391610277549,0.6441154317288577,2.8892176044764577,6.164367338023732,1.9031755585405552,0.999329299739067,2.7453755056514586,7.285842073352313,True,True,False,589
0.5862258420976199,0.580388712332566,0.5859918697311172,0.06688400172226756,0.23875263458415702,7.4293324925764805,6.126836078090731,2.4338019616346407,0.999329299739067,0.9012503177229148,5.107234414564516,True,True,False,590
0.7739694173157083,0.7711156144609743,0.7730260817372293,0.13709295717994469,0.4141537520750856,2.960226269879826,3.5531904639474106,2.2107556235232413,0.982924180169138,-0.4724977972105533,5.737475502384681,True,False,False,591
0.01458745360355383,0.00776891689097114,0.015370908515155652,0.001993295135470019,0.06907101037770144,8.066474663671793,4.209936030577978,2.0256122739268716,0.9822653623527698,6.051547612804781,8.947589006051526,True,False,False,592
0.806246234739439,0.8038333487172494,0.8066463934963062,0.047058523500055766,0.6570022196127066,2.733255908901659,6.067836618132415,2.358011120514125,0.9795036384220067,0.4287091205295823,6.7518926614523,True,False,False,593
0.24037890072329432,0.22694819726683405,0.2311213697951277,0.6801647045158004,0.8016893937789117,-0.8944692824638923,3.5165090082342987,2.0223588433132624,0.9885295632639307,-1.683470688315893,3.747911771695513,True,False,False,594
0.10372247942783329,0.08895993477091023,0.07841972557368523,0.9253461173414546,0.4876750391218542,2.1579280487796684,3.054621402706558,2.202437139227398,0.9965226805248149,-3.2104786530973803,4.58325642943014,True,False,False,595
0.571100386720465,0.5649850426273477,0.5753108268225565,0.1135095791548726,0.29160494027367656,6.436260724795667,5.949545604654343,2.3610517942370572,0.999329299739067,1.1760469021133115,4.981004015183832,True,True,False,596
0.10702988739968702,0.09222212703039684,0.10066019554673382,0.2863544368143265,0.42181754537058086,4.219831187852251,5.150542501043507,2.4428582097673823,0.9866574862661388,-2.5569831560469263,6.070002455608497,True,False,False,597
0.8396438389977868,0.837671106510119,0.8377589207856798,0.8515747304119033,0.11134269652647788,-7.81458197741561,4.701546030133522,2.306760753443615,0.9957306448220175,-0.29733873573779357,-0.18506240164828336,True,False,False,598
0.5981375185055376,0.5925150931975101,0.5946128525431227,0.7894783519194153,0.9800229269496291,-0.1086160027449357,4.286325096860046,2.3057204732335657,0.999329299739067,-0.7279860247035053,1.8048033831268957,True,True,False,599
0.3631069771607515,0.3525427580068434,0.3709309159648813,0.012241060803725086,0.06223868988990644,9.273756507003434,4.708871066255853,1.9791824649663559,0.986533226312263,1.8163051107654304,8.9401179353003,True,False,False,600
0.41060676369817073,0.40115028119951024,0.41642262293550564,0.15808400151868088,0.5780160014422497,-4.136895141055958,7.321078693858987,1.877042286587689,0.9142737131370334,1.8901275791445968,4.303617507659727,True,False,False,601
0.8613284213626817,0.8596339880447739,0.8579814446452324,0.39201092936813897,0.8285718104649062,1.0822898814151483,4.9363133342654715,2.011375956341747,0.9894617048306416,-0.30137929080431736,3.7796618204370938,True,False,False,602
0.39830578548415146,0.38856629763804196,0.39180665085981675,0.48316895012469263,0.28698214038897685,-5.273065616810352,4.826537674714099,2.0391115112807734,0.9745931834214767,-1.343107719291327,-0.40235551197603747,True,False,False,603
0.31877569404877965,0.30715450866500293,0.3066162667946366,0.9279814948540293,0.7130222276584822,2.2852044003054095,6.129586122833714,2.000747106185348,0.9866302994685905,-1.8684380328642116,2.4239047835359067,True,False,False,604
0.759771619336643,0.7567184070174044,0.7582212341268151,0.41542635793317256,0.9391887552944441,0.4256405066232872,5.5128870708945605,2.1192531040660447,0.9154413363158631,-0.5579083308866735,3.694707196296223,True,False,False,605
0.25458001064379265,0.24146050069442604,0.2495485343461371,0.7941485865574606,0.32334736856789464,4.9976688314409525,4.94144351586549,2.646581978629475,0.9418337776077969,-2.002309001972041,3.0030142350675124,True,False,False,606
0.14215570539946046,0.12723567150669296,0.15630121995706012,0.033653007847993535,0.05442700524682253,6.742820438302105,3.3098096018388388,2.0294281288772167,0.962308607786985,3.2011953615137756,5.785117046083122,True,False,False,607
0.494108695899555,0.4864780293723544,0.489758682888173,0.33947862549775215,0.8008306803345153,1.0048584919158603,3.933069520673635,1.9734082974710703,0.9528318834950135,-1.3013916423093788,5.654342142152213,True,False,False,608
0.699845941431163,0.6959089403899272,0.7008549823088107,0.09054096401895262,0.9494580287237622,0.3335280795524954,5.199243101582053,2.128142932032209,0.9841264221360027,0.7036102463622971,6.285765232771319,True,False,False,609
0.35507133894479953,0.34431643119711564,0.36454383547493563,0.03591712057475642,0.26877573312832936,4.785496058751626,4.212770578540691,1.920314819373196,0.9899170099190236,1.7020576034246169,6.659946218862613,True,False,False,610
0.1283699296586532,0.11342503673049689,0.11464045588667475,0.5723740948082608,0.2981450733349436,6.147681084723048,5.762380676844879,2.3679347283710563,0.9960674815399423,-2.2364428361812436,1.0002704832792668,True,False,False,611
0.026196216857776244,0.016761565536591416,0.02066211998543507,0.4372287826241651,0.37594522662664487,-3.8466405954588376,4.252370593122507,2.2395325543282096,0.9339081616792284,-4.055554167081539,2.911245492352479,True,False,False,612
0.3988965902030538,0.3891707642494261,0.40119138233771573,0.025151083181296486,0.3406058680852585,4.94174920966912,5.067895016118691,2.175677952244073,0.9841225823770641,1.5940615575542294,6.612645710285973,True,False,False,613
0.1503810357509699,0.13550869871132556,0.14119312742139986,0.8494738408768658,0.34689672685969003,-3.5702731270744827,3.710516343824399,1.9041181657692687,0.999329299739067,-2.170793514025618,2.8223523172813954,True,True,False,614
0.5897644902459729,0.5839915452144503,0.5902847899305811,0.25024811151777293,0.8276739568344071,0.7209942809487215,3.2710233157216577,2.006311985564434,0.9312271811133507,-0.9564862246535197,5.438956022117189,True,False,False,615
0.5052149043877978,0.49781311586996035,0.5150503999950167,0.004159527237394991,0.045941616181290806,9.985399475170926,4.7066520083590735,2.2210044933412174,0.9939657021983099,1.3594357940354218,10.322187493385215,True,False,False,616
0.7986981369561439,0.7961835997393083,0.7999561651073264,0.0969288348764956,0.36631047235142467,2.9228880309925906,3.165507350343898,2.2851935219507173,0.9934520495398295,0.39123566181696123,4.749367990712923,True,False,False,617
0.3890041870492702,0.37904874009789,0.40152945537879114,0.31116920184976044,0.8653007799569976,0.6184503505364477,3.6014805231626204,1.7971711403985002,0.9592449625711686,1.7124612334007188,1.9066582137578703,True,False,False,618
0.04369483522392213,0.03185482095742556,0.05568241898939776,0.020370429988774676,0.7620496483480187,1.3560880640309614,4.420730344005381,2.0873852775664727,0.999329299739067,3.7944462868595186,5.505864941481895,True,True,False,619
0.6627817480319008,0.6582597694145481,0.6603990815865997,0.11928207195061372,0.7280067733706084,1.2836521736843383,3.641989583270207,1.8298591189218072,0.999329299739067,-0.7868919127882821,8.069908502505447,True,True,False,620
0.8064667167095498,0.8040567872153055,0.8049352150799648,0.9061819747931156,0.8395537067097087,-0.7410531211252143,3.6150666391125053,1.7942553745667744,0.9984968387076318,-0.4085471689786152,1.2033358045933944,True,False,False,621
0.18040405810390542,0.16586303010797518,0.19385004499674202,0.01316547185242296,0.17648332795453597,7.219609489341339,5.161466007391469,1.9373477593888333,0.9841036296776114,3.3238291821065094,9.077922123718245,True,False,False,622
0.35783872030902175,0.34714955956704796,0.35579889348465377,0.007344842162777296,0.28102713929057505,7.731556162908331,6.9874309048618155,2.167375685286589,0.9637465443117471,1.9094947327193044,9.08610816941485,True,False,False,623
0.022239788783301132,0.013569388347260217,0.02651666333767539,0.0049879468164528195,0.31186821529070285,3.7880591866447446,3.6555205679482285,1.850414145980932,0.9963594956721729,4.947246730482171,6.678312331513338,True,False,False,624
0.741693065262234,0.7383806744465204,0.7397131724621101,0.25920509403196945,0.373342383395486,5.1420657838249735,5.652946971049479,2.3851757854043005,0.9930350637216161,-0.5469525621432556,4.68709044300474,True,False,False,625
0.13482746373192747,0.11988485284307596,0.14546043996518443,0.004561224405479074,0.36108195861093484,3.693752861522167,3.9561292222866036,2.219013797761735,0.9594836588082395,2.980312915673645,8.990070062143939,True,False,False,626
0.28164933743473947,0.2691491141675595,0.2892331546669133,0.03169712368066687,0.7337136680212789,1.5079958007841625,4.374215680711727,1.9250525904249525,0.999329299739067,1.7393064885236091,5.7764062716412585,True,True,False,627
0.07097645004229439,0.05717043958357059,0.08325787386944698,0.014632683692886268,0.18098634586526474,5.417294225297493,3.9151098037951235,1.772125925800136,0.999329299739067,3.505631809200903,6.494763735456109,True,True,False,628
0.35827725790857134,0.34759850886507015,0.33747658712967904,0.22055097355693054,0.7099435110822241,-1.58606757671467,4.206879824124611,2.225549699265326,0.9979222398101844,-1.518179705210562,6.375293486541363,True,False,False,629
0.8639749360132987,0.8623141102966394,0.8666319368491454,0.11419052782067875,0.6861528149588072,2.2729952202417483,5.547531679064301,2.2874542203928248,0.9369678624764366,0.36485210909846,6.332236903733982,True,False,False,630
0.4193775937446649,0.4101209492012783,0.4230869688711643,0.13263452278350316,0.16504187450641838,6.215538365259134,4.320973881191809,2.01547744439846,0.9818388498837204,1.5739922375453572,3.9482570385119753,True,False,False,631
0.22985154880020595,0.2161987209548399,0.2174706429029085,0.9907447113660316,0.5915685598222021,-1.9514055529764964,3.581274225902207,2.1368487149137643,0.9903546103010781,-1.7428791286771383,2.4436179383792584,True,False,False,632
0.5905082917719996,0.5847487946562117,0.5923875804245763,0.02704922239511466,0.1512673196181414,10.63464573627771,7.140573685892281,2.185092951698576,0.99354515639863,1.0217008748006826,7.889057859583577,True,False,False,633
0.3145861514634486,0.30286496312921934,0.30206452013316953,0.6099400565552312,0.40898041007254277,-4.07419560164083,4.835620428435548,1.898308000870304,0.9831410099655538,-1.8008195212809115,5.126550025205734,True,False,False,634
0.5128881223250231,0.5056424462331504,0.5021393612711184,0.6417794823709818,0.17431084184900106,-5.5763082371785755,3.9657164783455934,2.042153325636132,0.9811864780862478,-1.1090503395309437,3.3806584464105587,True,False,False,635
0.7594895887482517,0.7564323792701262,0.7604031880241567,0.054350622531899824,0.7569008481719113,1.523891701286327,4.858981833637661,2.1356197398302075,0.9632244539036474,0.5622945314292433,7.2578778980036285,True,False,False,636
0.5337226631745359,0.5268925008138867,0.5330118628926551,0.4079331974106735,0.5819782890263003,3.1193796776518883,5.578851696205841,2.0607625701121672,0.9739022102189813,-1.1374996029662547,5.052669985033622,True,False,False,637
0.7469048101950806,0.7436677616024918,0.7397589709247436,0.30130692659679326,0.2991699674950106,3.0740923584678055,2.8877065243409747,1.9330646287627364,0.9932217295511947,-0.49465649710207416,4.695863643120157,True,False,False,638
0.41413270807593433,0.40475676422906115,0.41921207928839505,0.29396778807768703,0.4324822051575441,-5.410399124128211,6.76022882780752,2.2640225091822685,0.9934643246823979,1.2681177060831943,1.855471601684046,True,False,False,639
0.40179322401141215,0.3921342814893015,0.4049058302182761,0.073053472657797,0.8009596854259052,1.4144206208748522,5.539788340933854,2.34282460600354,0.9877762583110913,1.333846737780637,4.723217268007026,True,False,False,640
0.4943508017727849,0.4867251612621746,0.5037057246828921,0.011581226544515964,0.3962647955187513,4.124772449427555,4.762895309730841,2.3408847436041973,0.9922403649796591,1.2532677760530362,8.695206903413181,True,False,False,641
0.8179204428237141,0.8156631378158151,0.8164384697507409,0.020737392451313126,0.7042658131807508,2.077637109803206,5.399471459899338,2.2556697956771803,0.999329299739067,0.35828950560242223,8.05398719549343,True,True,False,642
0.30472797447509953,0.29277198683228145,0.2971828966575294,0.6812041549761672,0.6579776605503203,-1.7672745764696507,3.9353656705491225,1.8355573333958886,0.9828160378351334,-1.8471777641994955,4.823484841101043,True,False,False,643
0.9258050651089069,0.9249115781922495,0.9267060253388246,0.19525299245102173,0.4134787041685636,4.622752683847053,5.540591592679602,2.494336835123776,0.9944673466519278,-0.13432700703060352,4.287322296928554,True,False,False,644
0.07117724357216514,0.05736174189977283,0.08910879435475877,0.001355524927667341,0.11254445918520378,7.025895325220111,4.242123432603865,1.922287489413263,0.99281366921971,3.599812228968469,11.774506656233712,True,False,False,645
0.4181474273555859,0.4088628564787805,0.4114567844417012,0.14265555749554035,0.6381673288712939,3.0440301236580924,6.379299467273683,2.351047521937983,0.983364519562664,-1.3504806935154292,6.363961160648185,True,False,False,646
0.5408214403641395,0.5341300546170811,0.5450641758659707,0.0025449531201563154,0.4333989735419496,3.2172042266919334,4.02799683646941,2.175175292907266,0.999329299739067,0.9892251991193621,10.789067517639516,True,True,False,647
0.6906523489229636,0.6865731607098504,0.6925218518770476,0.0250075627082688,0.11205831111538156,5.929863354131614,3.5752108512981295,2.3524769550570794,0.9921300499176559,0.6947526306074687,7.116883783878558,True,False,False,648
0.561507804144333,0.5552127395744171,0.5583270396853667,0.9527407874868257,0.6121554108942867,-1.5337614885850053,2.9800634669836086,1.8479743281500538,0.9937587301412614,-0.9437520631714663,1.362466562333015,True,False,False,649
0.46767049090508844,0.4594812796443315,0.4590690391318634,0.4952393851344801,0.7469104415600768,1.3660602807549413,4.177648778881919,2.37594665238282,0.9843305506329704,-1.194610718519252,3.720840875701402,True,False,False,650
0.7262014386163814,0.7226619866515731,0.7269996356985086,0.14264445781409502,0.1089762174911152,11.112844749508575,6.638792501685037,2.4333262237363273,0.9653467240271248,0.651775689386338,4.2764069318425495,True,False,False,651
0.610172576684818,0.6047632067245037,0.6075169309613833,0.05871673809407156,0.5204652073841165,2.813483540063474,4.30462111002175,2.3212569185157945,0.9732223832234995,-1.0445871986610236,9.174787610929942,True,False,False,652
0.22269564357913588,0.2088968906655066,0.2243888063636771,0.01671696332038748,0.958884252825533,0.293151954703433,5.618884263908453,2.146865986835035,0.97825502220547,2.6032663752986753,8.231334688853693,True,False,False,653
0.22264585428402783,0.20884610198632372,0.20803611935200678,0.7122409294867418,0.2163283212035463,-6.009946869101152,4.714670419318615,2.2025959435254765,0.999329299739067,-1.832873702955622,1.2005003083163723,True,True,False,654
0.7767447046950461,0.7739294749797269,0.7786914439109166,0.38851519362128967,0.9215707160014645,0.5817740157482189,5.838423679040434,1.9970929753949627,0.9920028106628311,0.4435979356897275,2.6181184665378723,True,False,False,655
0.8377565182228928,0.8357593023352301,0.8366307662570269,0.10382409495100237,0.19194948945721071,7.724912455548363,5.729691269142327,2.1970514788812316,0.962391913449172,-0.44797854212623456,7.645534935317993,True,False,False,656
0.25361304805111257,0.24047198877286802,0.2610174155141293,0.14348159690773438,0.2040732145921413,7.095691891055595,5.413169748582046,1.8488841753461334,0.9722837318172892,2.254310002157416,3.2431570937877963,True,False,False,657
0.8770143217248692,0.8755180400780038,0.8751771345013405,0.22116459565743526,0.38849065043220965,4.593935570027754,5.216702692536833,2.1812042544479,0.9691142796719757,-0.2802846170991007,4.872013139202541,True,False,False,658
0.28729985939825226,0.27493190380680255,0.2691043924277025,0.35792911769945884,0.9138596431481706,0.7208558699045445,6.5842394068442305,2.29073366506456,0.9972367019001798,-1.8339757177321383,5.417696230071945,True,False,False,659
0.17469462799624305,0.16007472972776815,0.15944883190413675,0.26945836315494415,0.37832239651866617,5.015583692266026,5.572833795296891,2.3298630918826517,0.9947271503515889,-2.3371034026261777,6.664187489369304,True,False,False,660
0.5411790779145462,0.534494646159269,0.5458307181711094,0.19498000304573265,0.9167335004552388,-0.4859304110635842,4.592269482849897,2.234200210807212,0.97023115509318,1.17525361195968,3.544141212663686,True,False,False,661
0.3477327794149027,0.33680319300595374,0.35682469561371516,0.08938686872415885,0.3140837907607955,4.753681098066142,4.608934377280637,1.8138729903856403,0.9927606478797201,1.4831130820711746,4.500971769434223,True,False,False,662
0.9902834358911795,0.9901671035048358,0.9899973139961661,0.17057483838261958,0.6581428235378126,1.8713387796814087,4.169256063828737,1.992287481222213,0.9909094213264147,-0.021529234560515143,5.444339181843958,True,False,False,663
0.43198048629268315,0.4230079435748655,0.425485766803569,0.20117500679055397,0.3385314720822444,6.611815552810709,6.750883348279686,2.31961347393182,0.9741005167239729,-1.4997312199949473,6.835813163349426,True,False,False,664
0.09869153216802674,0.08401254793634132,0.10938308126077854,0.00608866628813555,0.2587637945902065,5.978654455477084,5.150622008974413,2.1056894565201643,0.9963527780669226,2.8485486942249976,7.327821622778517,True,False,False,665
0.15029454541882448,0.13542159410943583,0.1404520074654155,0.9540312576192225,0.9828459687611715,-0.11198012000385796,5.146484521391696,2.2182681813756573,0.9840206119181736,-2.260102668587702,3.1731888760774725,True,False,False,666
0.7064448634701987,0.7026087803333578,0.7020092229936515,0.07965084036748947,0.7306017983855608,-1.8332870303613504,5.253733694012375,2.110715819425356,0.9807395075728047,0.7729412368438453,7.07802516123779,True,False,False,667
0.6778027919228683,0.6735216937931039,0.6812350596321864,0.0422455530877464,0.07520357521409916,7.989755787705567,4.268076188603928,2.1022764707615407,0.9950006450220616,0.773670706631373,6.70780123982171,True,False,False,668
0.7260844931677618,0.7225433090127944,0.7277268568969928,0.16198077612940395,0.49654667417778287,-3.1514620124947292,4.554442039204856,2.2833056480621297,0.999329299739067,0.533388678384414,4.59661013445664,True,True,False,669
0.7657875688357181,0.7628192816160569,0.7625938752128761,0.7951875811626937,0.9800309514309448,0.10587453847971968,4.179817739667039,1.9107724150465955,0.9954664210786767,-0.5050859843017306,-0.2054831552972314,True,False,False,670
0.1814987686238799,0.16697357841378696,0.19558906600353673,0.0819206674719094,0.1125851677237067,3.8309767819312763,2.31336089079585,1.6096186877821739,0.9916515183988712,2.550432466682299,3.827324403936073,True,False,False,671
0.1640341225882034,0.14928540407602486,0.15108290333227828,0.28382828370245344,0.8875182101317487,-1.0380373958676086,7.250215300031644,2.31727521828016,0.9990370493333028,-2.1556242547254367,6.455574560437103,True,False,False,672
0.13779312312790362,0.12285722496040703,0.15538971256626433,0.020197602594727436,0.5830736742416532,2.737954674953679,4.91104206228516,1.9915727246652382,0.999329299739067,3.137058252287348,7.047510317299401,True,True,False,673
0.30998556975934316,0.2981546984900481,0.2986280102920215,0.46220203994039205,0.7351057188798245,1.9645734713365044,5.729815344033666,2.3986144497289095,0.999329299739067,-1.609564860984718,4.2776814272559935,True,True,False,674
0.9215692493644423,0.9206240990734615,0.9214307230519715,0.28655255607898683,0.3605184093369466,4.135839656217524,4.424317686459875,2.1652908240223843,0.999329299739067,0.16785147463563854,3.6855358019750373,True,True,False,675
0.003301134946153592,0.0009201435398092836,0.006318296344948286,0.0005068062908049643,0.24965734546507046,6.88779724377358,5.817589728746529,2.0880332953441507,0.999329299739067,6.4071807712373765,9.926059383737602,True,True,False,676
0.2760828167706697,0.263453121786826,0.28975082615292913,0.05903878303259154,0.12309696430782045,3.903630730765334,2.4298961245414823,1.7074697862798427,0.999329299739067,2.158582672146707,5.649480415541167,True,True,False,677
0.3071345036587638,0.295235749791112,0.319701496873441,0.017697917982280088,0.7372738268949645,1.363038597609577,4.009573061526126,2.372957715128857,0.9659433723787446,1.8113582892337403,7.359481955467746,True,False,False,678
0.23070766989311964,0.21707259072373924,0.2432615057827561,0.02618389689076094,0.06222233708290728,10.431875336042621,5.296561118908527,2.059168483388543,0.999329299739067,2.1817624466279346,5.95634933518399,True,True,False,679
0.7777730666522352,0.7749720970219379,0.7772756522624945,0.7773451763439584,0.9914180518625993,-0.06501093935600391,5.972599715023281,2.2148823397793693,0.9870807709279972,0.4638740609762826,0.387957745016949,True,False,False,680
0.6677029642829225,0.6632604896677982,0.6704301930794535,0.025592824972203717,0.30238267463141405,3.4955559488437147,3.3060900389383865,1.9859131073202145,0.9771001422842703,0.8522381162384649,8.384926739044149,True,False,False,681
0.8316244707417259,0.8295473992465275,0.8303057593161582,0.6238962436484169,0.4063629019643108,4.5065234630896756,5.3184752493507075,2.231854787201603,0.9369553816671066,-0.39264441768008274,2.204257185975683,True,False,False,682
0.7133727698050573,0.709641631969268,0.7099585232040612,0.18691021297048632,0.8266595809382119,1.1863755533202598,5.350337666447781,2.5209023754142375,0.9746828088725922,-0.7123862157558047,5.923516750653868,True,False,False,683
0.09134272548120831,0.07682135144807013,0.09957897511166423,0.08691566483078432,0.66059018245185,1.5379158928119574,3.4529074346179485,2.0152336813125196,0.97519235450091,2.8841706154624736,2.079609770018952,True,False,False,684
0.12551130753333534,0.11057119821934046,0.11502203750651233,0.30127588721377263,0.39845611665562386,-3.149358760896273,3.6537994575099644,1.7062783197326006,0.999329299739067,-2.355706046494134,0.6136127355429017,True,True,False,685
0.28721903824001127,0.2748491854143704,0.2712947958952094,0.16689701450436586,0.44623469502543334,-3.842285759113541,4.9495615092891,2.1868834502263836,0.9985720577453263,-1.7285118692853985,7.112659313377243,True,False,False,686
0.5547959393185902,0.5483736003190941,0.5594572816325453,0.05778544485433015,0.06783908784213276,8.276378546130022,4.29869513450616,2.257236335151194,0.9954604639238774,0.9782982103702009,5.029361756708068,True,False,False,687
0.499006764327519,0.49147746225246525,0.49908177852820346,0.00511106424214518,0.3741072447598674,4.391555588486121,4.835754835549769,2.294317521606297,0.9959992597022662,1.3129381689816064,10.229364550108855,True,False,False,688
0.6277777865754656,0.6226732037127951,0.6260866596646303,0.5882363677695048,0.5729365241462342,3.8242568291378802,6.6777201196386615,2.1784951679204307,0.9832759411822013,-0.7545852505181778,2.9436199610515423,True,False,False,689
0.19521469117814264,0.1809054166252388,0.20926039852221537,0.019003765076950126,0.8981249119400402,-0.8247101015480341,6.364049233381173,2.200948623694283,0.999329299739067,2.2074050480628165,7.051061649213535,True,True,False,690
0.30397466420711095,0.29200077426775006,0.27763958273003253,0.38465256426818256,0.7297042461198427,1.8510634724842818,5.286294443749459,2.2046393131331183,0.9718519068583271,-1.916913713359941,5.875031149232228,True,False,False,691
0.41943370363142807,0.41017833204394105,0.40477468211341733,0.0569183743895086,0.1756864677548261,5.3560172178184935,3.821770675471917,1.7294359522202403,0.9363241572385415,2.278608048378344,7.461967331538885,True,False,False,692
0.2507927083656257,0.2375890758103646,0.2347492363586063,0.8821708908911232,0.30101187073211194,-4.706850857440002,4.438796149172655,1.7823128827265424,0.9795864218594635,-2.075702833606028,4.353692208031071,True,False,False,693
0.17270458366645836,0.15805873827336844,0.16498629236064746,0.01614056790696237,0.1632722582744515,5.557917046074609,3.846853852657679,1.854977104784285,0.9502231224256183,3.5309525243269215,7.874636807152735,True,False,False,694
0.9718924088372772,0.9715556357464263,0.9728338784538803,0.1410794845909597,0.2278316336334212,7.547764240442602,6.07578680168559,2.03319199245481,0.9786276585393938,0.06626852273114725,6.244963369269284,True,False,False,695
0.0018859888747522577,0.0003823137745746382,0.0029729308568011426,0.0007579364547983793,0.1928741720438224,7.847814422204647,5.833472052358426,2.1875413483697597,0.999329299739067,6.065706958747393,6.706421964069338,True,True,False,696
0.9659433837880999,0.9655351693626426,0.9665245827721065,0.1688034338653917,0.886462915330999,-0.41187275053161754,2.849810804931335,1.7392272711540604,0.999329299739067,-0.06972326129891648,6.281030317639029,True,True,False,697
0.026821676832921155,0.017275666273238125,0.03433144982650346,0.004957905186437919,0.24896215730532384,5.37325698950192,4.531497978720121,2.273592723137684,0.999329299739067,3.7566597262035177,6.026678434506019,True,True,False,698
0.34420830118673795,0.33319467904257194,0.33914268710510037,0.8415605659430921,0.4262696902993087,2.6457492956571853,3.260951444120613,2.4608803520318974,0.999329299739067,-1.276719428245136,2.0110376240719776,True,True,False,699
0.5035753341778729,0.4961399741426078,0.5135784288686508,0.21101892291824603,0.33602853824326623,-3.8452711609807175,3.905406775037645,2.195513723555861,0.9956008356150674,1.1039957878494238,3.3104417336462744,True,False,False,700
0.8354651672378358,0.8334381672790265,0.835167947286975,0.15407659317269287,0.7826176966582042,-1.5476546582564419,5.5378077747184165,2.164016948709497,0.999329299739067,-0.3533361994820359,6.144014125307551,True,True,False,701
0.9346160474751121,0.9338297034271722,0.9359710050106633,0.04075497583651541,0.16177132681047968,8.835340419661135,6.09243649705903,2.32362735091756,0.9817772663197728,-0.1439226765722239,7.763117745449744,True,False,False,702
0.12680509775756374,0.11186236219961952,0.14349265074492976,0.012695784353333055,0.8998245353132519,0.6336435375478082,4.9730876724571464,2.205331958387739,0.9874247304190685,2.892285369208105,7.302910205442678,True,False,False,703
0.6486003875109813,0.6438460368007086,0.65009867482947,0.05683056310932314,0.27740442265373233,5.655852512814499,5.072035364192083,2.390097751486068,0.9734687302546163,0.8471989385610543,6.088266621596464,True,False,False,704
0.9170059952072385,0.9160050660157167,0.9215485622062315,0.3037724933278839,0.7107471261977263,1.4147356076825452,3.763394924520283,2.4304037964957574,0.9748107752088261,-0.18124810749086784,3.85579411227882,True,False,False,705
0.641999405422751,0.6371352076986264,0.6387246812460728,0.4783083620121294,0.9885391345865259,0.0646038404008584,4.444232156915486,1.9887889806676602,0.999329299739067,-0.7317072614110782,3.7172822654099456,True,True,False,706
0.05422752743580663,0.041443490757570964,0.04424120624391972,0.5329808193348728,0.3884379940504985,-3.134394164709394,3.558899437785451,1.9460194040682022,0.9832227571267939,-3.152347802034848,2.626115010334436,True,False,False,707
0.8906121200978661,0.8892857194880921,0.890227616537659,0.3872443697270517,0.502041426699278,-3.623538091710189,5.304930192388721,2.244889887044822,0.9946508503172741,-0.24474639347096216,3.8006820946507522,True,False,False,708
0.21077270409446722,0.19674165979991104,0.2136731870065311,0.013577331722620127,0.16778659945943902,5.058634180118327,3.5406374938346095,1.7452117326811027,0.9413258294935138,3.091961614395122,8.637236937817223,True,False,False,709
0.9634864935707667,0.9630487482456757,0.9640588924290102,0.09872892501093086,0.30835139526139294,4.952976583577251,4.744193276563192,2.190572812014308,0.9598166291440773,0.08265435686184919,5.923395572581365,True,False,False,710
0.5496856359462413,0.5431655463394988,0.5552444827981525,0.020124894931766113,0.07885419324015941,6.097608491679809,3.30096993835341,2.0472007628041204,0.968675287245709,1.238362542474766,8.706275808752416,True,False,False,711
0.2437363641069432,0.23037814086324296,0.2541356043809008,0.5068831372393504,0.5961091022287626,2.065194961102234,3.8373436779107806,2.246290276816819,0.9417195275450677,-2.2037616788740566,4.974577466539271,True,False,False,712
0.31691707986733997,0.3052515183898192,0.3130343797780573,0.16929423963830684,0.6042439429459298,2.541994569268684,4.830599387314372,2.201813674385988,0.9534674165798205,-2.1027683338417376,8.270980055203243,True,False,False,713
0.26475338605651316,0.2518632896222198,0.2784621501037115,0.028652118463525587,0.28753880912643376,7.291770224250196,6.6822234810891725,2.1201184162601785,0.999329299739067,1.9552959441712554,6.394734699997727,True,True,False,714
0.5065458550650602,0.4991712634118798,0.5116145473608544,0.023394641454612175,0.14656459497272847,6.866417304931214,4.554658427418941,2.172361841607845,0.999329299739067,1.0965417017662737,6.71790097799897,True,True,False,715
0.4574666043640857,0.44905677908588815,0.45295002586114486,0.26649963011560396,0.7312074639450784,1.6910862149570371,4.857616408367582,2.194144633161043,0.9809228308308813,-1.20998814148638,5.320697236316917,True,False,False,716
0.1041582632960192,0.08938933548966216,0.11366266995413629,0.09478411234112619,0.5217458674572447,-6.364091445566006,9.767311960952258,2.3390295557677754,0.9863735307009229,2.995063740324043,3.5262833713738817,True,False,False,717
0.11824890013860005,0.10333856467555386,0.1315686121883915,0.007548979642074291,0.03111153455660143,9.492037010522068,4.108260063422497,1.9350511511309503,0.9802393342976369,3.9003966181763667,8.976548740684061,True,False,False,718
0.9418576106556923,0.941159028842449,0.9386756913485629,0.029072318940220665,0.31667955036210926,2.6252154286349216,2.5593071850937403,2.205235527266981,0.9968105895457012,-0.13122041933243445,7.976069439813673,True,False,False,719
0.12000126875595342,0.10508131761414027,0.11070254705478401,0.8818804081445644,0.4404748063806997,-4.972385851090319,6.3237751353458975,2.306054238594455,0.9823832547767412,-2.3399983049205484,3.410446656962775,True,False,False,720
0.16013075750257716,0.1453415749256262,0.14991293835769318,0.4899886863718756,0.8968884888492881,-0.4711955793529622,3.5922212170299908,2.0506602833698953,0.999329299739067,-2.0458404468162454,0.7989793095429838,True,True,False,721
0.9412814201697808,0.9405758643913853,0.9407467575988688,0.11892072768371019,0.8448878817115523,-0.8126445995943778,4.102620687416223,2.1354606186183593,0.999329299739067,-0.1127272767363241,5.889339368991464,True,True,False,722
0.9718114934486614,0.9714737492058158,0.973239731601971,0.23574909376567948,0.739746311871214,1.1483451686429602,3.411429594506627,1.949327474552241,0.9927334667371052,-0.05840749393692768,5.052895738995132,True,False,False,723
0.8493490220278572,0.8475015124555374,0.8479768556847636,0.2076723903262846,0.7488077553579294,-1.0159770164836317,3.1313915391660343,1.9105925484520956,0.999329299739067,-0.27482616530487114,4.971107634860508,True,True,False,724
0.4753254491286185,0.4672999193884032,0.4672237025921977,0.6462789876044585,0.9059789018748288,0.573604838827574,4.798184336706989,2.2797666605304037,0.9758383407842088,-1.082642480046299,2.799959843941057,True,False,False,725
0.15484335615971873,0.14000574059278242,0.16678040335387806,0.042843783382789206,0.4572892846165618,4.264689037093241,5.631507040675292,2.12998979606842,0.999329299739067,2.272156784000377,4.526768961513553,True,True,False,726
0.6653444631094212,0.660863958063203,0.6668995169833476,0.34555959886352383,0.5953264697013031,1.9236805640598524,3.566744640522335,1.619152676035741,0.992878481831728,0.8064489221413833,3.125184786069922,True,False,False,727
0.37163218099979195,0.3612694420275303,0.37103302176902847,0.06098768922990229,0.17077871423887786,7.551261210093264,5.3242325533834824,2.101862895726991,0.9739385038068864,1.7764638032746607,5.526537987259717,True,False,False,728
0.8288970130538161,0.8267842686464626,0.8298562460506266,0.10922260021128634,0.5496206289627228,3.4357950309973155,5.6497431270383185,2.044055464808272,0.9652982018101247,0.39773095448152596,5.652282936741971,True,False,False,729
0.6366466289746249,0.6316925557277753,0.6381241823211765,0.0534530759825432,0.6668072620896768,-1.8881883203199148,4.324057891043185,2.1653530948124846,0.9634424481438378,1.0024039292040392,8.480811687357757,True,False,False,730
0.3607958067956354,0.35017681360647723,0.3557795186085218,0.6158635316382761,0.848534975547743,-0.6109823781710677,3.1598171264187744,1.663023901493557,0.9731988040031776,-1.6057096440880185,0.8548002829577543,True,False,False,731
0.3030055661394253,0.291008655822965,0.3142018595359776,0.07011854889373875,0.49184326971455694,3.006288125859443,4.297038314275157,2.4472245822063594,0.9983527504520309,1.615050163240427,3.7213210447511624,True,False,False,732
0.1945375339596998,0.18021689613139386,0.18552347872365121,0.6273220170158595,0.9299818531638765,-0.5256785376662233,5.911289106331254,2.1711916112978695,0.999329299739067,-1.992685648839628,4.357566996415844,True,True,False,733
0.020632893265290542,0.012305893822079483,0.027732218420717682,0.003505930568623138,0.13197905139201424,8.920315172874695,5.691341647206273,2.0047911363526945,0.9729320490910849,5.237108412344939,7.853841520402787,True,False,False,734
0.0852471747097383,0.07089282606766821,0.0750530290769981,0.25688586630094123,0.5924696576049493,3.253062323621016,5.984754697789883,2.2569783106948553,0.9913978242440674,-2.7899399384433936,7.359055021186478,True,False,False,735
0.7546279604659001,0.7515016221441719,0.7554885731842939,0.02178931065607136,0.8810378809620474,0.7076059900386653,4.671085999192448,1.9395672223396712,0.9924321129853557,0.5320194706621724,10.066070442813118,True,False,False,736
0.7518164267078399,0.7486499134653126,0.7495386527747723,0.16948996661342294,0.7004874693170833,1.1313730904743569,2.901195805859112,1.7693756140184702,0.999329299739067,-0.5110060544591111,6.40279172793268,True,True,False,737
0.8016769707817115,0.7992026518461214,0.7985598452521379,0.3049233748944328,0.6115458441364485,2.6774332064395554,5.1932349045586115,2.206267417538595,0.9873528178342633,-0.42412174441733574,4.0402917071682865,True,False,False,738
0.9371577853463198,0.9364022739314873,0.937410320298747,0.18151381533429825,0.6594565510731808,2.0441889063313616,4.5732069780892886,2.1395533788744165,0.999329299739067,0.12309807791423477,4.3319558553270525,True,True,False,739
0.08786634346054999,0.07343588566596894,0.10173407117262062,0.004132736244331822,0.11735405634268349,5.220954803987223,3.1969716644251553,2.742472693790038,0.9786032248573201,3.3069909058387523,8.901560642115331,True,False,False,740
0.19834436425409915,0.18408847314701643,0.2114268399120013,0.0931301602409797,0.6400109080822561,-2.8925109655090337,6.095373122192525,2.2685797788349804,0.9619023069667793,2.9209417475999433,4.906925961235425,True,False,False,741
0.30270252220754396,0.290698415655986,0.29301073869107713,0.8404441838803924,0.8512840092687873,-0.7780732280546667,4.099312827376767,1.8148041354260764,0.991060615479873,-1.705213864672142,3.7558535748790547,True,False,False,742
0.7345258984291493,0.7311090449988646,0.7349065585552466,0.16162510891147144,0.9965798952026182,0.01920844798173206,4.428159678270723,2.299177784206151,0.9487635163433759,-0.5998547542396393,5.573814700854603,True,False,False,743
0.18640196489411823,0.1719503630464813,0.20548868415671293,0.05128388315271418,0.050440090367132116,7.7980139179207875,3.7576223086231475,1.8583008162555943,0.999329299739067,2.8818159810840966,4.8273289789667375,True,True,False,744
0.5398823909775946,0.5331727289663961,0.5467071418185856,0.7762555250023762,0.679280445698915,-1.840931952368673,4.390859408691846,1.9822825802925903,0.9421464408032393,0.9587922089361057,-0.4835017591468162,True,False,False,745
0.9121448265097497,0.9110843298577223,0.9120438060555661,0.23654310774075626,0.44348273259735677,-3.4359696777544215,4.399101123348888,2.0032749502761886,0.9580133241485205,-0.21402535653790178,5.815245258774766,True,False,False,746
0.2472679935293807,0.23398677553962613,0.2373986783830662,0.22270030063277488,0.7187959718153327,1.8636971256968469,5.106673174830989,2.2814097836978857,0.999329299739067,-1.9737782751981463,6.387476553345888,True,True,False,747
0.20014683090344168,0.18592231064055176,0.19976085782296915,0.0038673880243880092,0.05177132962488578,10.833218571321774,5.253072025664902,2.2118968200477336,0.9605603023527267,3.101758109909265,9.432340504021544,True,False,False,748
0.7136588886401636,0.7099320631745805,0.7122787914982475,0.11869145307413147,0.8016473988658428,1.6731851952542363,6.576521679930666,2.288787821986315,0.9883389239595682,0.6147194496933244,5.00588313078096,True,False,False,749
0.6400996257947308,0.6352036123778744,0.6425076829248342,0.026479669559206696,0.2277634813327273,6.368248487527358,5.12552403707443,1.9817480427974743,0.999329299739067,0.8374090999685313,8.103203296524343,True,True,False,750
0.7768333867226739,0.7740193874411045,0.7778615355093188,0.23496954370308498,0.6196706699175609,3.3030805866758497,6.5567924801815956,2.3555265223018673,0.9680891137595727,0.516613330996833,3.821845463081485,True,False,False,751
0.18920017939837358,0.17479242629089306,0.20780925689114438,0.08279580201074485,0.8281388241062042,-1.154985970552845,5.254382563263966,2.34222693443781,0.9838635630089507,2.2833887042434675,3.7516659513154877,True,False,False,752
0.5436434356523103,0.5370068235067569,0.536787363668911,0.6155377421309646,0.330768778466864,6.629599134277169,6.658755761451653,2.126780036440281,0.9851631345244414,-1.0418529609100005,3.313310256766224,True,False,False,753
0.8555533254785099,0.8537852947635342,0.8565264785877624,0.025784908653664285,0.10306106407751897,6.0419830410125,3.54495568674094,1.8916690758331753,0.9421071284425463,0.4436847459899216,10.180431797101551,True,False,False,754
0.6684461918500954,0.6640156743119389,0.6660373346024708,0.1332642356711523,0.32534462294493394,5.778814185978165,5.737998651090386,2.594763541393015,0.9993291701985193,-0.6087920963840388,5.352353131416102,True,False,False,755
0.9276478348009197,0.9267767913063923,0.9265170266406377,0.44379279351784007,0.2152843719892224,7.136670439263241,5.585365392960695,2.0576023267486048,0.9979926964582579,-0.14252403946855008,3.140055039070819,True,False,False,756
0.2454098111588134,0.23208798187045743,0.2260533610560296,0.21172098947184625,0.5992471169291672,2.4033185081073323,4.504289668405996,2.366115155951651,0.9638141558680567,-2.317120550068516,7.268265004026073,True,False,False,757
0.11937245019252632,0.10445576505229999,0.10964519250944746,0.7956879464278833,0.4613250501863225,-3.5959943546025386,4.79194573343886,1.9826042112320192,0.999329299739067,-2.479206787337244,4.748604705911376,True,True,False,758
0.8088352667423436,0.8064570532175575,0.8072198840133619,0.24623465387951424,0.7825183755475984,1.1135537118062513,3.9826405815516748,1.9511240753273034,0.9621645713855859,0.42793885577458424,3.874560274892464,True,False,False,759
0.4231501691790454,0.4139789537119515,0.42708362195060245,0.00782109280119223,0.17837180064115202,6.190285413500881,4.4457736108216075,2.1883782127214886,0.9946243860883063,1.452980928493199,9.344465057190341,True,False,False,760
0.7384109358060675,0.7350508311179005,0.7433275367270094,0.3314403232638376,0.7695825342927839,1.4374369620094019,4.8441486445492545,2.0988582124319017,0.9863922968545686,0.6138982463596929,3.4476905544278447,True,False,False,761
0.6063915033276357,0.6009156130674902,0.6026097727462478,0.16160239822551273,0.41675963836271906,5.28472388896713,6.379428335575691,2.212750370311261,0.999329299739067,-0.7790735662101822,5.712290620953786,True,True,False,762
0.5462265354616828,0.5396398635020413,0.5428390363398147,0.13058119878581712,0.6239338737388855,2.0989405947805184,4.218097275415581,1.9231330938933675,0.999329299739067,-0.9564726193502819,7.161253127331445,True,True,False,763
0.6061376103968242,0.6006572398146652,0.6086280946555013,0.020702859624440587,0.07813778969921474,9.568091314182363,5.166365256489996,2.16629831267767,0.9906577581502518,1.0059333835205937,8.191997694508526,True,False,False,764
0.0953512906835732,0.0807384172236673,0.11714861879990288,0.007856437089576094,0.5097779009778252,3.430149413208707,5.114970707337983,2.384205040420384,0.9859090866585536,2.9799452927152785,7.067512390468716,True,False,False,765
0.3252944972097153,0.3138290546436615,0.33812072761535045,0.1073156690230114,0.916235109696042,0.30374914188829805,2.853424683781926,1.6029213896997998,0.9909854870523835,1.9916500528959906,5.143053710233618,True,False,False,766
0.5017034422163182,0.4942296616472974,0.4932787848360891,0.42950408692582637,0.5573570501953881,4.835020071759879,8.108543355208255,2.11613878887948,0.984549056192059,-1.3158861223776102,4.948836023180844,True,False,False,767
0.7283145221273806,0.7248063215953909,0.7260639210573818,0.052850814370996604,0.10890812435335419,10.051200140406758,6.00333931770193,2.3747546728166666,0.9762559487525416,-0.7231447514143143,8.07298078318237,True,False,False,768
0.6634011061422275,0.6588891652597686,0.6638920394354502,0.0711869421273778,0.5550369251715905,-2.670423911320657,4.451963901653597,2.2776356408202507,0.9865814648370828,0.7168496816618628,6.390724008325,True,False,False,769
0.11801716261840332,0.10310821979796025,0.10793174853910886,0.8477860382229847,0.4253413447002457,4.7496596689507555,5.842159118212694,2.1556118543871925,0.992757166661684,-2.348691117763201,3.796378407606717,True,False,False,770
0.912694933594633,0.9116411856860624,0.9132417913129393,0.0051628370304951186,0.18112302301861574,5.582758998494533,4.036012014957213,2.573246149710843,0.9861414521625402,0.20117493192183922,10.11595868289529,True,False,False,771
0.2482142070491712,0.23495374735700753,0.23599484964772058,0.23603624256100267,0.2728300674982499,5.0764298669715675,4.5079928174709085,2.4242425364177036,0.9962212786617506,-1.786597301251856,5.826124351821482,True,False,False,772
0.13550384752469816,0.12056246645326935,0.10914395660310383,0.6044775658713429,0.2771648173245755,-7.286847250084475,6.531320607444473,2.185546733766248,0.9905246958980182,-2.7271550644888336,5.832537386829069,True,False,False,773
0.9668107168583424,0.9664129235886955,0.965650314955609,0.10201198938249148,0.8637648412243403,-0.5641935945507804,3.248094763303273,2.1265862427707978,0.999329299739067,-0.06749977706249854,5.865232680520894,True,True,False,774
0.8836663273383137,0.8822533576492925,0.882569071777101,0.33921675701772014,0.8292730140297855,1.0831989944364275,4.961093938326454,2.0614906641209574,0.9722122689941644,0.26273830170319945,3.32950751414082,True,False,False,775
0.22881851368433762,0.2151443491046913,0.24242696529008034,0.010498051578639003,0.28297729823636797,4.388788427198167,3.9829524990826664,2.0663772083887326,0.9826211627894541,2.518642414980622,8.83762099023374,True,False,False,776
0.37394794672585446,0.3636397697571896,0.3857803739192786,0.042537249031585574,0.18944169268671762,4.239913506790794,3.1263350152384723,2.0768874971570654,0.984742497931359,1.5895386853108215,6.484406388961043,True,False,False,777
0.25633233766821356,0.2432519994235548,0.24238715341627326,0.6698621966839182,0.9337266824727782,0.33570292045182015,3.988884671996164,2.6870946461864555,0.9277666235185746,-2.049349691574664,3.5195631789984985,True,False,False,778
0.6672129106961061,0.6627625449200977,0.6672011239410863,0.3701781794868838,0.7942782186162078,-1.560401000149595,5.908397757688768,1.943887736235395,0.9960260219747311,0.8161335265032506,2.754129574744988,True,False,False,779
0.36904314619985973,0.35861931878497666,0.37785065393564393,0.13287169104943952,0.38377309777862395,4.299354858308936,4.833057694576025,1.9634532269831293,0.9958235106126,1.4044129028019903,3.4515527170774085,True,False,False,780
0.8229445600760824,0.8207536235067108,0.8210387605374023,0.10149251988316102,0.14111907636723003,7.517691440062601,4.915832015676281,2.202496001668203,0.9869204598406657,-0.4526707165648407,7.264906334063566,True,False,False,781
0.20373509016487765,0.18957432073518252,0.20054075255160234,0.02496176736012058,0.4969208017064422,4.981294165404172,7.20521620507969,2.118322638151038,0.978399392584238,2.9813282030062256,7.009105931519711,True,False,False,782
0.1433855880888971,0.12847125432868026,0.15362928133278833,0.01049908394942947,0.16251751493233757,6.110258335864936,4.221204295829223,2.0708612831956614,0.9938382900043492,2.7684602319533402,6.630526953451627,True,False,False,783
0.4417992179123017,0.4330453924815645,0.4464759794610108,0.07860318047809793,0.20557025654789746,7.24461039916026,5.545803236981344,2.221959046836753,0.9828303545904505,1.3807342651652315,5.458243315843111,True,False,False,784
0.36551182686827655,0.3550045356715654,0.35970694253594154,0.8345478446519395,0.8577521232595139,0.734601012479352,4.04844070106338,2.274220971484275,0.93878126241337,-1.6379977547049211,2.7791101591695173,True,False,False,785
0.10106832799964231,0.08634755748382505,0.0894172799009461,0.2148236368874651,0.06167601071660371,-5.441475359509304,2.756509763715801,1.9253711360690253,0.999329299739067,-2.545960214543569,-0.2090924330190862,True,True,False,786
0.8661548016142437,0.864521602646457,0.863299654770173,0.08111607431322237,0.6417827625015781,-2.30121736231123,4.875289070685456,2.2472100150432865,0.999329299739067,0.30028136718194265,6.299500928418055,True,True,False,787
0.05160817380863006,0.03903297103627409,0.05997606921565285,0.015097367704665713,0.2391811667274542,3.85851481200399,3.185050796874344,1.6212247293942461,0.9800267548577348,4.789011498747082,6.792037954380913,True,False,False,788
0.059729279172141374,0.04655418076706844,0.052201949053858776,0.011973827366270283,0.0028219897080365435,7.969898835477301,2.357358632898303,1.4410442479222887,0.9938085618672704,5.449265209852328,6.238256709612802,True,False,False,789
0.7262055538781556,0.7226661628633714,0.728686273241453,0.38154138294015255,0.6489474383952851,2.516959473704371,5.449897189803728,2.128814767486698,0.9871366452890725,-0.6050012455433862,4.279728335029177,True,False,False,790
0.16806010754365147,0.15335702315553398,0.17982063760962147,0.010768278800372453,0.14741791569871182,7.7624769483867055,5.160481573986386,2.022448704560854,0.999329299739067,2.3564242283796766,7.093334709241988,True,True,False,791
0.9045068689989717,0.9033524517385342,0.9058592774437245,0.2074655124286904,0.13611317466758927,8.654804974072219,5.584218508226699,2.3221375869602805,0.9920812743880856,-0.20046308982903582,5.107418084616439,True,False,False,792
0.9431362958422868,0.9424531853779492,0.9448908732631517,0.32699090493687205,0.4558465264284973,3.3839587856161075,4.454016872865334,1.9311204185400734,0.9773516165930751,0.12221227535500168,3.7929044301041337,True,False,False,793
0.30114635052701466,0.28910530914415616,0.3149501154686076,0.03018080640875994,0.9383704246846943,0.3811059258614052,4.870396323253824,2.1638218767106148,0.9850426995310165,1.920039755526675,6.932273742635773,True,False,False,794
0.543071898371654,0.5364242110710781,0.5426505620363009,0.1051226760307174,0.08937528317284134,7.243468789863933,4.066961317296215,2.2536802638664186,0.9329559829067903,-1.2780181655650429,7.317984239087451,True,False,False,795
0.5260336927548644,0.519051611524461,0.5317238194218262,0.04893219619111597,0.7077194442428152,1.6441117484493921,4.3259554689204665,2.34477086820554,0.9762333468744507,0.9986657632023581,5.280469697266678,True,False,False,796
0.9500005180563654,0.94940034173135,0.9463550858437059,0.21020288498326856,0.6880032581362177,2.227637014023175,5.471017404827265,2.2012770655453577,0.950063983735226,-0.13580530029695215,5.134391504164029,True,False,False,797
0.6236806923246968,0.6185058988581549,0.6243831101869768,0.4004852328833406,0.8133848090523386,-1.1900400179997914,4.978218270248105,2.269006550471643,0.9838538463541399,0.7851285217525268,2.2645886859955153,True,False,False,798
0.44519177156041567,0.43651296375402493,0.4469593524132811,0.07615552146048085,0.5125810030646293,4.062100547112881,6.098075511499162,1.9814349423351054,0.9583545079563224,1.563746555023985,5.729264483353191,True,False,False,799
0.711277068335749,0.7075142916773162,0.7059348146359841,0.1115670029401241,0.6520747394359594,2.193390495062689,4.795259829869648,2.0560917664155753,0.9555802507032896,0.7985800468559816,6.346672975568342,True,False,False,800
0.831018417231245,0.828933427360228,0.8318917365812567,0.10953888446929085,0.19989185922380845,-5.995943991898876,4.530304764164214,2.4235822677163523,0.9866711908099304,0.37461876493797064,6.114911509647101,True,False,False,801
1.0,1.0,0.9994006172855491,0.33870495693586816,0.2883579279220018,4.453441785926932,4.088294152955444,1.9785105238769285,0.9986941134972318,-0.0011289240805107958,3.266543370470931,True,False,False,802
0.5008853402884058,0.49339473741345774,0.4956448496080258,0.1209755192497638,0.8568422584112623,0.87296244305829,4.780029060983551,2.4093807352312377,0.9683582562019432,-1.2131023289048706,6.80403752873382,True,False,False,803
0.3155889978095693,0.30389173816962656,0.3095023564493672,0.24818659829866507,0.48885345264977004,4.339802773323634,6.160002862258343,2.5377769044595833,0.999329299739067,-1.3731348546293027,5.073257676812034,True,True,False,804
0.8195977939787537,0.8173626851315066,0.8209863354080004,0.05714990337560615,0.8254860414842119,1.2474512383153549,5.587289020518883,2.0150425354782766,0.999329299739067,0.3796774820502975,6.649304227415226,True,True,False,805
0.24778251681313707,0.23451258011637893,0.2300556637898217,0.5114750328276427,0.8562753628242359,-0.6413996048005032,3.4980586753569143,1.8394381692029296,0.990765329637514,-1.9456222109248589,0.6822495693226359,True,False,False,806
0.3452526176667107,0.3342639039246375,0.35430943315641533,0.07064462153884682,0.39694778117636387,4.235665611050233,4.898147618092008,1.8843329290191546,0.999329299739067,1.512649563557039,4.738282672965121,True,True,False,807
0.025850783084459216,0.016478672808727574,0.020308682568080456,0.5827166751850741,0.46074068679790015,-2.8987965316288977,3.857775245281564,1.9693913942100245,0.9893566153160008,-3.802280963401631,3.8781725990450897,True,False,False,808
0.3793678054749084,0.36918701894480965,0.38507653098106914,0.3147396560492828,0.3985050661623755,3.5058155918187492,4.067780339282029,1.9944976892273334,0.9492144940133818,1.5594546873400215,1.6473574124327628,True,False,False,809
0.9134766295254554,0.9124324679994397,0.908889662568437,0.5573183926322866,0.897420289920302,0.5379450159221927,4.122483285641966,1.996810922575305,0.9987016816016906,-0.16811833804982257,2.278259035661274,True,False,False,810
0.5103653556103509,0.5030685361391687,0.5011126852639679,0.3323758715169792,0.10658476375794282,11.291467641983937,6.696922207184644,2.362531434891836,0.9904599247100107,-1.1761632185739685,4.902274836667239,True,False,False,811
0.3053451773294341,0.29340386233583304,0.3141015929359939,0.11071330429958094,0.40881356104308986,5.622531791582856,6.670908986462768,2.4601883364729775,0.984939330676257,1.703901283647327,3.8956886874334775,True,False,False,812
0.6954090117940679,0.69140362293063,0.6894176297053115,0.1532546867898709,0.7992104983508701,-1.303553791387462,5.060055361524533,2.048784078043063,0.9909380997317464,-0.6446220052207394,6.4394992493734176,True,False,False,813
0.15817345525909227,0.1433654605721913,0.17469055777439385,0.013256547228185164,0.5484697027038672,2.387107106288516,3.913914472389808,2.0917457593403896,0.9772586154387088,2.8084013866874056,7.261561519773813,True,False,False,814
0.9016253448492323,0.9004353849459729,0.90211524936575,0.016731078263244447,0.5468975832239537,3.3639008639032277,5.493667602864488,2.157713193393705,0.999329299739067,0.2040312343823345,8.770639169630165,True,True,False,815
0.9171942339067263,0.9161956082388554,0.91813664605469,0.053428724297138644,0.11645094487567888,9.503802870313237,5.804292718806582,2.261858225122113,0.9888294130988045,0.22175383287401296,8.057731987696595,True,False,False,816
0.10392186717091481,0.08915638563193487,0.09692077663693288,0.9214853874630944,0.9075902069315914,-0.7915497340603201,6.737310573427453,2.3192153457765876,0.999329299739067,-2.328620281377463,2.602417709766148,True,True,False,817
0.39408070021980895,0.3842433158126435,0.40132242256555584,0.03857520060662116,0.12898061788524381,5.5611902940568285,3.5190433263933025,2.1180244319752357,0.9649026373557139,1.5980982464208138,5.534337520602122,True,False,False,818
0.8079821611558962,0.8055925335817069,0.8074682338535115,0.08599333548879176,0.060736672166363435,11.017643426469222,5.5592806736161435,2.384342013392617,0.9578041628457458,-0.4958145489541117,6.752042470522215,True,False,False,819
0.22239078788025798,0.20858591942745855,0.23083388635122024,0.035231796403084804,0.7981113239148759,1.185840774423618,4.57747312734108,2.095983960087426,0.9739026193099198,2.1162793082456144,5.271308009789711,True,False,False,820
0.9815553610214953,0.9813344724513939,0.980227886555707,0.09350643535471112,0.7140773190883938,1.549806378562117,4.173135708979774,2.1353997930458863,0.9700575611856039,-0.047470562422103235,6.654630290238467,True,False,False,821
0.047247132087236354,0.03505627129908826,0.053346808945458,0.006057040257964633,0.012481378629453099,10.496752020022804,3.8417241108864864,1.9127583015242957,0.9883648446397398,4.5718768166974275,6.64667539556961,True,False,False,822
0.4534505261051183,0.4449531216724121,0.44615293443150805,0.3567533290957187,0.27858627208720593,6.479405937485385,5.825299492018353,2.1175813936720536,0.999329299739067,-1.0995880834161942,4.336022699756351,True,True,False,823
0.6478113667301005,0.6430439428250118,0.6469166191531412,0.21626448737688223,0.8421713072589709,0.8233104623626499,4.083929171100724,2.123788824088144,0.999329299739067,-0.7037877329749431,5.139004449252583,True,True,False,824
0.26712434805867136,0.2542883588298311,0.2538897597749843,0.7369120254165112,0.8495927532107105,-0.846834898025793,4.410779342334782,1.9846352660304718,0.999329299739067,-1.7685718793147438,1.5391731429704525,True,True,False,825
0.391265776917637,0.3813629846021649,0.38645714577767065,0.1184607949003373,0.8262826894059995,1.1568151471837176,5.205510627613678,2.104971526652294,0.9805982525912899,-1.6732740242895154,8.945059194081239,True,False,False,826
0.5694588030745248,0.5633128845801774,0.5884932262130361,0.3685932710053409,0.8812749367613493,0.8454297495743867,5.59212830687912,2.218217967236533,0.999329299739067,-0.8545646225495496,4.150737818567197,True,True,False,827
0.18469981674751518,0.17022218880717532,0.16984221059479768,0.12137734262188252,0.7870932385165283,-1.3505467765346322,4.936882291867341,2.4240368381937065,0.9782430803575444,-2.5789030025556636,8.864710102558833,True,False,False,828
0.10429071431184325,0.08951987246962916,0.12507908377863436,0.018474932478365666,0.06972918551792331,6.760425803456294,3.5373327909150083,1.9383416567591387,0.9602608168044022,4.265385930134391,6.834172242851181,True,False,False,829
0.9577477269182016,0.9572409352630017,0.958151193366877,0.09222068230692479,0.09599682332197845,5.901778614814848,3.3863988113722736,2.482720296205624,0.9829257773320672,0.08875467719665497,5.531423067791559,True,False,False,830
0.005273141442181913,0.0018572391199724058,0.0036871596674724525,0.2781972161703326,0.3143077513667046,-3.8214641358046917,3.706860531662579,2.1274641804890218,0.9643708245383121,-5.090847921376015,3.704677690909396,True,False,False,831
0.33793285422855557,0.326769432869361,0.3321567044937253,0.21348976159950386,0.9046771158532474,0.8061973762834747,6.651251189750714,2.29382344370588,0.9873750815137399,-1.75519846347669,6.915566998380457,True,False,False,832
0.1215939949575208,0.10666667700946361,0.11482956101705241,0.8082852464622066,0.9127923921785055,-0.6011470821356305,5.423348316858279,1.923280097857661,0.9718548618311376,-2.7462507453593465,3.4126128937409583,True,False,False,833
0.4257589325857096,0.4166466013347194,0.4368828893510958,0.03661054499093855,0.21509682228284183,5.373598319348525,4.2037501431188815,1.8884733444931354,0.9702033424421819,1.6637402276324247,7.695920510743868,True,False,False,834
0.9001092152051896,0.8989005291725529,0.9002625416275544,0.21891416077974826,0.30330847585574355,4.024892783222104,3.814221745998543,1.9088250292778297,0.9956906929976168,-0.21058815350628812,5.232292581822758,True,False,False,835
0.6479757771407827,0.6432110786022193,0.6513049733775519,0.04443567850359571,0.903792680827549,-0.864075453457164,7.062880722974174,2.238498357371717,0.999329299739067,0.6974252670528474,6.372487004061229,True,True,False,836
0.16178021629945033,0.1470076630663723,0.1651203636224807,0.03563213397189454,0.06467833311769758,4.3087643757024425,2.2098521221879968,1.437696095933033,0.9618821997801081,3.2014998232830223,6.599434868356438,True,False,False,837
0.019198165646941493,0.011196175432684887,0.022357092721956302,0.005295290431901308,0.7798535406118793,2.131684438396814,7.529140347629763,1.9702985692525419,0.9985004081537577,5.3097017930655905,6.634525902691297,True,False,False,838
0.15668444548338978,0.14186282777333353,0.16496896342700867,0.13749096148791898,0.5214678745318094,4.3944950287065785,6.739920808903369,2.148431423385403,0.9916481158485795,2.2266091728326187,2.1657640815824237,True,False,False,839
0.08218441213032977,0.06792791745499108,0.09092632850596025,0.015468980896277058,0.1275344078514541,6.903204245586703,4.350787656779159,2.2020083481104806,0.9708958684460649,3.431030122513197,5.547138285033679,True,False,False,840
0.9380507347812754,0.9373060477986893,0.9381610617661565,0.028557781926900498,0.7993172016240208,1.599974018370504,6.214060926625565,2.40417162266152,0.9767565606093412,-0.15345966611645068,9.312543709068876,True,False,False,841
0.5626268897501202,0.5563529235693514,0.5698280787773234,0.02158429817246663,0.2811410038191145,7.309363209821441,6.607480210597762,2.431393753847189,0.9847088082975837,1.0725925869530233,7.9293855799319415,True,False,False,842
0.5848502757580539,0.578988103573106,0.5876661699880379,0.0437575245279936,0.91092863622504,-0.4951344565914507,4.373063998777705,2.478506180988714,0.9988456928847047,0.8968357420186841,6.157438648047521,True,False,False,843
0.39494188552250853,0.3851244824505168,0.3914093586161777,0.5381534400876343,0.3897048136115175,5.579004177079938,6.35184522906594,2.2032625854518644,0.9771881893656884,-1.4615114602342612,4.008318467867722,True,False,False,844
0.7540386729239119,0.7509039261160055,0.7548421406759146,0.6556457883393497,0.6589655670068717,2.050907238355224,4.5811530750882,2.245361984866787,0.999329299739067,-0.4056334311302001,1.6917353106049244,True,True,False,845
0.4780606801128234,0.47009325211166164,0.4891511161379033,0.3032423030422774,0.4755139377708282,3.2481965656878096,4.470620177751414,2.1421295701241605,0.9937716467383163,1.265637027677557,2.1577355261261517,True,False,False,846
0.7048757863633036,0.701015792414837,0.7074455311497738,0.06242608665814761,0.9611199379346587,0.19140599832147123,3.879858785740547,2.0188364410846904,0.9941207078860865,0.6164949587943678,6.808249442384919,True,False,False,847
0.4805532264221623,0.4726385676553575,0.48907059399390745,0.49226173114281435,0.4283090994764237,2.558026839821157,3.1669885374347486,2.064927324061662,0.9712820147031621,-1.4452892532996815,5.079662993471297,True,False,False,848
0.12069166392927803,0.10576836132656378,0.11182662612243922,0.6161465597591558,0.34440133788938093,3.9954698870628524,4.130523429666834,1.9617934589676889,0.999329299739067,-2.4869643658302207,5.501488106028173,True,True,False,849
0.7012571534122463,0.6973418134878546,0.6990237093106194,0.09988482709646838,0.3754764289394628,4.611007355702711,5.09226126688879,2.0881206814145696,0.9807686029374405,-0.7388308939319614,7.873585607035585,True,False,False,850
0.12683835048694725,0.11189555757256335,0.11866609678530789,0.374181709678469,0.37505436330116004,-6.438683914261743,7.104290734218658,2.403969373984501,0.99520752348655,-2.4960829826177227,6.286110460977655,True,False,False,851
0.3006671920179329,0.28861478464736307,0.28951083050568327,0.9759112580682247,0.8705373823991072,-1.178792837301348,7.145057135032952,2.0423938222429077,0.9849722155420844,-1.8351043968221274,2.558134213542154,True,False,False,852
0.33080908289855415,0.3194754444481206,0.31455332291838106,0.12847029392606762,0.9880440884803308,0.07169597515245951,4.7278804235535015,2.432084166428485,0.9845702241794734,-1.6632586180263784,6.860542111027923,True,False,False,853
0.4637710417979566,0.4554978473367767,0.46717549713119866,0.04840330666207847,0.30626790696100303,5.723933666864341,5.458488474189902,2.0985753676130257,0.9732452989505751,1.478297110241317,6.254664841182919,True,False,False,854
0.7122248105717139,0.7084763534459294,0.7106545946634304,0.4430269311765961,0.41602274091742,-2.2226591327327925,2.6787648537521354,1.8945910617246244,0.9682098832107001,-0.6856739746326141,4.698518259050499,True,False,False,855
0.27645765400418193,0.2638366488368038,0.2675686697341149,0.8976962184093694,0.7686395193868826,1.3203040736113918,4.43070848763751,1.9682281614486994,0.999329299739067,-1.5708711502621644,2.823744990845954,True,True,False,856
0.06926262303303503,0.05553995433181273,0.07713306507968785,0.006769319178805113,0.13702323839248734,6.0394571645057455,3.9063033877882782,1.8249295177498241,0.9896009445129416,3.963057787936501,7.954313207049798,True,False,False,857
0.09243516182956203,0.07788748031874952,0.09165334524313082,0.01439746382529843,0.7176770565367782,1.7180667698925602,4.688086341470826,2.1332410275576654,0.9798996926424677,3.224232495508674,6.204676913003398,True,False,False,858
0.7668646435157866,0.7639114935494671,0.7688869743569329,0.04709453069055778,0.8028751533907034,1.020134458094084,4.035222329181226,2.0576700246546937,0.9981113225243325,0.5313800725858533,7.701818256893937,True,False,False,859
0.40409486939515926,0.3944889528968224,0.3927373905987301,0.7334879114478262,0.6716183577622091,2.806114981393552,6.526747822114958,1.9239940799711408,0.999329299739067,-1.3441462417190273,3.5135874919135013,True,True,False,860
0.7660504521689101,0.7630858613968614,0.7657840506410766,0.2877742817072756,0.31462106539615475,5.973147054695789,5.7978611576714245,2.5554944537065576,0.999329299739067,-0.3954353069596781,3.658617797050141,True,True,False,861
0.9922411772849334,0.9921482875525838,0.9915553908047233,0.23109555031247045,0.7133197125162053,1.224070848407923,3.2868923440920943,1.9186187741398377,0.9809614277558443,-0.018195721610863025,4.737450831970058,True,False,False,862
0.6467804025855638,0.6419958735433037,0.6430560631907052,0.14642069976432556,0.11039955951228864,5.942420158071274,3.5651551341092773,2.2962256554651885,0.9965813838405154,-0.8375828126669242,5.85282337708642,True,False,False,863
0.07064950053374322,0.056859065728389106,0.08094361754771487,0.017686332970890346,0.05696810057903416,9.917057757902747,4.923410202733458,1.9511636050505492,0.9755415531865884,4.507025174137536,6.369522627342361,True,False,False,864
0.4871657701563597,0.4793902798127003,0.48356964008040976,0.29631928714204886,0.9426125010908698,0.2024445906594022,2.778807281422722,1.7600119080460905,0.9760791765274279,-1.4453163768579689,7.785086816040271,True,False,False,865
0.6293365861239527,0.624258602499727,0.6290712002002032,0.3143082149182,0.17799587429305688,5.165041675155428,3.7061032236637743,1.8527628634075424,0.9800878032445257,-0.9231627451423758,5.684632284891347,True,False,False,866
0.27360304553443293,0.2609159735152695,0.26565015409639436,0.09809972860302855,0.8505177467117706,-0.9467808838786196,4.962262002708951,2.1623383913172485,0.999329299739067,-1.753154571451244,8.418292668705272,True,True,False,867
0.5670542629054481,0.5608634250793016,0.5569377371692951,0.7834468805900051,0.8241741498152692,-0.8529603687321226,3.791370987516326,1.9221522182027797,0.999329299739067,-0.9911923295445377,2.6271813048485404,True,True,False,868
0.5226060592344606,0.5155557169115632,0.5266512331143587,0.13178168378860022,0.5196748137931747,3.362691589744407,5.135074499638578,2.1240768387599607,0.9905295031278363,1.0788920105254491,4.204966943387462,True,False,False,869
0.20272665965812783,0.18854780337807953,0.1859069671367319,0.9923683016310761,0.5120824074632556,-2.994553424243978,4.490094185251487,2.1156596807953347,0.9484062864998307,-2.343256206960824,3.2381070454469763,True,False,False,870
0.8553132827580272,0.853542185065962,0.8531519767724579,0.17490969303626386,0.20875618425436102,6.088618501844317,4.694976847041668,1.9870189442565112,0.999329299739067,-0.33750771212092356,5.982305822384662,True,True,False,871
0.4597394727344382,0.45137902590124335,0.4446146608385241,0.16079145431989075,0.6376309546850674,2.388413927138539,4.997317248075516,2.7716958332187964,0.9930087077508959,-1.1990618156472772,5.74792653466506,True,False,False,872
0.15044825291434272,0.1355763948424267,0.16600385462621248,0.05750679381973754,0.5159199498272846,3.925385629677628,5.940282318362884,2.282255246377976,0.9891567120742575,2.4463161500030552,4.511645378821607,True,False,False,873
0.5229942717970769,0.515951677352977,0.5149583750443566,0.4888871856045911,0.783045761985715,-1.3063696999540344,4.683921380382495,2.0131375410912056,0.9876235126906142,-1.1217228913596684,4.4831756807727885,True,False,False,874
0.7550094282261298,0.75188852964048,0.7557354857892942,0.02945064697261981,0.331777813755952,3.4654996419845387,3.4881798124032772,2.2052596123495163,0.9833286521231862,0.4856196889778923,7.30268046143226,True,False,False,875
0.36257892360432237,0.3520021951166513,0.3756476251337641,0.07339738233699838,0.40831370065552736,3.7307092770637436,4.421539898227731,2.431910188541605,0.9875796601047315,1.6201080896570152,4.321897431035106,True,False,False,876
0.5149404964165236,0.5077362954231575,0.5068209023652145,0.05289524408256132,0.27560393533612704,4.678174258196986,4.179124236891259,2.3153489585330695,0.9981515661486616,-1.0467640613141835,7.54231678581711,True,False,False,877
0.11745469868481512,0.10254925544060381,0.09549649572635228,0.9723721637850423,0.07515782643026973,-6.070202664426467,3.2421143321541805,2.228736073175954,0.9653090143193827,-2.9637266596797236,3.7560983711001485,True,False,False,878
0.8792740384011185,0.8778061040128555,0.8789366769017419,0.5524791241398285,0.5551594124548781,2.288894820982499,3.8170941049603777,1.9325581161173069,0.9166926662598288,0.2640898996905636,1.7655445107506869,True,False,False,879
0.27059157311267046,0.25783509472341687,0.26514275595472436,0.8553571740085535,0.44398983385021196,-2.8098956866222586,3.6015956872857964,1.84817348860095,0.983527282291611,-1.908089531156467,2.5043522488690777,True,False,False,880
0.0840111495616955,0.06969511044082427,0.09628057757174033,0.01401209914597074,0.7278191582665766,2.2606955132324984,6.409448321932652,2.222183566271209,0.9978678870919189,2.9782296657285094,5.763344793079093,True,False,False,881
0.4457592967067902,0.4370930100570195,0.447731333602845,0.070714029188111,0.040635703043160235,6.591509448001359,3.021212120796584,1.9319600313184346,0.9862411916055319,1.357537227963955,4.939111280956817,True,False,False,882
0.9524351377819319,0.9518643316420239,0.9530416812911051,0.07840475060478043,0.05428373798281518,7.3822831658414,3.62134787200878,2.4216374685693607,0.9951423638847708,-0.13686183529115326,6.6737724629214465,True,False,False,883
0.9965602404186135,0.9965190612756816,0.9940656466671961,0.18890633204772975,0.343349268328236,-4.120678999885725,4.250483865784087,2.2788304600264833,0.9601801650212242,0.013988849045384555,5.382390995120356,True,False,False,884
0.6813375745939446,0.6771123954287228,0.6792782800010084,0.4102444664099898,0.3662806343661221,-3.074858608203412,3.329881064720127,1.9634285006700158,0.999329299739067,-0.6463239278149477,4.170707578934864,True,True,False,885
0.31228365947565784,0.3005075571441443,0.3151392217211386,0.041047172951728515,0.4957511719654598,1.9370649530653603,2.7941916973215277,1.8212729207901912,0.9854431912284906,1.8932427792279407,6.417296360484551,True,False,False,886
0.8354722079552214,0.8334452996155459,0.8357571464466604,0.3550173012279551,0.9016784224061869,-0.542930844259109,4.3419359887743125,2.359862064384574,0.999329299739067,-0.2989686575635768,3.2525037347693457,True,True,False,887
0.3948633909551528,0.3850441672166456,0.38776828982991673,0.2974960996982506,0.6827664111927196,1.8623075549250252,4.493727214369132,2.0834195475342776,0.999329299739067,-1.423561200741541,5.600213239598171,True,True,False,888
0.0939134639380377,0.07933183486259593,0.08491439721007302,0.12280824352816083,0.34273938601720316,-6.186014535132427,6.372643769662217,2.284564995241162,0.999329299739067,-2.4421907910726555,7.929332779419962,True,True,False,889
0.7472384890643767,0.7440062466964943,0.7535269762783204,0.10438978160368458,0.822342332434561,1.0926084552829074,4.80562198302786,2.0925041543942515,0.9495570416355732,0.6651732790771616,6.453551536120237,True,False,False,890
0.05757647531792971,0.04454714862925908,0.06368033879750064,0.014989322030699113,0.2829881392774343,4.368092036125612,3.9642617235257753,1.888565588774342,0.9963915881725873,3.7267711776075987,5.6526909109313905,True,False,False,891
0.7645597542628871,0.7615741864578788,0.7672876412295158,0.07240303423947902,0.47095933865090983,5.170047200704359,7.041959362624438,2.187597016051315,0.9830948436252163,0.5640090671390725,6.760619271252853,True,False,False,892
0.8212436379275494,0.8190302707819164,0.8201622084306822,0.4229947840229848,0.22730526622621336,4.477458253093466,3.600032627068895,1.7257849665463805,0.85987295332437,0.49196148306908594,2.978798809034307,True,False,False,893
0.8838865055508398,0.8824762865527989,0.8839167545528548,0.5624827172480471,0.7975021806119031,0.7489717627241799,2.882208151420104,1.7271029167278598,0.999329299739067,0.23288202234669741,1.985390768646348,True,True,False,894
0.19063981396676197,0.17625511924404935,0.2042041915707803,0.017198639976622198,0.1661074150672296,4.822385829050252,3.361325218376346,1.953833733038018,0.9874647399121329,2.8662277896395656,8.038816747878,True,False,False,895
0.10845227953333793,0.09362729983037762,0.10170669881574522,0.8714785644783419,0.5941624638037772,-1.8761529630342728,3.467574735530761,1.8172705553671484,0.9956123317694783,-2.5676689430680844,5.03902972594123,True,False,False,896
0.1106052438272344,0.09575663936324356,0.12491167379369836,0.000650906611029904,0.02614376246663104,7.404984882932943,3.0946435687882357,1.8825024882479555,0.9817887998372083,3.403713734287475,11.50281226420801,True,False,False,897
0.8588320125046301,0.8571058095045095,0.8593781858481946,0.13007049450275524,0.3117768591876928,4.119388040769793,3.9744874647309727,2.5158830988343124,0.999329299739067,-0.3183984301092746,5.2405257157537015,True,True,False,898
0.8884778814935862,0.8871249251779083,0.8900207069621248,0.10848955680102147,0.4622214774356386,3.7397913010454387,4.993682836092786,2.181091717741214,0.999329299739067,0.21728210077833232,5.430271279234857,True,True,False,899
0.20389591063935886,0.18973803770254744,0.20993755769743241,0.016677230784124666,0.3487225644866804,4.312276374842093,4.499038898771105,2.1414598634265776,0.9746521099332904,2.408428819415451,6.302884715234541,True,False,False,900
0.8858586674733787,0.8844730675153136,0.8877704060943608,0.00421120120331858,0.8480384810981239,1.0722876848950016,5.527192251947359,2.571715389131062,0.992229217867978,-0.23884039045832672,11.106508594739289,True,False,False,901
0.15438501019380674,0.1395435604386425,0.14681637074769865,0.8626905698712006,0.9441338391247882,0.24127813883559635,3.4021994498463886,2.150057070740175,0.999329299739067,-2.071048221981858,3.3620906938749187,True,True,False,902
0.284326208293955,0.2718885476631967,0.2901088945191893,0.10247080240673423,0.2715010183820942,4.4013356898663645,3.897353915967194,1.7183074813406793,0.9803075735384243,2.158527283595278,4.249312148790757,True,False,False,903
0.8488189145851737,0.8469645938596537,0.8501914191744153,0.24535552863163615,0.869490489512241,0.6773943029323286,4.072661319193518,2.1099410925496462,0.987108229688418,0.3274416123286277,4.145392695078581,True,False,False,904
0.6262165348216447,0.6210852483049033,0.6311617781697241,0.04350915424490116,0.14330451149803977,7.145659713417974,4.699600498310679,2.1240785675398275,0.98674196565144,0.9680864032646648,7.314616633857961,True,False,False,905
0.23047844752003208,0.2168386104210997,0.22428188845549232,0.6482728972247145,0.7267434033276815,1.6930191954538139,4.780253336069582,2.187152024167368,0.9832186214106121,-1.8467976777902346,3.9474896967183577,True,False,False,906
0.24642850327556104,0.23312891232539978,0.2515245366892083,0.03776175660059569,0.9699451451599974,0.1884895052751915,4.943495580347616,2.380380312088034,0.9826347049008326,1.869648494793485,4.992602312329009,True,False,False,907
0.28060330240352405,0.2680786826262481,0.28452104495631636,0.038200123464308754,0.31495215452536823,5.655103651798433,5.493000703792634,2.0111905719502756,0.9828593696795884,2.0808529669205846,6.530427292795183,True,False,False,908
0.31567374886423294,0.3039785117304395,0.3235280429515203,0.03905495163488411,0.9860649787983704,-0.0984651208133721,5.570868834927726,1.9388892409516478,0.9792628187270778,1.9281433776626962,6.611764933897155,True,False,False,909
0.38404391222277917,0.3739726663823385,0.39021625712382263,0.02194498931996765,0.5530321140041824,3.28706432447786,5.4521010540378825,2.308749632346795,0.9529197831286982,1.689846291129312,6.927752382631782,True,False,False,910
0.8988600703579543,0.8976359425077112,0.899000764718965,0.05010169303614444,0.22004537480203415,2.8600377467632527,2.2625071616961665,2.319351867594599,0.9817068706138847,-0.24730393729859923,7.5435060229931405,True,False,False,911
0.2521784030172258,0.2390054611778435,0.24246918956823568,0.19733236308173205,0.6947254702597585,1.5076118536582699,3.7889939041631173,2.1804211406593956,0.999329299739067,-1.9714863377226113,6.928318981600346,True,True,False,912
0.1023930241760404,0.08765077473714056,0.12364607213520391,0.0017702648145902621,0.020705070597041454,12.148525817227904,4.856237880485644,1.9966485342922757,0.9974931973680445,3.8095756494795676,11.587175242812908,True,False,False,913
0.8337444535511089,0.8316950436348911,0.8328620212983797,0.10563187310215703,0.5854132664800972,3.2028086198171346,5.780976226958212,2.284049200460799,0.999329299739067,-0.3571516515665625,6.402653276647905,True,True,False,914
0.7594292650907118,0.7563712004728124,0.7574580386571199,0.08320153312978669,0.960315180931592,0.26644384567485674,5.291281794301219,2.144727627362935,0.96570506078784,0.618462062239792,6.629528425817751,True,False,False,915
0.44691570954850635,0.43827491136410635,0.44311535690070436,0.7251340337125428,0.27995755285254814,4.644005935945436,4.187454095349686,1.9774014703364569,0.9328325322945734,-1.4935189372883042,3.6342649908989344,True,False,False,916
0.37513222631138926,0.3648519225686908,0.3718449432724495,0.2394484531316549,0.24406695519737803,7.403707003046124,6.177391371405138,2.410487522068636,0.9810132689030333,-1.5880683983093826,5.945207356053929,True,False,False,917
0.13378873395310206,0.11884458890860145,0.1291872942333909,0.7527321410732866,0.8327025671023816,1.0616412616234128,4.963692110586947,2.0801475722889586,0.9629497336874804,-2.7120894175084023,5.0133617868353495,True,False,False,918
0.1477470931863172,0.13285709066354304,0.12335421282415246,0.5044352259204318,0.15378427195390756,-4.436080367198551,2.9978421440960106,1.724893733538491,0.9923211297540152,-2.730736792675187,2.0888058756656314,True,False,False,919
0.16941967028626123,0.15473284655266736,0.18687950528722,0.018299165641476167,0.8868732366455735,0.6716074706487702,4.663933338345218,2.1174959372653697,0.9077031473176517,3.4974254838549417,8.400901844159428,True,False,False,920
0.883889264844407,0.882479080315528,0.8837417645026804,0.031068159890146014,0.8222367233763911,1.3174511805070237,5.791042912446075,2.269414877504812,0.9818958162436389,0.25453310006648433,7.4964078687196825,True,False,False,921
0.727067142081665,0.7235405042951977,0.7238524914907786,0.25025501136803413,0.7720866779067626,2.0278623159158133,6.911294348372376,1.9885668395647111,0.999329299739067,-0.6022830870102878,5.789521772011264,True,True,False,922
0.0918563116861453,0.07732243867067481,0.10754709936432524,0.039673379545274334,0.2632272774103605,4.490742591340105,3.9063012922937665,1.9536219145643352,0.993252121107507,2.950701128099402,4.729450474849789,True,False,False,923
0.9337898620741355,0.9329934889832462,0.9334489819651796,0.48476445421759506,0.983538745657228,-0.11958797680079475,5.727477260636671,2.052884385284823,0.9813017088732241,0.14550520579036297,2.4849067526289463,True,False,False,924
0.5324631094383027,0.5256081750852596,0.5315021427144324,0.1291583820167002,0.4769344080141219,3.543947656578186,4.893604843446286,1.8867901908760714,0.999329299739067,1.053673188695465,4.499938775231079,True,True,False,925
0.08183124533049227,0.06758667530183295,0.09435208541850532,0.018619764033967312,0.0369976546830535,8.453553602776665,3.7954417574952877,2.057870114909838,0.9954613713375012,3.542557037746956,5.787523258444818,True,False,False,926
0.0007061220277961477,7.335095151667468e-05,0.00017278083142348327,0.16837166420037106,0.1216132468717668,-12.239760794292247,7.586926132019433,2.130580137403818,0.999329299739067,-5.841460299207358,3.224951155703178,True,True,False,927
0.5741530739423707,0.5680943876644386,0.5720711239128887,0.30359617629552604,0.29848330054876115,4.814259939079573,4.5157741755535685,2.0048456361467215,0.9661112315160193,-0.9613177701772848,5.100285817162112,True,False,False,928
0.6645828972336731,0.6600900838019778,0.6628160250717954,0.24984913819915824,0.2749651769819193,4.0866558877831896,3.645711009763018,1.8660865579853636,0.9927356016102656,-0.7867650846284961,5.844553201936108,True,False,False,929
0.9028976640874782,0.9017234054770338,0.9015347180374133,0.23829873709424093,0.22783328585436657,3.7440447268241672,3.0138860361852378,1.7686178392905556,0.9897812855029342,0.22272942214211433,4.73621114112772,True,False,False,930
0.5372638559880125,0.5305030993790216,0.542995962612073,0.077350211124955,0.391571942752206,3.2936193364198907,3.7649458220907834,1.8591618551512805,0.999329299739067,1.0960123074609553,5.819622280927504,True,True,False,931
0.2591155230852903,0.2460977065402964,0.24856412116863302,0.5021599180737317,0.4025910805300218,-4.841618425782961,5.667492195416588,2.108104892326981,0.999329299739067,-2.0494518684852743,5.435489699796516,True,True,False,932
0.021671586241082695,0.01312024587511415,0.01927680514184278,0.9721639938644541,0.7300494774676473,1.624060815858762,4.644207818877502,2.3058733208622213,0.9671274602994832,-4.811919795061225,5.980127394324494,True,False,False,933
0.9611857146421289,0.9607202993578374,0.9622134272574526,0.13473261395166805,0.8940023308125741,-0.5769809520647313,4.278188014745866,2.3797339754511415,0.9620932732598171,-0.10042397727295693,6.753294490860261,True,False,False,934
0.6383332602793522,0.6334075841462242,0.6376363626255787,0.1538855117603429,0.9449271252600437,0.3891339688414022,5.566250967948741,2.1647232076252267,0.9538934624122756,-0.8357240842971692,6.37809412815469,True,False,False,935
0.14112556372259064,0.12620116322685443,0.1283434957658777,0.7863207508305953,0.4663725981087979,-2.164186269417022,2.9171352365891434,1.9874670077338161,0.9741145263116927,-2.484274185606677,4.672726461756829,True,False,False,936
0.2056848553863126,0.1915594229626229,0.18938425889038796,0.6917714831115075,0.854850088205865,-0.9312394087946809,5.028321750574076,2.5057446624717596,0.9692157468608165,-2.2109957926927137,3.9969856579610363,True,False,False,937
0.06797142812719213,0.054314379335520926,0.06898251780396653,0.42052410293328213,0.7085534253130534,1.8146390604316953,4.789012789979842,2.370684053750242,0.9684015677446156,-3.7158413205289333,7.3030081594070335,True,False,False,938
0.2607275404783483,0.2477461008649769,0.24868507715270294,0.8514229853078916,0.9684856745073684,-0.2025925884012584,5.067178197754894,1.9903107906960313,0.9807400502297875,-1.9188856999044774,3.5612978758071527,True,False,False,939
0.3152048842585621,0.3034984586392059,0.30304493134520527,0.28773843161362106,0.7290780625409155,-2.067934699198382,5.891390404630255,2.3472052687681186,0.9896731211787436,-1.7177017483058075,5.9542707616449295,True,False,False,940
0.7865865544408863,0.7839070827578473,0.7893005014691589,0.2848105243005303,0.821607459772174,-1.2922630363316654,5.659921815020109,1.9584181392015707,0.9412936670057702,0.5454604043849618,3.9267756507451157,True,False,False,941
0.40770228382764007,0.3981792588741069,0.40734924582568294,0.050098682175309835,0.25009267417454384,5.831568897447372,4.93015242083117,2.753926075477961,0.9562651922898194,-1.5494285328813042,8.279252320213963,True,False,False,942
0.8665346985091928,0.8649063091866016,0.8658287792674018,0.09174369890070008,0.7125354686815958,-2.1047843256523735,5.635610768501131,2.3005715527844015,0.999329299739067,0.28441016486275217,6.029094420931336,True,True,False,943
0.1884147005299578,0.17399450790921564,0.1733080976906992,0.5920556269152144,0.46096732293748793,3.1201552438275106,4.1544913072632035,2.3269700010525445,0.9860691553763952,-2.492633024039508,4.950223364410723,True,False,False,944
0.5633081653357852,0.5570470263103673,0.5683753073908899,0.03247321727484263,0.18394992769994964,5.587308918899848,4.066638914237505,2.3643269032337524,0.9791122594392198,1.0153001012669884,6.811647423507793,True,False,False,945
0.5116635846192261,0.504393106160701,0.45822652873359876,0.5396579571957482,0.47554595334905175,-2.8794497655839826,3.9633905689357394,1.9120796370639497,0.999329299739067,-1.0785930568596798,3.9404316642420154,True,True,False,946
0.9048901898449362,0.9037404960706474,0.9050374535421606,0.08966806941085674,0.12281810346872483,8.366106767739595,5.203553314482545,2.164688300924383,0.999329299739067,0.20911675799459228,6.744387879022328,True,True,False,947
0.3948465118194207,0.38502689655748146,0.375402747068574,0.8269579966817121,0.08108051566177639,-4.655762170837014,2.540519771896268,1.8543525739157165,0.90924265560915,-1.6328473935769752,1.7569059195525156,True,False,False,948
0.6121571449567245,0.6067825380759136,0.6112942972400535,0.10129624681642699,0.10248355095343474,7.606328057914787,4.454808342900026,2.0646275849196947,0.9899378587688867,-0.903491799830749,7.418807978406477,True,False,False,949
0.5908175244502138,0.5850636138349489,0.5934178347369492,0.11487014036011933,0.2706585879082479,5.947805650386296,5.257218110967475,1.7655110968768737,0.999329299739067,0.8371190452552657,4.923114200824364,True,True,False,950
0.5667942029928215,0.5605984973545269,0.5620877496373221,0.3977496961667465,0.3993030371139481,2.885441962260572,3.3537327212506383,2.040339916820368,0.9893812813378731,-0.907022625792985,4.545769906282046,True,False,False,951
0.05459583210368962,0.04178366125868399,0.056971102498675374,0.01303640566218518,0.09375329415819339,8.306218172522675,4.731562418854765,1.9910128401236549,0.9914947131665643,3.8440157686729726,5.237028900998121,True,False,False,952
0.7856955804541192,0.7830038838874696,0.7865881831170075,0.44309846694603067,0.5097310860652445,-2.0536591979746484,3.0620335397120355,1.9066432299539209,0.9920841417918953,-0.4391944204917504,3.7601792703075554,True,False,False,953
0.9276914705906528,0.926820958312133,0.9276453801709372,0.10409981971438718,0.4823922630039987,3.918888718073584,5.479814478394896,2.121983236537827,0.999329299739067,0.14595818400266314,5.56672285889249,True,True,False,954
0.6789762928495678,0.6747137909936793,0.6796304105451408,0.047125229379906174,0.6891771804946614,2.0889711783365255,5.150988285060221,2.2999628751434655,0.999329299739067,0.6493511205375935,6.004688026613301,True,True,False,955
0.4370195396636297,0.42815953868484324,0.4386287307708338,0.09445669815145097,0.9921029506958262,-0.05444573846722505,5.435797550335071,2.141597628833247,0.9915664019208297,1.3812802838358973,4.799507080136815,True,False,False,956
0.2386420896569839,0.22517418628690533,0.2645542186518787,0.07077965297644292,0.2865348171803804,6.574582859411926,6.012102948421097,2.1158371057578385,0.9933812911823089,2.2432479560580436,5.010959793752901,True,False,False,957
0.6381799461607245,0.6332516917067348,0.6421266070771363,0.027275445220917592,0.9248979402647026,0.5175496729509382,5.42478280797133,2.1812289677329706,0.9970008005307888,0.7366031552817871,7.996642713892204,True,False,False,958
0.1939363146341417,0.17960564498323028,0.21427752439039885,0.029002826087834492,0.4967311375474701,4.460994416311568,6.449751325621127,2.3192961097629796,0.9976610427610154,2.411234065010193,5.9067489167991445,True,False,False,959
0.08843298774780436,0.073986942324604,0.09943297571359182,0.006435631630602567,0.016437956055121963,6.344114897274357,2.4328804624067906,1.5385524355888025,0.999329299739067,3.557260918138393,8.806812665750257,True,True,False,960
0.4473554932798136,0.4387243794755431,0.4433308677067746,0.05850437553093202,0.15303238486266493,4.774912265798262,3.2206281137655375,2.0802347465875135,0.9246216304637617,1.368035792009969,4.496384897325262,True,False,False,961
0.18034627520678506,0.1658044174354668,0.172330696708704,0.7210480294758989,0.5349246489002846,-2.874433827686954,4.556219122609773,2.3300245580260235,0.970745134003458,-2.276134204880784,4.021258978388179,True,False,False,962
0.4726085990195725,0.4645251571979754,0.4674466423864559,0.6685785083815642,0.9955685973647455,0.02105681323417063,3.746458065453413,1.8811057375231401,0.9824266300659998,-1.3184781967258568,3.928335157347519,True,False,False,963
0.9086455055765016,0.9075420304800332,0.9096036860512007,0.15965547468022984,0.1254742310416549,6.7517845489565325,4.230980607909413,2.574900484850628,0.9933587185418759,0.17191700679628674,4.3424462002710165,True,False,False,964
0.3136195993689789,0.30187535445434954,0.3212921206191963,0.009370942053018057,0.07887494470506592,13.450758070412059,7.282176681363794,2.356401452299746,0.9951680173067596,2.2857085542806423,9.000156409293082,True,False,False,965
0.7119029763426102,0.7081496587160743,0.7115178792493818,0.05970922982663552,0.5338925984730563,2.271635935059041,3.591567651736736,2.2707319332100018,0.9895135643871458,0.5905540795680864,5.919676755967528,True,False,False,966
0.8426502443184436,0.840716422721786,0.8438971186661202,0.139621981405582,0.5612233713587279,2.431817584226142,4.118936678983091,1.9422268462353198,0.9885985782203539,0.3784313907140451,5.840285306271968,True,False,False,967
0.8644641841878645,0.8628095632963985,0.8638163362073596,0.06224512958334867,0.24805641559705463,5.637529842481439,4.744980631761302,2.015897890832299,0.9754975506492753,-0.3535412988637958,8.403644530628865,True,False,False,968
0.9928643882467308,0.9927789605406477,0.9937095559396131,0.08306615352618897,0.47326508261224515,3.102510996842016,4.248162823159496,1.962548685132119,0.999329299739067,0.012927313362967041,7.05439786970589,True,True,False,969
0.25706490729505743,0.24400098976591844,0.2696038287781623,0.13280761046135903,0.2877948268744408,-5.061410610074245,4.640840445470818,1.996202019287421,0.9924356649887577,2.199272374513734,4.3846353975766785,True,False,False,970
0.1303827094968663,0.11543663623323405,0.14683460302993986,0.005756010751183714,0.36903090937532845,4.271587132125916,4.65302813817295,2.058813410313425,0.9915349156533301,2.95540917913544,8.630814925399813,True,False,False,971
0.5227642014308803,0.5157170157958206,0.5200965937505794,0.2833177720965275,0.0731668824546369,8.652800361835043,4.587286085743685,2.5433793902535675,0.999329299739067,-0.9562025116710546,4.341144911855,True,True,False,972
0.9878783561105876,0.9877332204777874,0.9874260044161803,0.3576189085117678,0.8504928825006012,-1.0446921482721059,5.474511643480119,2.059118294980493,0.9637673556604127,-0.02985956675247392,3.7495611728132143,True,False,False,973
0.996993281771685,0.9969572868994457,0.9956452080835901,0.2448667546417194,0.4448496306661777,3.8330166530350462,4.922400900273242,2.1320817676755137,0.9870073533877316,-0.008847638517124778,4.399786359284659,True,False,False,974
0.5969006819251315,0.5912561414575177,0.5918257242031665,0.1640141419182624,0.5127698886673918,2.9937483719965647,4.496287053359412,1.6797900981049905,0.999329299739067,0.8883150657510086,4.792278959342734,True,True,False,975
0.34187250397907426,0.3308031471841736,0.33589795311684095,0.7930768136116915,0.6746223463329222,1.513998939276395,3.556082625804575,2.1584318471022064,0.9617075451394594,-1.5804463586468596,1.3286520291425792,True,False,False,976
0.9361314704696139,0.9353635131606979,0.9372886972592961,0.028481496955814856,0.4007703360154089,2.9874615744224458,3.483325855337981,1.964483756790857,0.9865815569989436,0.1402995788358492,8.469567522320737,True,False,False,977
0.5631294389238466,0.5568649360631571,0.5655105469076407,0.18940637360468449,0.3571236388696701,2.481419865119992,2.635432151043268,2.0149178475603873,0.9749666947440622,1.0873933783609782,3.4433164783406873,True,False,False,978
0.6830907537628551,0.6788932028188399,0.6812627679128566,0.14915813224009045,0.2341215779139372,5.389106734852293,4.39910524227068,2.0625246944458064,0.9944005178684941,-0.714075617801611,6.598825877536962,True,False,False,979
0.2851264660959915,0.2727075436049922,0.3012771729090172,0.06588397585657857,0.704477047512121,2.704514014757193,7.033922453194722,2.0677675590529674,0.975133725654613,2.2441919840853304,5.828232393796107,True,False,False,980
0.7568997312028007,0.7538057491928942,0.7585440125529925,0.26982151656731845,0.46043060116831536,2.385682407859147,3.1726891233861036,1.8932579927577597,0.9954043817681617,0.528887029231496,3.4736759624432088,True,False,False,981
0.3444321949852551,0.33342391357358875,0.33330586639492044,0.5680357727696149,0.7432968324035308,-2.3562282164400594,7.10042693615989,2.3605658655748125,0.9892236331771903,-1.5097367593475233,3.918873651173697,True,False,False,982
0.3344815993320963,0.32323572740094464,0.3284757248208276,0.8674206896624221,0.7541750993834926,1.1392529750782365,3.590852674659305,1.89386756489748,0.999329299739067,-1.46363707484459,1.7755067110419416,True,True,False,983
0.5631343527096181,0.5568699423438896,0.5574658847867876,0.7428401369437174,0.44579829455681325,-4.400556684146315,5.663202119552336,1.8924319725849128,0.999329299739067,-0.91823423460731,2.8227592443043754,True,True,False,984
0.421761625403327,0.4125590043278601,0.4295965742015998,0.08032371548755354,0.7979698049540999,1.0144513230226753,3.913083266811351,1.987031893619559,0.9975270250818651,1.334522283342448,4.709746676173235,True,False,False,985
0.040924286676229556,0.02938436764489048,0.035544809816617166,0.5862630232113983,0.8649837212601532,1.0339656494443243,6.006904016168653,2.1696882929951045,0.999329299739067,-3.0247777658127606,2.4524983234605475,True,True,False,986
0.755129046142067,0.7520098527617531,0.7515163762005571,0.5144074675558312,0.7033776756801977,-1.328931459618815,3.4428051443474255,1.8064891453648806,0.9651627547058494,-0.5540720277916407,3.7251762318109742,True,False,False,987
0.4959947936515337,0.48840323860855284,0.500562214213871,0.09792576054148444,0.2715060821675563,4.070439242553465,3.6043864879038034,2.7957767359750014,0.9722971442481887,-1.201597429708423,6.229003660868912,True,False,False,988
0.718728065243112,0.7150773587486301,0.717107406609,0.06095665719656337,0.9589300510993582,0.23283881714198723,4.467835358930552,2.202918352655738,0.9595841305227039,-0.733364703747327,9.44972693875251,True,False,False,989
0.8328754462918571,0.8308147044863006,0.8332878722058271,0.07966907645314587,0.3274204850821912,5.362248046282578,5.347811443378248,2.214025644743075,0.9816187217710954,0.40141923749231534,6.547841166643618,True,False,False,990
0.8592591959614847,0.8575384341143497,0.8596910582950499,0.4785242786653992,0.4944930601018437,3.4617475452489,4.978817551060961,2.175090953967022,0.9155260400985757,0.3641809560789846,2.3487947786364956,True,False,False,991
0.7645788682076867,0.7615935696206529,0.7666517182146257,0.01805297244287367,0.9791659652900544,-0.13228248297314393,5.005504267058147,2.164944874714104,0.999329299739067,0.45653104261820676,7.87746981990839,True,True,False,992
0.5314554389208821,0.5245806541897683,0.5241821383276555,0.2607377359460034,0.8383597147294094,1.0008774995432357,4.845961950662909,1.9847542323197072,0.991900964789294,-1.03359545300843,5.656389021187964,True,False,False,993
0.518945564435718,0.5118219575179608,0.5133869624872598,0.5633049728254977,0.8918057003912253,-0.7621097285995118,5.535410999468934,2.294075388941275,0.9900753568151058,-0.9478869222807895,3.0002543081645188,True,False,False,994
0.17878200370585312,0.1642179224456854,0.1942512331145292,0.009765236468892383,0.1039500163102897,7.245600351008003,4.262826852866895,2.0547541243418506,0.964689768655858,2.996998641338635,8.484744918942747,True,False,False,995
0.4038478042198303,0.3942362008776995,0.4112716335027229,0.015937321428113275,0.6830135850823384,2.5897480397306234,6.2542070684872035,2.0997666175300442,0.9921877986252491,1.426686201092883,7.930397018314419,True,False,False,996
0.14707496353389374,0.1321808041699831,0.14053129686109397,0.9053534534610074,0.9687191599001611,-0.14234491132047095,3.586872739554194,2.176150062562673,0.9906762518626927,-2.1429616123299216,2.532294427374033,True,False,False,997
0.44631672556745916,0.43766272941244777,0.4482132523221808,0.004679007125602084,0.018031303813646347,9.471877313041798,3.69225669289395,2.045863892789453,0.9961142854140728,1.4603043481918885,9.823222643150018,True,False,False,998
0.5710658519007814,0.5649498653673487,0.5622539966779441,0.5406153257167006,0.33325324296656444,-3.992217390076905,4.030908939858276,2.0207375399969587,0.9937469565809184,-0.9061274210501109,3.5338372500279376,True,False,False,999
0.0036628616800214626,0.0010780876243538765,0.0035094519331537737,0.09951980499479936,0.2823540017034309,-3.3201052317549316,3.0090821324340973,1.8253555377277964,0.9951618655066059,-5.037264068345236,2.5261976304687632,True,False,False,1000
0.764088477241508,0.7610962695093776,0.7596370856342243,0.07120707314989817,0.4573440543519578,3.1701779747493553,4.1867254975788395,2.2791356797613536,0.9781841963541233,-0.629962154530487,8.247463284743848,True,False,False,1001
0.20571734259209962,0.19159250298439087,0.19915882092810788,0.3267856060816749,0.7049025086626652,3.0504643834848655,7.9457176331967,2.3994356786327815,0.9683063869610776,-2.5525865779114048,6.785033879027814,True,False,False,1002
0.7538220062022732,0.7506841661972307,0.7630701160210901,0.07422316259199103,0.9522117036345702,-0.2880994377380481,4.750221461442109,2.0344146477642986,0.9992927739943083,0.5055252736235509,6.604900922037012,True,False,False,1003
0.6477402313359412,0.6429716280402609,0.6442405569064797,0.2024715323824039,0.4125351407694622,-4.37530611364165,5.233261844988326,2.239000636600773,0.9673540794581532,-0.8037134957485597,5.697254769910234,True,False,False,1004
0.01770370055413965,0.01006053546174164,0.012705203829684158,0.5128919920175544,0.35941610494995624,-3.613236271872221,3.8562219369965907,1.9975426452910365,0.9852158874872224,-3.9486414668941703,3.6362717726920506,True,False,False,1005
0.5110675632922412,0.503784997471177,0.5223275182706058,0.03756413106971003,0.2491915075055295,6.424659240576071,5.420902342319645,2.0478153623825106,0.9820771425801068,1.3049797498621434,7.267270791195653,True,False,False,1006
0.6223608647884578,0.6171633615176834,0.6203332785249447,0.0844955961128302,0.1868045395903795,7.335030422135307,5.374977821638703,2.080409382835202,0.9776722994339754,-1.0068044353034802,8.418510525961825,True,False,False,1007
0.7087169026784094,0.7049153491852587,0.7080511446556603,0.14878662959833178,0.08689434232009181,8.865266516565292,4.936062346228177,2.1344466134371807,0.9874586597328193,-0.688836501865211,6.536261031655279,True,False,False,1008
0.09783234219645613,0.08316952102256538,0.07186055297816293,0.7521341019608484,0.2972173199254649,5.629168454692939,5.265974103028442,2.1795979072313916,0.999329299739067,-2.8398848518327258,4.826859921041798,True,True,False,1009
0.1098469411216025,0.09500632842482865,0.11805709116454847,0.013045336221317377,0.45558078196319024,4.500864272975723,5.92056452363975,2.124120490560576,0.9728905799558525,3.163164298419873,6.215811015714012,True,False,False,1010
0.670885543594313,0.666494178768035,0.6688090071324693,0.2997664347547089,0.11726025016084772,7.834191654737594,4.7958451698708116,2.3102947361596318,0.9511192124727608,-0.8859609701098456,4.693630739633639,False,False,False,1011
0.1172995420475993,0.10239509410179334,0.13018599788010646,0.019779796014846043,0.36442840266539234,3.215271837147192,3.4682463272089827,2.0916446655752408,0.9937393428632348,3.0674438404823388,5.916776422099548,True,False,False,1012
0.5863434099084155,0.5805084180902823,0.5842647581167288,0.17313147989062486,0.4329320708219053,3.6874600093411516,4.612011385355409,2.0648469610375684,0.9848914233567273,-0.9759225750297267,7.022844443888923,True,False,False,1013
0.17642228150974207,0.16182557007063647,0.17852239514251306,0.037109227147342265,0.25839265711036774,2.555502794752363,2.1998015028295845,1.5213130768587204,0.999329299739067,2.751377036314503,6.383493428208058,True,True,False,1014
0.5624376358680202,0.5561601040918318,0.5655376233432061,0.07405133263190704,0.2982063118910217,5.420241727341884,5.0811939745259185,1.8233554553819875,0.999329299739067,0.8503628151211577,5.2945279487637205,True,True,False,1015
0.1070767590528175,0.09226841037710642,0.10347067899820063,0.4806815907800853,0.9923586436177186,-0.06244188009684969,6.442734444039009,2.19038794149377,0.996539496386634,-2.50602490814481,5.731561998566956,True,False,False,1016
0.7217066066194133,0.7181003778654821,0.7241728437162184,0.024960168267891176,0.16174930651834474,8.07106182742277,5.565119559437466,2.166565154697405,0.9991888891001295,0.5865878631967067,7.627935503965788,True,False,False,1017
0.5936700628098655,0.5879675630355217,0.592533985481592,0.06930545764503977,0.3357850984247475,6.505849244040634,6.604190062559219,2.330382560291106,0.9806432405202401,-1.0929940091229238,9.130281607718544,True,False,False,1018
0.623918930725771,0.6187482317382565,0.6271573993150469,0.14012543563258964,0.924752424902618,0.3216363974102762,3.3647450499394194,2.294672016494708,0.999329299739067,0.7104754784665426,3.716078054038666,True,True,False,1019
0.024869548474856566,0.015679258601752493,0.020466832724579574,0.9213624157134709,0.8825682757500946,0.8599031901845606,5.751006241926757,2.2646826227062484,0.999329299739067,-3.585615529766898,4.315637058786961,True,True,False,1020
0.6370246671540413,0.6320769650248679,0.6311480072167435,0.0648654824298555,0.7244139811093512,-2.731244853364946,7.643573265337839,2.1835879502587163,0.999329299739067,-0.8469283434196679,8.479306003731697,True,True,False,1021
0.7962016464040618,0.793653299171126,0.7978885078365141,0.10226959670873932,0.9682617483388285,0.16819774216732525,4.1772077348662835,2.0295136789756225,0.9935816112811582,0.4519966345082791,5.8605857748011445,True,False,False,1022
0.5435629394808421,0.5369247680502979,0.538451852363123,0.41475969611814584,0.1976689955004045,7.424395475380041,5.580764322979989,2.3881508711895263,0.9960671798012044,-1.026417803697286,3.8742409090011347,True,False,False,1023
0.5367188429408467,0.5299474273620172,0.5333715714304488,0.21346090950005353,0.23481738867914345,6.98764102883873,5.712765749703294,2.2371928629339233,0.9830980285161385,-1.2150107039623075,6.163720529543683,True,False,False,1024
0.9072141545063604,0.9060930749525538,0.906792762348353,0.08412565175163238,0.38000874932673545,6.057952802038148,6.7553215954784305,2.3500579271460422,0.9823775843447201,-0.2017087859402107,6.819815350307753,True,False,False,1025
0.19753782594750394,0.18326804376667957,0.20547972243048399,0.003827706282801327,0.41139389621533445,4.610264784949757,5.500629328033683,2.132230604718619,0.9955024511079293,2.1580523976896773,8.798986836143763,True,False,False,1026
0.08560800397405469,0.07124276571943038,0.089608506781926,0.21175134750875801,0.378554631301511,3.680498801353959,4.091446005188422,2.7210824564568985,0.9470115727257211,-3.3579348592501788,7.14519623352003,True,False,False,1027
0.6810016175263408,0.6767711360024365,0.680358474646733,0.1468786070403413,0.576296497936056,-2.4872258325663137,4.381673111134001,2.253318962489306,0.984417719527233,0.7341251975042011,4.421682199247874,True,False,False,1028
0.8386379665470624,0.8366521907712707,0.838095921832628,0.6107320878470007,0.48540144490719356,-1.7895619387177366,2.5198504358981255,1.5778532331565818,0.9523936674432723,0.3802176864040252,1.9220018999413249,True,False,False,1029
0.681355943706553,0.6771310543835779,0.6809192649284744,0.07978398699128625,0.24408818185122189,4.771681117303908,3.981507199680595,2.2527787094921927,0.9712946528921884,0.7370493410104624,5.860534465578356,True,False,False,1030
0.8565315909331038,0.8547760527330195,0.8584209216191894,0.07952174933552851,0.2772211027816459,5.31795704138661,4.767146692093739,1.9949184428978193,0.9897975891401078,0.3079856198731683,6.359367225560124,True,False,False,1031
0.5790213778599242,0.57305251510484,0.5821984938290712,0.2010235703483916,0.25196707686045117,5.56575366640515,4.724676425881976,2.2132073545364137,0.9124779477420042,-1.187887257655885,6.293638391950923,True,False,False,1032
0.031534469157047176,0.021220586598184706,0.024718748390776528,0.7144307638014685,0.45047772929526175,-4.5689256590625895,5.94167103301161,2.319223479159153,0.9896832630807562,-3.3639714397399585,3.162809976721969,True,False,False,1033
0.8401204742915106,0.8381539180674303,0.8412402986501262,0.11408548508037873,0.6264814643205023,2.533599052411305,5.129456589511203,2.042833703393126,0.9935658193098318,0.3543055244935607,6.008481045525285,True,False,False,1034
0.15210287481703416,0.13724323826788198,0.16011706845106846,0.031026234360841697,0.017573901371121955,7.456987420375389,2.89354335189295,2.184030189902552,0.9769714293362974,2.8361736182089983,4.850456181855664,True,False,False,1035
0.16527626251305563,0.15054121294223305,0.1636790505303665,0.009251403991992889,0.03147292949371564,6.230082253333413,2.702892364758464,2.080217763554733,0.9214411946138946,3.3130405452172447,6.84121905917395,True,False,False,1036
0.5771310698463371,0.5711274071518733,0.573669350838407,0.19519476377438355,0.1684468088745812,-7.949095966383649,5.572775500896741,2.434716023155857,0.9755990544637315,-0.9253772116167012,5.4163046902626935,True,False,False,1037
0.7372947789727192,0.733918400710448,0.7360720621770124,0.606695502102972,0.7764908334170184,1.1138968974348042,3.8734134765224733,1.9356630355771707,0.9668808453464818,-0.6285532538006589,3.053711524124643,True,False,False,1038
0.06659906075414054,0.0530145215244334,0.07399743820897034,0.0011742004467143745,0.23069348713837598,4.518080835207802,3.6601768875765885,2.1740114524163516,0.999329299739067,3.189752083266198,10.660153404402227,True,True,False,1039
0.8407750644122842,0.8388169858783796,0.8406765277282742,0.09577744448150749,0.13187703576772028,6.08162274041408,3.8791167278030465,2.0308677350124857,0.9989878091490171,0.3273590303768046,5.555398356847755,True,False,False,1040
0.48436899031510644,0.4765347851670725,0.47402081576092575,0.45855919096795295,0.5216943292912387,3.122022342305379,4.7909358614334305,2.2504022228052687,0.9973558904823177,-1.2694550334240562,4.4199838872437205,True,False,False,1041
0.3659188974643744,0.3554212355534234,0.3698882162559258,0.03148141580192971,0.12450112201508405,7.18230592532013,4.488498833835574,1.874699318914419,0.9950039876303571,1.674329869493163,7.2450453010780524,True,False,False,1042
0.603610066378463,0.598084999918992,0.5953783189924805,0.2445304638981353,0.41560604494667663,4.546284145184956,5.47424088211695,2.273776431134112,0.994935661864691,-0.9317350405134306,5.647372942151312,True,False,False,1043
0.7795579449944049,0.7767816839956385,0.7782071473905131,0.04495187733283024,0.5967207846982739,2.8224777377899466,5.2532546432836495,2.2073715570576242,0.9907826220552924,-0.44209973893225296,8.124958312877192,True,False,False,1044
0.5152197061265485,0.5080211383346329,0.5205582059390312,0.030909827692435908,0.792229732035255,1.3937118345607578,5.223915305418047,2.3804074428651765,0.9761691074284214,1.232140288208023,7.815780118452906,True,False,False,1045
0.4531889376736093,0.4446858142472818,0.44586471325867266,0.46358329969795453,0.4950527392838232,-2.8965959570164554,4.171463528101898,2.033654450045952,0.9509283662389386,-1.473942522199363,5.491542104704699,True,False,False,1046
0.5742662841100501,0.5682096940577331,0.5717365896160377,0.24881674167258924,0.48806507874254407,4.769813190323626,6.757960676659144,2.350108783449947,0.9841267610650267,-0.96449498661182,5.5984243998131396,True,False,False,1047
0.6284424213710943,0.6233491874105765,0.6220530175160716,0.6233623529743109,0.07495217767328996,-6.716014116109216,3.584312812991909,1.9278994026726135,0.9980211544598463,-0.8464196824690937,3.4763168686766392,True,False,False,1048
0.9926662652078246,0.9925784652966003,0.9928882515553207,0.1609034405224792,0.32722184876270316,3.459867590550597,3.4491028471707024,1.8657447327610832,0.9403915398364866,0.019123506480880792,6.395326138459832,True,False,False,1049
0.3999840924299261,0.3902833963231024,0.40871824320378275,0.13802383695853102,0.5243154796687758,3.5467509869621736,5.47748776793415,2.148358065751689,0.9503438516565884,1.628456447754711,3.624426988161866,True,False,False,1050
0.6572846360511143,0.6526731633061844,0.6554081648985978,0.2518196748046378,0.9797633569472742,0.09328527995591113,3.6340970651023143,1.9696261830058037,0.960292424797634,-0.8537654290144285,6.628849430147197,True,False,False,1051
0.7791293145869602,0.7763471247588906,0.7786389600935668,0.16436329509056175,0.6525969117276283,1.8912921955573876,4.141489138739475,2.4344382690096267,0.9847738870032915,0.4372357697991376,3.9444109766002473,True,False,False,1052
0.24757325805491595,0.23429873134276338,0.25257798021958827,0.061904580064341796,0.7418833168787164,1.5007204316582443,4.4966382631900395,2.0770690519815957,0.9936128976151224,2.377215678239749,4.857063208199957,True,False,False,1053
0.3704112927055963,0.36001975811885834,0.3780335056595721,0.0018945752026177465,0.24718065990425467,7.291879478508747,6.125679720378111,2.8658221436258513,0.999329299739067,1.5430971825856723,9.432413737967448,True,True,False,1054
0.08209013358828497,0.06783680894777168,0.07430705247308247,0.7141862674693117,0.3149193366871276,-6.079439076346242,5.90476225185221,2.2994693528837917,0.9853366706480344,-2.8229297902292303,2.4001449627640756,True,False,False,1055
0.8949651279728245,0.8936927724083928,0.8942720654423437,0.07094567998563636,0.254874344469804,3.8501073575629254,3.289015999081767,1.912318375534843,0.9757534785768095,0.25260795802031755,7.53457238693211,True,False,False,1056
0.1848935192560412,0.17041882779528778,0.17125971016171532,0.6237251532566803,0.47660856226465476,3.1361610610098505,4.327279212207276,2.5108694012036064,0.9623806888205106,-2.4192652445876277,4.253882627381572,True,False,False,1057
0.7450311855972195,0.7417671108014705,0.7434261863942563,0.13933509478871323,0.7728349861117146,1.9652239378514345,6.720548211233142,2.282007636091041,0.999329299739067,-0.5688594761186474,5.952497897036341,True,True,False,1058
0.7866225329297531,0.7839435546320029,0.7891650591745311,0.08380322396741753,0.9412063803334358,0.45895148322452883,6.148740194828014,2.2554908923889356,0.9859951501615799,-0.4550829602499551,7.09390888686683,True,False,False,1059
0.11522418273980058,0.1003343135876669,0.13130172762437498,0.05773196075185533,0.9615601430367071,-0.27533722174489766,5.645139063681272,2.610853180047687,0.9830185507111726,2.7204994109834,4.3906324978394595,True,False,False,1060
0.7439832822262838,0.7407040629114555,0.7417470263682213,0.2503033790171742,0.5040462149170856,3.1589487077526615,4.646765092350201,1.922092397024572,0.9985734402550528,-0.5338526394336833,5.205154175653069,True,False,False,1061
0.9521855232266646,0.9516117068693353,0.9546398963200945,0.2794862073786757,0.931972624412276,0.5012350118812245,5.801815422963234,2.037268589077354,0.952989805211353,0.10388110517072668,4.171098401245417,True,False,False,1062
0.5511142268442002,0.5446215373161268,0.5471892920680705,0.3989905973136986,0.7069734789299149,-2.958475197228364,7.763439264379947,2.248057130540626,0.9621421927165429,-1.164410678970107,4.97701625467798,True,False,False,1063
0.20595896837282907,0.19183854196444897,0.20314921537475847,0.0009397993506133418,0.06555809287620958,9.706834319915927,4.996102843104044,2.366376053783004,0.9931496246003929,3.1868512996007503,12.76322968774123,True,False,False,1064
0.4978044221081696,0.49025029973268575,0.5006097898347844,0.0277350632020921,0.24810209917225015,4.9226649055832,4.143708389547385,2.105655594060017,0.9521017012401903,1.5114770252121348,7.525774729086065,True,False,False,1065
0.9834516550192327,0.9832534901967624,0.9836222670572329,0.0340452257376519,0.04961585666029944,8.776814271781047,4.212636326652848,2.1727383430009497,0.980161449410193,-0.03833169213981247,7.867882380755953,True,False,False,1066
0.6825242206815995,0.6783177494720181,0.6814758403523243,0.061660097753609165,0.3311454158846553,6.013856331148969,6.045120330864188,2.292559584961802,0.9664163516909765,0.796813841310013,6.104647508202406,True,False,False,1067
0.48897608832475603,0.48123848832100447,0.48344258734235435,0.9204235653037779,0.9497541746923502,0.29894779416197337,4.687690347781497,2.10106785769496,0.999329299739067,-0.9891386146432068,1.7126231298266887,True,True,False,1068
0.8272621473550625,0.8251279738326859,0.8262020249817547,0.12793317136517485,0.45232397878980785,2.465408539669052,3.219436333104993,1.8859567554860848,0.964692157574828,-0.4503844826014962,7.314264874959457,True,False,False,1069
0.21199451776735423,0.19798658776997755,0.21052219570931488,0.007436220168306789,0.055625827418003565,8.113988131281044,4.004384758983942,2.111263744269503,0.9337203181845132,2.7441097583788023,8.786375289418581,True,False,False,1070
0.620236273343555,0.6150021180641196,0.6174034886501466,0.05970729728906324,0.329836999082181,2.825098158537523,2.8319342974640773,2.0101808460823025,0.9986454512201004,0.9048111817913149,6.886205474792178,True,False,False,1071
0.3628682143513676,0.35229833942264155,0.3588947667278528,0.43922000238455433,0.5158564069224258,3.365673998782419,5.092492340578478,2.142304795115621,0.9764589927087137,-1.5212832253516337,4.777519669379611,True,False,False,1072
0.6269566089678068,0.6218379884984465,0.6299990285841625,0.25689676849499415,0.5221031337627372,-3.2066566672971457,4.925696061685105,2.1961569267648735,0.9655767929658012,0.851642734975167,3.1570813207157085,True,False,False,1073
0.4730667541214156,0.4649930922716049,0.46739278017978775,0.2502945189168012,0.8299436061692543,1.007109249161575,4.631093824889725,2.2614510580336837,0.9908159366513507,-1.2341307454629575,5.8313669051729935,True,False,False,1074
0.16676718036673266,0.1520490245847381,0.16273672783254453,0.0034170605613482816,0.42655503916618637,3.8496059899157666,4.747707929063943,2.30184447945189,0.9987344767335771,2.6817011494394922,8.570304889930817,True,False,False,1075
0.7694560782396501,0.7665392655400534,0.7701710039573852,0.08072172204616072,0.9859522178608164,0.13657824828807258,7.665165547232994,2.7844694738015945,0.9807767678341789,0.5155205620099288,5.893343296148819,True,False,False,1076
0.09977931933795739,0.08508068418839446,0.10902953390818577,0.0031645351915704878,0.2525060951058305,4.225024317819822,3.590762779365019,2.2227451910239613,0.999329299739067,2.7219087286553387,8.067856347413091,True,True,False,1077
0.8357602968105298,0.8337371367671238,0.8336294754153115,0.1069689012364478,0.31926253793762593,7.031279349695835,6.892335595448268,2.233574752669497,0.8867046434428877,0.5295683787152248,6.716693882005524,True,False,False,1078
0.454058899446343,0.4455747887774668,0.46266048776742424,0.22415118582382876,0.4776227190045722,1.6206340466275548,2.2413698924052503,1.76908555540763,0.999329299739067,1.3446175109957164,3.1365238124937935,True,True,False,1079
0.7331836946943148,0.7297471669795516,0.7330644545554088,0.09488958448962716,0.23296362570073434,4.440654572962607,3.6156083581984264,1.9679483234402873,0.999329299739067,0.525794315607417,5.03320833078378,True,True,False,1080
0.7008830696159474,0.6969619919927237,0.7012881008170218,0.30145207074628755,0.6706839736950402,1.2994970903707668,3.01335327724106,2.051711020350696,0.999329299739067,-0.5495043378276123,4.014823453673331,True,True,False,1081
0.8769073796713703,0.875409755288814,0.8789631874987075,0.034816850642812334,0.1747751044903963,7.425306838770918,5.286623529672736,2.4978538618245976,0.9891351805383204,-0.26045461580240836,7.421483393603717,True,False,False,1082
0.6286338521520344,0.6235438848446853,0.6292829695982679,0.08509708860802297,0.08667768585899444,5.229870703635022,2.90977630391837,1.702510983929385,0.9584607123186953,1.1243956899998633,6.2457473970096755,True,False,False,1083
0.9067578568988749,0.9056311621819647,0.9056289660932326,0.174037789615114,0.4935024678424373,2.863752008551516,4.1092143879303515,1.8854875572207597,0.9538846698353315,0.24862211746142737,6.0156758188025155,True,False,False,1084
1.0,1.0,0.9996336678407025,0.02934214004311836,0.8795209088682562,-0.7841865576058733,5.110906186766809,2.2605625184679066,0.9945210239488351,0.0008218126741255105,9.426315964824534,True,False,False,1085
0.501753053688715,0.49428029265881446,0.5077142841726232,0.010278828905500095,0.7000948806197634,1.998494571787651,5.117692475241144,2.0452983229358774,0.999329299739067,1.1506451360238508,9.525137047387476,True,True,False,1086
0.15946446836326025,0.1446687682990029,0.14354235476114746,0.07310067755157697,0.7173537188207337,2.1547352986373918,5.872573601318277,2.444091256802875,0.9974515683820933,-2.3350415834869276,8.585933690903515,True,False,False,1087
0.8483229728198686,0.8464622769798543,0.8489058971426054,0.16222086069729147,0.5944209558520841,1.7420334329196485,3.221963324680244,2.1851128279392005,0.9536980697933356,0.3756393616650673,5.120074366059102,True,False,False,1088
0.7882529404426263,0.7855962986734394,0.7833423607178029,0.25192015990646144,0.3501506243953685,6.233032641156354,6.522695510660632,2.3820753602956106,0.999329299739067,-0.5074906317779471,4.630259319214028,True,True,False,1089
0.7237788549547842,0.7202034632793617,0.7221975725510189,0.1266780729413424,0.7103491039905032,1.648929426078264,4.380050355175366,2.164961018037254,0.988374533457044,-0.5704212258220016,6.376847553665142,True,False,False,1090
0.30178008129826056,0.2897540772774482,0.2922835015001366,0.4666226419069616,0.5450660929915498,3.64481627142518,5.925104991125539,2.421580784883145,0.9767303661440553,-1.759446557472339,4.460920245900607,True,False,False,1091
0.26564149260138925,0.252771637360816,0.2759098325497249,0.08530224739946497,0.7365741088562496,1.764395444425222,5.17586629673094,2.2531479984178233,0.999329299739067,1.6784876770538437,3.54527191048907,True,True,False,1092
0.4921555023576694,0.4844842288017447,0.4957001402882258,0.44409314834064195,0.6255339636742652,1.107751469134322,2.2365429955589784,1.7667487390140793,0.9728013836832321,-1.286437456113429,5.71272407656765,True,False,False,1093
0.5974369754411062,0.5918020291819108,0.6025201215102424,0.08339859249529617,0.5801801308544591,2.7186392948534595,4.838909060275235,2.057982074132208,0.9876059687161904,0.9410276024287825,5.527933343650498,True,False,False,1094
0.990987782852907,0.9908798848561131,0.9914088326756411,0.05655275744966212,0.16252152134799977,8.900579106127458,6.14892794257969,2.157416244352318,0.9917532651468725,-0.019915938281215517,7.862893588454891,True,False,False,1095
0.9314046469434087,0.930579300023815,0.932573071667611,0.30281724990240955,0.9535393446886363,-0.252580203767615,4.283731734569422,2.14142373539603,0.996931481141101,-0.14854443993098165,4.17439322926611,True,False,False,1096
0.9869215830095883,0.9867649876068353,0.9878613423419416,0.10960773714859054,0.8908129992540557,-0.7248254530105543,5.216421242717031,2.332582886698423,0.9645302970757073,-0.03052364131660834,6.546508167850854,True,False,False,1097
0.0809218023859807,0.06670856942280451,0.06448670283985472,0.557644133275826,0.7991195498899627,-1.816871196373131,7.049351479544232,2.250531003201562,0.9880076243355903,-2.909662529429937,1.8791667878736216,True,False,False,1098
0.272764431904389,0.26005800114993083,0.2782425604957682,0.042616840134742665,0.032786803727210795,10.53059161316067,4.607719250481114,2.1147328374827272,0.994523640005565,1.9035295891409953,5.444798841628595,True,False,False,1099
0.13177740670179214,0.11683153803730331,0.12643623283751143,0.23337640994859388,0.5454369250814576,2.9134317774262737,4.740558519831435,2.764690986967697,0.9967216985987172,-2.114522637280123,6.178382955517057,True,False,False,1100
0.2065918837888483,0.19248305134304597,0.1928248958646659,0.5054842970224118,0.5608307502853936,2.637997220668204,4.4636442689621285,2.3799942488615686,0.9796860961463024,-2.1918470433492394,4.824526452056004,True,False,False,1101
0.1414275077442275,0.1265043482030386,0.13607323782762956,0.190988521521127,0.2146770053975995,7.837280474351542,6.125259362391985,2.630477849501045,0.9921737818683083,-2.6773825179958797,7.289950815391869,True,False,False,1102
0.4101732935203557,0.4007068914150995,0.40033614680714585,0.4616908385758785,0.6666417307519811,-3.0471850197097528,6.9745217652523825,2.273704259904921,0.9963026295775087,-1.4440860962092534,4.656955738339196,True,False,False,1103
0.37185900503941155,0.3615016136271859,0.38077049896757387,0.023488758399944062,0.17001104849031773,7.7223783990033255,5.434660516762229,2.077219800088887,0.9982855233879068,1.4874812260276338,6.725691208630364,True,False,False,1104
0.9461190304358991,0.9454719816417013,0.9445858881076001,0.026546272468303843,0.050914756546822246,10.535968834243484,5.088399504285592,2.3982880316607855,0.9709450031705944,-0.13645220587182294,8.810141579439334,True,False,False,1105
0.2619236979651396,0.24896932581750367,0.25561320414249367,0.9947516117804867,0.8110874547763096,1.1901395683148477,4.916861237063578,2.427410388988104,0.9831930503210758,-1.659335984120259,1.9722476561170355,True,False,False,1106
0.584100568132797,0.5782247256351503,0.5867804185322157,0.023278619785420243,0.4497619103659192,3.549470942801965,4.608530092586529,2.173770507640326,0.999329299739067,0.9256152487321918,7.543509010803136,True,True,False,1107
0.13890894491305006,0.12397644125164804,0.116257958951959,0.8494179015692452,0.4359147784025317,-4.911605299316468,6.18368961802149,1.9568471240313525,0.9956335591385794,-2.7633875476697725,5.006807169195013,True,False,False,1108
0.5161995590714542,0.5090207429452386,0.5103236949451724,0.16446913946874683,0.7922676641115296,1.3140694267251223,4.9263213940330095,2.171551460284977,0.966226328789851,-1.24643404739001,6.803204772343838,True,False,False,1109
0.5925016657922799,0.5867781348305001,0.5961567648332026,0.06610878569780741,0.31400005305715617,3.8682089488547926,3.749759300798055,1.921691179840125,0.991435896146161,0.8928879536238661,5.679629102433161,True,False,False,1110
0.718460430544367,0.7148057185839818,0.7217316742591066,0.15200855375391623,0.0992980330124554,10.300409013429846,5.9727978317451065,2.235773137958672,0.9767244447101441,0.6838961714369551,4.617107808092021,True,False,False,1111
0.181887171500185,0.1673676537322457,0.18545234902115082,0.005884787386691055,0.11871380948181219,7.81467901588912,4.804006637814978,2.142849710543565,0.998221145388872,3.5546236812387964,10.47915267134115,True,False,False,1112
0.3200867065588813,0.3084968320983191,0.31287974770915267,0.010135846363581788,0.24700066041109914,6.408858622824845,5.381764159919024,2.2559449912464764,0.9968060089659292,2.0679544739533533,8.422270442848605,True,False,False,1113
0.2959011123336155,0.2837358350784563,0.30611209480825347,0.012088183556535131,0.08548456540644214,5.355914882490819,2.967773800775769,1.882554268093064,0.999329299739067,1.9754508364298493,8.513014759069012,True,True,False,1114
0.909763877904814,0.9086741478180073,0.9089999630713076,0.032391193319675764,0.5089917907999713,3.683901454950959,5.48306448210113,2.0713852384769376,0.9918932724737748,-0.21393938194007234,9.82865113705678,True,False,False,1115
0.24027272482477802,0.22683974135877777,0.25794377662353923,0.08974088725794375,0.07153509616681512,7.762892318693383,4.090148303497409,2.14894398420295,0.9907509213066509,2.3697570246085933,3.768485329933973,True,False,False,1116
0.9109483315563714,0.9098731491355688,0.9104092475410837,0.1634335411950648,0.5949543234804046,2.2964533435199455,4.253580726377753,2.018813149687314,0.9748359508280345,-0.20486499715315265,6.033279681713115,True,False,False,1117
0.11933647156383408,0.10441997949669163,0.1282915621177127,0.022455526072377406,0.15732457588966847,3.1997856062066514,2.1819014743985545,1.6872549315465317,0.9896086771973149,2.996550239850859,5.914490771784184,True,False,False,1118
0.8527539479500107,0.8509501102401463,0.8525983245286669,0.08977628983383681,0.924537105623502,0.34198075858964166,3.5673335481613075,2.14314876122732,0.9779398925059779,0.3534570129634238,6.580422089398009,True,False,False,1119
0.7222509435074932,0.7186528235081318,0.7179612583458241,0.295286137096916,0.46827102071397314,-2.3949813288476762,3.2421968359170057,1.9205289813339752,0.9820547971149565,-0.6386675693918482,5.334832355048851,True,False,False,1120
0.53494901366884,0.5281429272640241,0.528289599592989,0.6264704760184441,0.9699226208554107,0.19965319649933216,5.232361270687622,2.5724382879831427,0.994665271164587,-0.8537506826215293,2.363463836392789,True,False,False,1121
0.5030460352019093,0.49559982126497804,0.5071018076564682,0.06341968596840845,0.14045140822609883,7.868443960384423,5.136086109830486,2.117444373120735,0.9847097778440843,1.1801624007270481,5.913512279063509,True,False,False,1122
0.16514894588276344,0.15041247815529651,0.15478437759848163,0.42183300749248936,0.705172364603882,1.8145636725531173,4.73105169392832,2.1521983361031536,0.999329299739067,-2.177907386815974,5.747966049187906,True,True,False,1123
0.44120195832383585,0.43243489627807685,0.4475355619710756,0.02642495771680176,0.9144329574895119,0.5108169759433927,4.697153201483302,2.2577930828717396,0.999329299739067,1.3819880198623684,6.979186308761376,True,True,False,1124
0.7340367286783986,0.730612709009083,0.7351359582410587,0.35036572556752993,0.9092197085055646,0.603639798665507,5.230573699861821,2.234081800916806,0.9934472218181246,0.5631333703134325,2.8721445432432127,True,False,False,1125
0.5316285452096483,0.5247571725858338,0.5375417688487265,0.7264092797543737,0.9502258798400754,-0.22362480591931597,3.5398568437010205,1.9159110778418875,0.9811599262766771,1.070296658098012,-0.3257017997348972,True,False,False,1126
0.01801191227261908,0.0102929525052856,0.02406050947901703,0.004758145723860527,0.1170202245774933,9.483011929874573,5.801167289065602,1.98952614481443,0.999329299739067,4.364506351429757,6.007666579625035,True,True,False,1127
0.3665264770398249,0.3560431836340541,0.3656156786571326,0.0221397630212479,0.15805618347135555,7.857866333773848,5.368108147809717,2.3201554489573373,0.9939282336088128,1.590447389121576,7.140833504315587,True,False,False,1128
0.9541023941960685,0.9535516884461492,0.953846228525608,0.4707156038970554,0.946870338318924,-0.4230769804466902,6.2734933878143515,2.2620459202151815,0.9902972411070878,-0.10386917293080833,3.0585383832974973,True,False,False,1129
0.19595159221694033,0.1816547601249231,0.18884694489174864,0.3807955827311117,0.8696894950406202,0.5944331507412429,3.5793892974164043,2.012789827845304,0.9661487125976709,-2.6351680914757827,7.4213284833945306,True,False,False,1130
0.24873375605774525,0.23548471639791613,0.2413485814323645,0.6743115382253955,0.8068562528765301,0.8867187368616078,3.581397702648611,2.079306693952973,0.999329299739067,-1.6152919136294708,3.6328799186491367,True,True,False,1131
0.2504037871544521,0.2371915594453738,0.23291879042015637,0.8183479986266516,0.42996196220154626,-3.676441459338006,4.568232118973246,2.7358646436940632,0.9976122100865695,-1.7715722174175212,2.5783810436955883,True,False,False,1132
0.8087141379894821,0.8063343044774286,0.8108644034535841,0.2906953402955786,0.9194383380874844,-0.2859138235276711,2.7930884882400666,1.9942738052764135,0.9931109930665584,0.3940032969992151,3.690164853235864,True,False,False,1133
0.8120536323148106,0.8097183839764357,0.809671464792034,0.18369496547793385,0.7945399298762874,-1.626449612416526,6.166526198926216,2.210202320743239,0.9896799583281226,-0.43386307451279116,6.046617287481775,True,False,False,1134
0.9235377645554489,0.9226166370087892,0.9224157221811028,0.14580764253576395,0.8839157683242084,-0.8184096232959981,5.53752942815647,2.063105531778007,0.9978261189630339,-0.15884285896885508,5.780260770262611,True,False,False,1135
0.08323681596783941,0.06894558459845783,0.07687753299343379,0.9087135868140886,0.8740011292976432,0.7043074637791706,4.38750576263444,2.0045150402265333,0.987955788281092,-2.885691280960744,4.708947482978715,True,False,False,1136
0.027888493684937194,0.018157949989442458,0.034312388147397156,0.004056449867007298,0.05397078110997118,7.944894143562567,3.891797660890793,2.0110627784394772,0.9736996464354897,4.902855573652848,7.210638717679375,True,False,False,1137
0.5184389578507846,0.5113051814576928,0.5107948767550757,0.2983511805707111,0.6960344629192128,-1.8070810820806045,4.562300825291416,1.9967338143861915,0.990831128401723,-1.061794354436132,5.507665414611944,True,False,False,1138
0.10963430672288911,0.09479599877249177,0.12134653412736808,0.01174635692154404,0.08242888332316689,5.834818383672566,3.199054427850429,1.9874410737656647,0.9926140444605462,2.9610370937694084,5.953133622786243,True,False,False,1139
0.9697224924116492,0.9693596707684144,0.9694883890096451,0.03350014471635507,0.18602913497490992,8.562097038671045,6.262639112098667,2.184426980198662,0.9708376276004436,-0.07865346529600004,9.241953161636168,True,False,False,1140
0.8369620942228927,0.8349545594457456,0.8374193097598672,0.10627682290546424,0.8707176938848339,0.783729393556124,4.757134381397118,1.9528840372657343,0.999329299739067,0.3168203754718668,5.8111176590993825,True,True,False,1141
0.7098675256341683,0.7060834169325587,0.7094989058341651,0.04847747395539465,0.6995024026237447,2.2993199271801985,5.875792685382412,2.130325399571196,0.9982046307519288,0.7321268005470136,7.273247344946892,True,False,False,1142
0.6586344575727825,0.6540450277421308,0.6601728724599987,0.03106192963649395,0.5693575981867236,2.2578232225661545,3.905724794806484,2.2332317046607355,0.9750228462606694,0.8034449821602898,7.620366322045083,True,False,False,1143
0.8120735362410825,0.8097385531577865,0.812703109337685,0.013089459003260596,0.6231004641127252,2.4857210237619474,4.983337052909453,2.1927487964990653,0.9923026879900038,0.43662305852479655,9.707909972254438,True,False,False,1144
0.032964507577977066,0.022440039788730638,0.02652165895301526,0.37101998799765323,0.5671296607580707,-2.0454414034730495,3.517855713901585,1.8410476371821358,0.9848403205624988,-3.871428057057505,3.1071243946098352,True,False,False,1145
0.9502046469907823,0.9496069340534824,0.9492298612182123,0.25384168131174356,0.576940661627274,3.240362747984609,5.718180526402745,2.2744372826691324,0.9923513153706486,0.10286324981006922,3.943578270748075,True,False,False,1146
0.14127080878178733,0.12634700117570977,0.1519195473324616,0.026789822964542645,0.24499125532738422,6.073372439669032,5.077676180461135,2.115611508316417,0.9724422493534335,2.7959615731864353,5.63458120766674,True,False,False,1147
0.7608334188630833,0.7577952424033698,0.7601435905355093,0.1821860508283107,0.7500138406277925,1.4613399428250422,4.526608454881968,2.1843850483202942,0.9707397435570253,-0.4766277988776446,5.110582895423235,True,False,False,1148
0.4972049280578505,0.4896384150891262,0.5004677628713627,0.12331838107564408,0.03556659508790036,9.51597404219523,4.236220741138807,1.9361998026964384,0.9665798748103623,1.3584475755450685,4.946068315423934,True,False,False,1149
0.5487869546972476,0.5422495991986139,0.5561045746106091,0.14311526278813314,0.5302980436905093,3.293876479764336,5.161905259895359,1.9075980783148996,0.9911275703539804,1.117210580670517,4.876941895165782,True,False,False,1150
0.40986445903688923,0.4003909870754281,0.4173747411676164,0.16883996243784521,0.87781924502473,0.7221159007627261,4.6402704369709635,1.9234714866269447,0.9790056789905928,1.5285175101126365,3.814714936941242,True,False,False,1151
0.11128641782487361,0.09643093431326613,0.10154287609424785,0.8996553968197298,0.5897432418388064,-2.8772344923882796,5.254309559816836,1.9718929365336588,0.987160154634727,-2.671009381792547,3.6194347410091963,True,False,False,1152
0.830437401771844,0.8283448162153897,0.8248986083680951,0.06480544686194686,0.3481509695732232,-8.103466535020011,8.444188765983927,2.1422789582345763,0.9859622222134476,0.4219541939576201,7.861332480381755,True,False,False,1153
0.49562763440175256,0.48802847343740774,0.49062252319053307,0.38072771014280354,0.38228119743045874,-6.873947040486302,7.702605493879377,2.0917692901536324,0.999329299739067,-1.0463718038013443,5.09416695900566,True,True,False,1154
0.7343710151296197,0.7309518931988541,0.7310786087950907,0.2394736820555826,0.9355996706244255,0.37432633078882166,4.577489159824001,2.1105393367475793,0.999329299739067,-0.5303348733897835,4.835950087748621,True,True,False,1155
0.32894545051587015,0.317567268885216,0.31356631047078265,0.6998246877796628,0.5627661713837399,-3.6022502519515993,6.125694453893417,2.271716497401863,0.9717755911643082,-1.5564408717963243,3.1851152958912303,True,False,False,1156
0.11901470830762602,0.10409997296498036,0.13012819451149646,0.009607339142054269,0.5915545058297313,1.7744422584521924,3.2563819068041897,2.2310374889213054,0.9832916073553591,2.8866282945170596,8.631841275354073,True,False,False,1157
0.185856067459896,0.17139606447818406,0.181976729038998,0.11953465749589236,0.499497446833311,2.4199030678009574,3.521570950259423,2.3161880802529518,0.9947921498741341,-2.4825528868256708,8.422737325573813,True,False,False,1158
0.9272788696857857,0.9264033340351365,0.9274928662823091,0.11612347632976282,0.4083118815055153,3.6400588801504927,4.3140863752805565,2.130435607019003,0.9959889154643901,0.13966011703433878,5.204516353481356,True,False,False,1159
0.2994340938044443,0.2873524513282153,0.28388290835973323,0.6341217109908851,0.5053427463571318,-3.430306029469323,5.061471949988054,1.9202868879193118,0.9847644512509631,-1.7426965040405271,4.5655277176860665,True,False,False,1160
0.41930341402489874,0.4100450864696005,0.42510333002324,0.02182501031232515,0.07912489480384803,5.505614463499845,2.9833919681815786,1.838833386639725,0.986977579679703,1.637190884176884,8.540757297339109,True,False,False,1161
0.5278008754114694,0.5208538579349915,0.5337225075672962,0.31684970007436414,0.4110750636248068,3.7599002975164684,4.482929925112077,2.1019643389476537,0.9589315680447414,1.1247763461098184,2.20802733156762,True,False,False,1162
0.22371225713173698,0.20993395984884963,0.21245314061446677,0.7091024746231458,0.7674880295779057,-1.2967839785583057,4.3295465363199215,1.9115111666977715,0.9851944859942502,-2.0039883564854764,4.614633740145516,True,False,False,1163
0.059110870366077324,0.045976734691586855,0.04723176471990837,0.18806640969837032,0.7848315540480332,1.0658369630646274,3.854090209632386,2.6607236683790867,0.9977479869815425,-3.100698106123321,7.15928874762448,True,False,False,1164
0.2803731869281919,0.26784320419061647,0.291265029610063,0.03179030455552868,0.8675500099893699,0.8815448646171641,5.221655686866086,2.3477383170989534,0.9799314401146255,1.950424677123248,5.438711084790327,True,False,False,1165
0.38151416791109766,0.3713837051114228,0.3686051213755057,0.7570724843411365,0.9445311155189097,-0.2561709256391241,3.638115132249805,1.866575644813084,0.9604876442952031,-1.579855608230306,3.8368835612954717,True,False,False,1166
0.20041438022427885,0.1861945543804486,0.20769153103249977,0.0930786982024606,0.6232483782085811,1.6598847620613906,3.32913784573428,1.7063685374487123,0.9801828132246249,2.6659924102662864,4.334911779867983,False,False,False,1167
0.4086238778002514,0.399121986064899,0.41712121697052745,0.08042982355022267,0.9214645107391563,-0.508008611076243,5.091228787179947,2.0798025203961537,0.999329299739067,1.4504371234749778,4.991247818132512,True,True,False,1168
0.6093934335421449,0.6039703871249522,0.6054640007987477,0.12651434811246143,0.41768314917007165,4.890561847309979,5.915522728303589,2.1859875116755423,0.9955811726546875,-0.7642537021122369,6.533036978500261,True,False,False,1169
0.11759859216157811,0.10269223746791342,0.13143189274166706,0.014579397719865881,0.07051942728789395,10.46941730671545,5.494761813585984,2.2466373995051128,0.9776289521305976,3.6751958470779726,7.366960839046772,True,False,False,1170
0.6135897900386134,0.6082402138363802,0.6155293219090606,0.052216171824362584,0.5810545759561853,2.2878679301825864,4.081669430838117,2.030748306850714,0.9848292598620548,0.9633093518159397,6.975418856499964,True,False,False,1171
0.975135325012191,0.9748374623235588,0.9746527966136399,0.4000674611970664,0.9715689907393248,0.19909253616939984,5.519959684258953,2.0315170560185623,0.9512210790245066,0.055534180932164556,3.1630012100710596,True,False,False,1172
0.9316690222242691,0.9308468882079433,0.9317128488833845,0.1096911565973023,0.6180120625248194,2.3764327216014705,4.694957723201537,1.9477257275073159,0.9736544037744593,-0.16995756105972593,7.57169614798976,True,False,False,1173
0.2520275334001312,0.2388512450508286,0.2598462667702808,0.018288903868615907,0.21981834094626096,7.449184165912907,5.889863460270155,2.083465548028674,0.9875236157130864,2.317648089548875,7.674592755808479,True,False,False,1174
0.3406870527490817,0.32958939894609185,0.34422091299701496,0.044070273193506086,0.7462563831704254,2.108233252347468,6.430089725017183,2.216140620514375,0.9915417200702178,1.8096710798123077,5.625279366146904,True,False,False,1175
0.20107027252773607,0.1868619957797283,0.19315721683196407,0.19481597560820912,0.5758279613714876,2.7590141811235647,4.854464752455666,2.1270187969405097,0.9901395922194902,-2.263833626571042,7.901296344614366,True,False,False,1176
0.7509493189231441,0.7477703858689111,0.7541385344259132,0.1234638479104505,0.6078690402046725,3.2001634074700145,6.143235415527153,2.176715291977708,0.9832728084586486,0.5590280227856548,5.172358930542256,True,False,False,1177
0.9016459165789381,0.9004562106421952,0.9000895054055723,0.16092916089902692,0.18415287861824725,6.3861246504759785,4.650289631793912,2.3700016218072495,0.9491749265599411,0.25160927397809285,5.230565225462222,True,False,False,1178
0.24221821605137786,0.22882712865453275,0.24698550066780017,0.008254529607785572,0.1641949570268939,7.174728823139724,4.977321079739863,2.099642289539744,0.9887508512695827,2.2877741863514798,8.518460000336397,True,False,False,1179
0.6139203023158796,0.6085764930430646,0.6239265409840906,0.22113660159392287,0.7899867966934853,0.8833385239644272,3.274676301619628,2.3566960250067925,0.9823522141921124,0.8545923594531848,4.027236948870742,True,False,False,1180
0.1488269917506514,0.13394396940860162,0.1531727148423971,0.014405948105689372,0.17466364875478327,6.793040230837137,4.835159390465729,2.207746996829099,0.9838162843096359,2.8561042984494707,6.551060962959582,True,False,False,1181
0.19645710729596438,0.18216885645496064,0.20411055334257291,0.06439619611292637,0.3113677795551125,3.77380923731572,3.63791042669977,1.6107840808376401,0.9698581706992372,2.6569019628928885,4.9053392308437545,True,False,False,1182
0.23591069958096098,0.22238471987204858,0.22622153254733857,0.9715236155969997,0.8706754834230472,-0.5220383740930464,3.167660206260786,1.8818552319102417,0.9864388123473576,-1.9423817482936148,3.3048162581213845,True,False,False,1183
0.29821495505384626,0.28610443036853017,0.2815029212101312,0.4007503440049368,0.4066847819722122,-4.235121306013709,5.001661037573872,2.0494918005336027,0.999329299739067,-1.878535089342166,6.032623728660759,True,True,False,1184
0.5983597672843505,0.5927413115174376,0.5980191467326114,0.9132313317908783,0.590953940187856,-2.0520192963463564,3.7596449429319745,2.0144942040816414,0.9980871649608487,-0.7680713922065672,1.514795641539224,True,False,False,1185
0.7829724924637795,0.7802433532223323,0.7827201624926114,0.032635469898407536,0.32222148403345624,4.66173724491438,4.598322903255216,2.1363860465636653,0.9523481791129034,0.574797816562727,7.861208755498109,True,False,False,1186
0.3231064569157402,0.31158872621556305,0.3076895192469656,0.5254481031383482,0.18671106081891004,-4.987032435685303,3.653598894515977,2.3830203694187344,0.9808122413528055,-1.5427528989518455,3.9066833181628593,True,False,False,1187
0.8523855666851886,0.8505770104458787,0.853011161441225,0.07044602000026269,0.3976368474288718,6.7078719465787575,7.768551522649086,2.15071229460337,0.9892562218340838,0.3239526392519121,6.955283218207217,True,False,False,1188
0.11331172357641002,0.09843742762799246,0.12470188258783527,0.006577041560173415,0.34401188951995804,4.326508630309735,4.469064189472434,2.3179001036501257,0.9825545761209467,3.2324641568918597,7.614460087110346,True,False,False,1189
0.6660390329836408,0.6615697414911685,0.6645647478967429,0.0857242734902309,0.5368468255103888,3.7470771381794186,5.967756372978311,2.1197537159086064,0.9796811793336601,-0.7789875364655128,7.621585979059204,True,False,False,1190
0.8653536803674127,0.8637103340224825,0.8652106861019789,0.13214061074697733,0.4708383641412246,4.226284378434843,5.754900068492913,2.3287467443772627,0.9854697239193387,-0.29172615399217783,5.780683759422318,True,False,False,1191
0.7993067063313807,0.7968003965470156,0.8013315453318317,0.4908732732144273,0.8491770244844077,-0.6703768185182599,3.481939754397128,2.3994732906894893,0.9733286000600733,-0.3988327702041232,2.8148655290828275,True,False,False,1192
0.5558333835743309,0.5494307995515563,0.5607607353297187,0.06929945230499025,0.5454504368255125,3.554458205261211,5.783793847345119,2.0255307576006083,0.9878111604570593,1.1386794685448667,7.274828487956635,True,False,False,1193
0.47096440177635973,0.4628458156268507,0.4664649159558761,0.840765826329243,0.5153931748593159,-3.264252264099265,4.933532669776973,2.069984342750762,0.9875721485730281,-1.3374858624339545,2.7483447210339844,True,False,False,1194
0.740986926943122,0.7376642881760374,0.7431593222434144,0.07198056438494645,0.03880790493097191,9.784864095903828,4.439309836921998,2.2741283485943384,0.9476776657828119,0.6989618519734204,5.930334054925718,True,False,False,1195
0.007153720585427362,0.0028900744441756696,0.012780576158670271,0.004279328883465247,0.0027064773179810066,12.280426366136759,3.6133006224957396,1.920319351527071,0.9909323969119396,6.097743287583064,5.89107932163841,True,False,False,1196
0.7302040273105999,0.7267236957741502,0.7325680036772443,0.09096638228330148,0.9792852067851924,-0.11175936538359782,4.253268605192008,2.1086035640165006,0.9944138342433688,0.5755986628780274,5.667516819682367,True,False,False,1197
0.8349564732095328,0.8329228520906877,0.833173690582,0.0923590862314392,0.6729633713996516,2.1840594664270716,5.102191532468864,2.3622483236658502,0.999329299739067,0.3860013446950914,5.720510868974204,True,True,False,1198
0.4990500266060011,0.49152161685491536,0.5057147665063572,0.07577042590214995,0.7882118785329771,-1.0008507392920576,3.6784138335909993,2.119044049896394,0.999329299739067,1.0832940922451781,4.954187534248746,True,True,False,1199
0.06825354903545365,0.05458195021776907,0.08138905724236978,0.010031454724824562,0.4747516676629256,4.81513510662259,6.615686024679491,2.149586271541728,0.9861811445436351,3.64785311513526,6.749466001315691,True,False,False,1200
0.14117086233018636,0.12624664593625343,0.1474567630068055,0.005713814497414759,0.04011450466719146,9.478079460510344,4.331776775008236,2.4111806679781345,0.9902770986519671,2.673044508123282,7.4108358212153025,True,False,False,1201
0.4748771469144262,0.4668420749738892,0.4804379638191283,0.05299258033463414,0.28721386612367866,4.922552339106794,4.50793315665411,1.9610411734434023,0.9803228981207807,1.4370667357865532,6.9791870016268005,True,False,False,1202
0.2654235305589999,0.25254870472608687,0.28099098378352627,0.4480165440538511,0.639267303822941,-2.4426484327779265,5.135899157634674,2.3611551224457514,0.9646849901244545,1.9885154777658336,0.3019495544809652,True,False,False,1203
0.3699078157591429,0.35950440035464115,0.3568750206805952,0.6248284307373375,0.9513616984700008,-0.16666196648598147,2.6998589667408304,1.611848645462016,0.9745753960102526,-1.6335879102663542,5.8317629152871024,True,False,False,1204
0.33631407414919834,0.3251119845433023,0.3331859092922918,0.12429808355938907,0.6863022236114057,2.8280201134432637,6.905625976074621,2.1812806941080125,0.9819748018590301,1.899921728585665,4.146058484454344,True,False,False,1205
0.16081894953133452,0.14603662004967968,0.1800225953449453,0.024986367364373853,0.0529925153870487,8.07768549071025,3.939163431076862,1.859690535078847,0.937588619356625,3.832442504962337,6.924071972561103,True,False,False,1206
0.913728261136957,0.9126871846424991,0.9127739102231283,0.0960077266596939,0.3698878291251559,3.616150487336024,3.946259545943261,1.9941296745214454,0.9559132339351788,-0.20031678596488778,6.672429951913847,True,False,False,1207
0.18450818211880524,0.17002765549698806,0.1923769003323019,0.1319342463832924,0.3633975445210962,6.560268769458426,7.060928715297252,2.3431688745030006,0.9826212378434045,2.4760769770372137,2.709485595477104,True,False,False,1208
0.17671742015616906,0.16212472987829352,0.18872396145497353,0.0020302969374100823,0.20618300029625916,5.863760087222386,4.495060503405625,2.194758805700586,0.9797950794417719,2.9517854871730176,11.270202578724806,True,False,False,1209
0.6567247265823571,0.6521040974220029,0.6584472176274025,0.37614208681481115,0.34003922965012706,6.75286858685413,6.916943815385277,2.1226005176361094,0.9947811452521373,0.686075921760354,2.3771297747998617,True,False,False,1210
0.9588754308757358,0.9583822153089087,0.9545844812102159,0.33221841636973537,0.33179497554899473,-5.619173602964998,5.656154002332172,2.1061413322792917,0.9544443278050417,-0.10468256661031194,4.0995349122228415,True,False,False,1211
0.9467061988632389,0.9460662445804293,0.9462400454130219,0.11415490135779827,0.33671070270480336,5.619020588460676,5.715140328524579,2.3118910811958577,0.9570163935317652,0.15207214987914863,6.1809953704678815,True,False,False,1212
0.9216354354606103,0.9206910932488349,0.9213886969755584,0.25969834080948956,0.48919104635720745,3.2699763620102864,4.645119418296833,2.182700896871862,0.9957717610677542,-0.1534905183420774,3.8645752542267875,True,False,False,1213
0.3591652001774142,0.34850752643022875,0.349340346584535,0.527660001241264,0.3737664295147761,-4.919660395311479,5.413339213119221,2.1013315958430456,0.999329299739067,-1.3723832149862618,3.97899838111223,True,True,False,1214
0.9587355092608053,0.9582406094421545,0.9592595236567415,0.43817671274411524,0.9846993759960586,-0.09044298780448783,4.66024807747975,1.9699011129032222,0.935726667144055,-0.0897491754539379,3.2091188448368415,True,False,False,1215
0.05503461972352724,0.04218931334816683,0.04505016906144747,0.9593851777113319,0.5711047884043946,-3.316888850504054,5.764028868721304,2.314892405743113,0.9780710803150768,-3.240529812884319,3.9204358470750824,True,False,False,1216
0.537047868687864,0.5302828889582174,0.5321915320133971,0.18324174995789363,0.8879648276464607,0.4340536040949277,3.0438375255361616,1.8191553208183957,0.9824301194342235,-1.074146027217724,7.803650960494944,True,False,False,1217
0.44165645362757844,0.43289946502610144,0.4439139738613758,0.039029766038365436,0.277755366647995,4.261137526376625,3.8241605618947982,2.2279633345481784,0.9782686147259902,1.4690882016696314,6.026354543345965,True,False,False,1218
0.03146928395096567,0.02116523222559059,0.03943904389179601,0.0057298264788066865,0.7466089381539287,2.1986704150092824,6.7156092894877455,1.9195572139240504,0.999329299739067,4.159886801415433,7.105741174773938,True,True,False,1219
0.198220601018267,0.1839625723921693,0.2093428797021437,0.14203383433458358,0.2530297418587014,3.9547161552022576,3.364863866107974,1.820242201036084,0.9896762855884257,2.3563543872742843,2.4422535815177513,True,False,False,1220
0.9517182448624936,0.9511387927581472,0.9529783986077384,0.1506705203683871,0.7333968120433361,1.02635443172381,2.9734389765502627,1.7450234814184518,0.999329299739067,0.09399283275066939,5.921021988649585,True,True,False,1221
0.19491230870470597,0.18059795153439973,0.18360550010190982,0.03920525571913243,0.2000240168783317,7.565729344953192,5.718121946378398,2.4867281208999836,0.9910474093417643,-2.294105031065559,9.856956367500507,True,False,False,1222
0.7467054982102108,0.7434655777793052,0.7492101767680591,0.27283358587890233,0.38057413175662114,4.276564033761501,4.774635637190961,2.6339753916924313,0.9775966192791138,0.524396600994014,2.741244130155909,True,False,False,1223
0.020810302152119316,0.01244435490215235,0.025890792152809004,0.0011505415296081188,0.09306571085948444,7.7899796161238335,4.427541207154394,2.4045045822751527,0.999329299739067,4.4904202759886305,8.444528663829509,True,True,False,1224
0.5129125932756632,0.5056674123999457,0.5056274769910997,0.534840792082601,0.7307004035247693,1.6923338699127841,4.851650790083003,2.224939728507462,0.9990227345699914,-0.9361894502136989,3.249213177446167,True,False,False,1225
0.6120905334367528,0.606714761427452,0.6177887186494377,0.20630866015774024,0.9554917798075078,0.20180827047641825,3.572964683225838,2.2643840616299333,0.972109132293455,0.9617326347934094,3.983245452764599,True,False,False,1226
0.13553771194102768,0.12059639718096984,0.142864844779173,0.02605835516900513,0.08900232276057035,13.791015845348385,7.733516171101375,2.1055102338867355,0.9954112136858542,2.9955015319180607,6.135527173471328,True,False,False,1227
0.19055520188798997,0.17616914278169063,0.17464633754347303,0.6624391981483142,0.4629212915750514,-3.2944952892521586,4.406061407421482,2.2862543274517373,0.9876898415191957,-2.196185546100098,4.309054988498846,True,False,False,1228
0.5879682348411057,0.582162751554264,0.5905925999573287,0.2992382437380013,0.30494373093426747,4.368704044103951,4.154424134871774,1.7568065724958764,0.9978828350473715,1.056172451937781,2.6127709198004077,True,False,False,1229
0.04674542737775907,0.034601953273707145,0.05455987925917333,0.01772709435607243,0.20302842254679843,6.018853845058484,4.5806492310458005,2.0546836038513687,0.9942403806977118,3.625937346903464,4.743612950794858,True,False,False,1230
0.7958944409061438,0.7933419265698355,0.7996464615164812,0.4723557503633963,0.9729154594161089,-0.17952330722134743,5.224944656929843,2.3054044150680224,0.9553890821044067,0.485469880450081,2.222936048628394,True,False,False,1231
0.5098496582420826,0.5025423621409562,0.49985217629032713,0.12533260481451874,0.19381355194497213,8.313653144403057,6.193333106661282,2.1055279261135498,0.9742661503617634,-1.3394521830003336,8.253453231360623,True,False,False,1232
0.5687188164522621,0.5625590913232543,0.5630338272817018,0.20106679303741168,0.9123599497481267,-0.44133070234351846,3.9618074827986045,2.032868125901699,0.9490147458599762,-1.0956322753019458,6.803489725152467,True,False,False,1233
0.7863109526941495,0.7836277008991882,0.784394467648977,0.04507638522333275,0.40884753149269293,3.6323381214638273,4.309941501605735,1.9952502632858906,0.9731271363871558,0.5628555579169863,8.087357390431618,True,False,False,1234
0.5457962605505663,0.5392012829336603,0.5400798335775583,0.27724126130924287,0.6816757628899605,1.4732304738896727,3.5419536546303605,1.9724307197185176,0.9937703400364841,-1.1099598791901553,6.116499776057993,True,False,False,1235
0.2177279664887095,0.20383066535730618,0.22175547169950754,0.01443234266953027,0.8251050311397974,1.2721732940538497,5.685386743476594,2.3195761136872184,0.9972261099091491,2.0289913442450036,6.8050015168472315,True,False,False,1236
0.16148254278598045,0.1467069369531835,0.16752133495713825,0.00500343841015661,0.07705347392275567,6.067412772986603,3.2632710662423063,2.626766821059869,0.999329299739067,2.2513085600271285,6.59099344685896,True,True,False,1237
0.9882381646252137,0.9880973383802697,0.9894253174371107,0.1829747658259852,0.28048081845428885,4.8340581471909045,4.363702933196501,1.8598207572949863,0.9644897220578211,0.03009144210254533,6.588064477063288,True,False,False,1238
0.6806347513785006,0.676398476704401,0.6826399173478412,0.07433861724296872,0.4389844486377305,2.5930905876695456,3.286953608534978,1.967878928084314,0.999329299739067,0.6893062016376703,6.109879907731704,True,True,False,1239
0.5283600563763534,0.5214241155896258,0.5309428899979312,0.02447532880460952,0.343624805257671,4.401875728620729,4.543188724850854,2.4798072721093685,0.9955593760408633,1.070462062827798,7.310317563454712,True,False,False,1240
0.7258965504916141,0.7223525819605429,0.7244223715506404,0.15100851702602855,0.5780492890608182,2.595736940032891,4.594090525934029,2.0144327179999246,0.9858288769447975,-0.578482890053917,6.063423536922718,True,False,False,1241
0.27445009728243497,0.26178260226332284,0.24695915432771126,0.7187680599770853,0.8965475603068962,-0.9180253483528996,6.975483002532745,2.4056710887649273,0.9772979518381764,-1.9512851107186142,3.605860591068858,True,False,False,1242
0.4575508148670731,0.4491428214868062,0.464422094250177,0.05945709045321751,0.08021609410850912,5.582954266819687,3.037127920351322,1.7975736926836567,0.999329299739067,1.4669869851898216,6.048696835191031,True,True,False,1243
0.4845767625189647,0.4767469266831811,0.482820117710985,0.008801087223850774,0.11471695610961655,7.351574517938869,4.467213500510803,2.561328459804248,0.9824544529386157,1.222256252624713,8.174227082716548,True,False,False,1244
0.9971213459102378,0.9970868841835206,0.9972557399480018,0.03818708152773061,0.3953720765905566,3.474257762096636,4.0040360742303855,2.013533246466182,0.9594899698020583,-0.007067471972076689,8.945692345613313,True,False,False,1245
0.9834950736542938,0.9832974290717573,0.9828798704484646,0.29039127806008574,0.3318825229403716,4.623274018075877,4.65456240840958,2.5868184810807073,0.9973470990459425,0.0303603018758567,3.0180942361624563,True,False,False,1246
0.062403893045258944,0.04905972800210038,0.06278836877185376,0.7136808123454159,0.27206778377907687,6.389887347975572,5.665095439484422,2.4336484554273796,0.9578147940300258,-3.3947939048806286,5.16296097923744,True,False,False,1247
0.46550180973387,0.45726594110868013,0.48224925461277623,0.054956287353230854,0.7002606909793091,1.4115722277622018,3.616826169324725,2.657726730037405,0.9141420472019417,1.503865307292557,5.978273443908093,True,False,False,1248
0.16200963178555144,0.14723944650785356,0.1796214504855687,0.026133582361489605,0.7579378372964353,1.28674729926638,4.121028288543905,1.964743242299665,0.999329299739067,2.8213682331850416,6.230819084309633,True,True,False,1249
0.738759953597915,0.7354049326299049,0.7400698661727765,0.054318162561739276,0.5273840451469035,2.3378703293449172,3.6376634350682386,2.0939629593596893,0.9732027501740955,0.5844380571519006,7.145422215044675,True,False,False,1250
0.09287026515471972,0.07831239671272126,0.08433124643574108,0.4704304521313021,0.2975107688313291,-3.639255268205655,3.4065739066207623,2.1527748405409013,0.9762766956158784,-3.1612764827176534,7.4311627938113,True,False,False,1251
0.42381171302514514,0.4146554445889835,0.41602378322997063,0.782897398826611,0.8920244797525179,0.6068213481029571,4.416498826822339,2.3719810268825574,0.9815655049712411,-1.2458811400209868,2.3942248485013864,True,False,False,1252
0.5376354869216909,0.5308819935966254,0.5424642102402558,0.03063971323231736,0.08984460143678269,7.7947689400941504,4.383366690548544,1.9919121719164778,0.9761583488289686,1.3342240949502973,8.327016827075452,True,False,False,1253
0.09513997162939233,0.0805315825465712,0.09932336782334374,0.0015400913190224657,0.035659231997786284,6.231534132468123,2.775637769060472,1.8367969361983962,0.999329299739067,3.5413743286502832,10.325691478724178,True,True,False,1254
0.15446938447713804,0.1396286360345041,0.17466111109104687,0.016757115281437127,0.5886498838922138,-2.396554896550489,4.36358723748718,2.5996941209903235,0.9655258710674083,3.139450777556484,8.992701736004603,True,False,False,1255
0.719388640126766,0.715747813575209,0.7226673318027387,0.33704736416657355,0.3873039395526025,4.14514613043752,4.695103928367068,1.975903941387196,0.9787048797831421,-0.6271685085692091,4.80646527484084,True,False,False,1256
0.45161336144067465,0.4430757545741426,0.45762377695894174,0.21253464954359624,0.5043220622541293,2.413134143541004,3.5520055371419645,2.054017430676626,0.982081995696666,1.3495816686636388,3.1129226098147416,True,False,False,1257
0.10041574767332555,0.08570602930165595,0.09249201643835964,0.9808329551353934,0.7088428874214345,-1.450510353112709,3.832042453460624,2.027071006077208,0.9708429623440552,-3.04023146147115,4.3950221387379145,True,False,False,1258
0.8702664464989585,0.8686852246362347,0.8705458498809601,0.17282540143130395,0.43454876435449935,-5.049770159332052,6.338473115515997,2.067260371279205,0.9867798349293435,0.261647925323099,4.891622743956155,True,False,False,1259
0.7863634388810182,0.7836809070729582,0.788389227903861,0.14045487336276594,0.5200887270122998,-3.0704961639302653,4.693569509775597,2.0994692795266823,0.9600518069790994,0.5626485375351065,6.038363498058949,True,False,False,1260
0.1046398195285066,0.08986399063144715,0.09563335834771616,0.2890773650681676,0.976190611816563,0.08774730463162964,2.9052815139415338,2.3096262256002595,0.999329299739067,-2.6555346666215556,6.8008147913754815,True,True,False,1261
0.41801681572679833,0.4087292778126186,0.41446656195422926,0.16787689895428526,0.9167085301523851,0.7981049337403374,7.540194568150225,2.3577760332478483,0.9928776918824922,-1.3917956024911584,6.810314897125798,True,False,False,1262
0.8676663771657743,0.8660523065973587,0.8680538416501238,0.6145797322373204,0.6116295773846064,3.0588407762662677,5.934428976734024,2.283998989854293,0.999329299739067,0.23174308571198177,1.2595758100693637,True,True,False,1263
0.6918808402532907,0.6878207602651336,0.6933784806648289,0.11535564687497195,0.2448302711439473,4.777141196152562,3.992547469582589,1.9480869457365904,0.999329299739067,0.736562758820817,5.7276989568846135,True,True,False,1264
0.9025214318834013,0.9013425315787658,0.8987203700088053,0.24381639587956433,0.72749069094551,-1.4993858047486006,4.245656733789422,2.2984950691141197,0.9827311631160994,0.21987112346773818,3.995036715207145,True,False,False,1265
0.6009685334276097,0.5953965731733991,0.5995634068791112,0.19370412061450135,0.5576605241126193,3.1469569695175585,5.281686850955826,2.2351023634182576,0.983892256864864,-1.0219582332267034,6.383074789858003,True,False,False,1266
0.512927841774303,0.5056829694723872,0.5151915612673675,0.056188833268599435,0.5283160283645114,3.348889758516117,5.222677716416597,2.420653228395853,0.9649444343926381,1.2620915746647423,5.924796841241622,True,False,False,1267
0.514362032791043,0.5071461540052302,0.5159104948551065,0.0053625367542071214,0.024928479021409215,9.301184614013346,3.851122469957207,2.097652360036555,0.9924696323361091,1.3225095476022553,9.753121754398213,True,False,False,1268
0.25051318879529,0.2373033780199918,0.2600710217659029,0.0591147374976157,0.152885337039875,8.195152925946589,5.525465889441251,1.9217197940108872,0.9321451089673893,2.516737696934478,5.009689673590229,True,False,False,1269
0.17069362862090345,0.15602241738598505,0.167069262161155,0.5841175849092775,0.7379789707113867,-1.99978875909266,5.8991475036410295,2.245128789342072,0.9938906032651648,-2.223315419357359,0.9416515212185139,True,False,False,1270
0.018254764948797988,0.010476753211830182,0.011172750658430623,0.42754024851190037,0.4560017726896884,-2.242501933734218,2.9526454474037678,1.960562930435762,0.9862521467650488,-4.359791173905371,3.895716014703348,True,False,False,1271
0.20708704699880098,0.1929873191867525,0.21685638518659,0.023112427806871966,0.03058584433556081,10.327814420126163,4.454344668905243,2.3914716611532585,0.9976173730263332,2.3013291611005844,6.135246131510373,True,False,False,1272
0.9443451475357644,0.943676656856661,0.9454837893855534,0.07108057740189391,0.30812199900062043,5.696984691157889,5.454186452312841,2.126185635929429,0.9535394820354935,-0.14032699997543485,7.80070193878743,True,False,False,1273
0.6062142711742361,0.6007352535672176,0.6034276755829512,0.35425038454326335,0.8145309076230184,1.0340359970964002,4.352883832013067,1.8299476332758495,0.9699884860628131,-0.9354168947807597,5.576265778894677,True,False,False,1274
0.722071820956091,0.7184710333134372,0.7262984294538628,0.048099965140279546,0.45611712657056913,2.4476721355128936,3.22362441751931,2.1010350207019943,0.9555766565104729,0.7700800240974077,7.394836792823126,True,False,False,1275
0.4376907583779603,0.4288457017623807,0.4339217234946414,0.5403925236935725,0.741385425339421,1.2666169006332653,3.787592329824104,2.281801856209424,0.9487285347816513,-1.3450065563100413,3.5775282544325675,True,False,False,1276
0.7352714794715749,0.7318655396151348,0.7306384081060404,0.4120707679731107,0.5859420935016302,2.9589789792210834,5.348464717482437,2.0479468875787346,0.9953961888184231,-0.5584667337697278,3.8817094002679853,True,False,False,1277
0.012997232355028636,0.006645900914987272,0.018447947179585533,0.004777234128367953,0.13523796178656777,5.44987457604359,3.508054136897385,2.1457632500221715,0.999329299739067,4.295095991657266,6.280360430069514,True,True,False,1278
0.8202392334688405,0.8180126024798641,0.8124231138842862,0.3136442301447547,0.902074085795936,-0.4432059290375442,3.5588133979979832,2.1341406035235577,0.999329299739067,-0.3536049394767864,3.764250467025116,True,True,False,1279
0.46984722835672743,0.46170472138264707,0.46123855684457304,0.8569504749085284,0.24086510139347858,-5.707430584353881,4.728737840868317,2.31829295791847,0.9804247215160538,-1.2139782436708402,2.1583242659529613,True,False,False,1280
0.7742130940334621,0.7713626832052127,0.7757441461316459,0.05239115421264273,0.07273518335065672,7.364376148253656,3.8978818689514836,2.1610471366655073,0.9950110134808224,0.4737423089203139,6.661436126141178,True,False,False,1281
0.07116081010544388,0.057346083098832795,0.06430432853107286,0.9171434068964756,0.3105065555378855,-5.375627137406286,5.172598365150919,1.878179595889746,0.9849891924991885,-3.2899854894452476,5.791620311386183,True,False,False,1282
0.9786165247121734,0.9783604090109108,0.978708520085062,0.12930121113911694,0.6480722538589069,1.6546874254514508,3.573244449286586,1.9693839849470332,0.9619975416251082,0.05157901658192365,6.163314559092291,True,False,False,1283
0.07253525383279288,0.05865702602511439,0.083429700741593,0.005696684386150802,0.7569918172021121,1.601040378593363,5.106950913501639,1.8532310486767076,0.999329299739067,3.4653590522869075,7.861289696902503,True,True,False,1284
0.03271808972306434,0.02222922778922656,0.02646219545184179,0.9442681523624016,0.8277594760640474,-0.8426600286910244,3.824929897747585,2.2382243687789596,0.9977550254652048,-3.4771303252002332,4.747052333083318,True,False,False,1285
0.6228058897957527,0.6176160489547027,0.620765130090761,0.2493973941789307,0.26018408911434543,6.3609690904817136,5.496859018401056,2.258062842248884,0.999329299739067,-0.82191611057375,5.327288794508014,True,True,False,1286
0.1089832259736559,0.09415215060980682,0.12451487813858658,0.025303561315674218,0.09183384964701521,7.91141248759259,4.4784068310417835,1.9997806307501858,0.9763672645376075,2.9960371213764394,5.02294313972774,True,False,False,1287
0.7058527557732177,0.7020076558520882,0.704655371028825,0.17783247376825415,0.8529983827066036,-0.768288855647487,4.095563802952405,2.021829483269444,0.996537487484792,-0.6458304890793443,6.115240846972894,True,False,False,1288
0.5502658183122768,0.5437568633945016,0.5599085057151125,0.03218116844653551,0.3238789720377145,4.480875573909482,4.435450832701286,2.694073901733009,0.9500664910457968,1.1768395237290026,7.192664805590537,True,False,False,1289
0.6018727627432843,0.5963168758159223,0.5953579007853267,0.7948966798720261,0.9816965380113084,0.18710828491421427,8.059177897520199,2.308923614845912,0.9838098356388287,-0.8379768982111813,1.8994527074391012,True,False,False,1290
0.10918542452839027,0.09435207457885739,0.12586846386338527,0.038950256685354304,0.1422524158888419,9.7425413621553,6.389789736228357,2.053471447660132,0.999329299739067,3.3935452144958647,5.162641111709013,True,True,False,1291
0.7842367179460742,0.7815249768929082,0.7824294312079051,0.505793680855715,0.38388313860355056,6.339714688003079,7.128378555538545,2.0328446540550718,0.9658651479792637,-0.5703272780630622,3.7786300187735935,True,False,False,1292
0.3522727173955051,0.3414512474348917,0.3636208550230721,0.01699185467203856,0.13412828273514657,5.574025048403134,3.5772083993769925,1.752998434735607,0.9896923257641741,1.8038426736618298,9.319905382160671,True,False,False,1293
0.7216062590224385,0.7179985347712375,0.7259623927516415,0.028599347155361703,0.4789317329077087,2.9083784942503015,4.034478228533672,2.007195048668828,0.9888134004938063,0.655216076258486,8.255918285198259,True,False,False,1294
0.3917029386524795,0.3818103137899863,0.3837325361887518,0.30870260951263445,0.42866693873720524,-3.8323447421499583,4.7484041054222095,2.1006504851991563,0.9954508814392957,-1.5241839802024417,6.160115245316522,True,False,False,1295
0.17781538599115793,0.1632378065361882,0.19052809410819685,0.006879585234859781,0.30177416968062365,4.492010656857283,4.243051546223452,2.056176581330256,0.999329299739067,2.565610807173197,7.705310342693812,True,True,False,1296
0.5339180819299809,0.5270917589117643,0.5324741413100416,0.021218177072406936,0.8446715507945419,1.0673820324764636,5.381049143863272,2.4803978661408075,0.9751757904486537,-1.2403297916005087,10.566822892235592,True,False,False,1297
0.43312438443257345,0.4241774432283465,0.43795283517782957,0.03884524247348094,0.2685140910054798,4.130530798785987,3.6341446775330946,1.9278593038312604,0.9958469348561515,1.4510208325163232,7.221539329657675,True,False,False,1298
0.26635847219658476,0.25350498086055423,0.25836371845168804,0.8998645398760803,0.4422190575789773,-4.520768431765654,5.771735130439902,2.3090454225384605,0.999329299739067,-1.5901217616755672,2.398766675965907,True,True,False,1299
0.8439495972282409,0.842032558955706,0.8446425351469282,0.037613201948097266,0.1890349490722602,6.1424878169853026,4.524875761262094,2.2127857720530146,0.960761708854684,0.42138434902270205,8.267532079840535,True,False,False,1300
0.41584817635643173,0.4065113191779377,0.420443093634993,0.006116882337744243,0.07655954915301791,6.654437267350581,3.572540802324528,2.2405889975940005,0.9963977077340687,1.4383211139743919,8.35074762948739,True,False,False,1301
0.26379274808425396,0.2508807934542964,0.27170416378846224,0.030076209659657027,0.1008886482441151,7.5081082204289595,4.37547768673214,1.9388676632203408,0.9675669909668514,2.6425359046150465,7.244215328386244,True,False,False,1302
0.8786696747594268,0.8771941635466279,0.8768110283565623,0.017807251853336526,0.498748217328059,3.911352105459712,5.681967378611233,2.4127408928068834,0.9964212500774682,-0.26570868122638025,8.887898443660951,True,False,False,1303
0.2563421132802159,0.24326199398647935,0.2502751804082056,0.1192519917843211,0.24805754402410393,5.3920028305583605,4.538337313103306,2.0982371470494803,0.9864663523903544,-2.118680402333183,8.499073191270709,True,False,False,1304
0.8349273709923992,0.8328933709806986,0.8363055454121631,0.18791229457998104,0.8262683444512033,-0.9227825350297085,4.152046915391512,2.0504270726384344,0.9789483228098997,0.35737145982830754,4.375557972852974,True,False,False,1305
0.45172449837053974,0.4431893259676668,0.43956441154295195,0.6678516872918918,0.1325473196065088,-4.945055469073709,3.15994349568699,1.7809250838020614,0.9571365084673736,-1.4488058595934437,4.690061325116021,True,False,False,1306
0.30741319791008576,0.2955210761405621,0.31077829494795967,0.027789356897658345,0.8580171325004972,0.8442777424188292,4.661662190246104,2.2996171680142488,0.9839000181780714,1.8499127994898164,6.498450225015175,True,False,False,1307
0.9210121330823213,0.9200601797935677,0.9198596235142207,0.20312914827243161,0.6555758664520794,2.6354564381308268,5.824706470608152,2.0881340977961345,0.9976202607806268,-0.1736663280121391,5.136379170298079,True,False,False,1308
0.5279626777365244,0.5210188662734505,0.5232769572426547,0.09448692275483504,0.19367671926423488,8.51108872438265,6.338387252455683,2.258111649066709,0.9801604860910857,-1.0797016011993676,7.15322346773244,True,False,False,1309
0.6149577754185702,0.6096320498063277,0.6100769652210374,0.2749326260917806,0.4251897439552186,4.09024321521202,5.029393273984475,2.0293219884514087,0.9690869569194995,-0.9815151183286437,6.086707647872222,True,False,False,1310
0.28303562090290774,0.27056777436266366,0.29391018424045,0.012396912704271585,0.7847717543149343,1.8812733078793902,6.800784921231027,2.2421868221579135,0.9902539045440142,1.931010620036715,8.087106659456476,True,False,False,1311
0.6640439827890686,0.6595424510919702,0.6586274000251393,0.4295442624609831,0.6769954347633774,-1.9027125085427883,4.504066677240965,2.1719666455256097,0.9947293694425197,-0.7634667123612555,3.934706637980674,True,False,False,1312
0.7282288739409377,0.7247194084604422,0.7276581375829256,0.26804613895794605,0.7945645082779762,-1.413708006080709,5.360594041009464,2.2452026513626024,0.9922704691158751,-0.5473683991476888,4.4308590943503905,True,False,False,1313
0.8561710474047816,0.8544109062678635,0.8562456574240291,0.30900612081950046,0.4798803705868111,-2.5980670142729276,3.6119004180395717,1.9921831934355547,0.990548346878335,0.3038944848374583,3.519991604086699,True,False,False,1314
0.24241498981130108,0.22902815374468372,0.22213028218348996,0.6536677012805114,0.4952446111795232,-4.4837181886722295,6.460025576488006,2.243466504786317,0.9937863996887862,-1.96832369609784,4.138634898382069,True,False,False,1315
0.3899129205559275,0.37997864183941,0.40218223556052635,0.0171005317304706,0.39194697258638633,4.11060336638546,4.702632147791947,2.433079264362683,0.9808937054865693,1.7542285646870717,8.273280867274764,True,False,False,1316
0.06295250626655477,0.049575233271198955,0.049483873323089685,0.37594156632765935,0.6085168951013302,-3.0118522918590407,5.79226125716787,2.4655512410910094,0.9829016207804322,-3.279824635554829,6.854563386336913,True,False,False,1317
0.10135828664344863,0.08663270581220459,0.09267742159000712,0.6216656122571446,0.6486349567901485,-1.3000780079207623,2.812322644061062,1.72754895095662,0.999329299739067,-2.575408921145671,2.986329383929089,True,True,False,1318
0.9575908013780109,0.9570821202161783,0.9593160368767756,0.2343986824108913,0.3399170529630562,2.780429438711547,2.8472493615433017,1.6329913319602205,0.9872801738042886,-0.09617591593255437,6.249435312101674,True,False,False,1319
0.9078018936351533,0.9066880445581138,0.9069294501985948,0.20417240458459718,0.35011120986703426,5.0820957627484145,5.317827710187466,2.384368993631157,0.9958197653716935,-0.20341248617479035,4.761049282672518,True,False,False,1320
0.45199402115298826,0.44346475135044217,0.44662619208807497,0.08194643645732584,0.7778176228520963,0.9213057161048819,3.2233962267571727,2.3307040144887194,0.999329299739067,-1.1168045229674606,7.006957561294529,True,True,False,1321
0.5725287202638497,0.5664399180917572,0.5773218174335301,0.12955789523029307,0.8484805107918444,0.9110725790428456,4.71007744775065,2.1132936719991977,0.9958412774918667,0.9426704941483162,4.306615788925591,True,False,False,1322
0.34220602083855806,0.3311446239137355,0.3503248203806922,0.09524360859425732,0.8122805054449533,1.3897051570568513,5.778573933626071,2.30708929517296,0.9947754469602207,1.6513484633692448,4.8653479354065485,True,False,False,1323
0.983755587408326,0.9835610642382582,0.9821338940771369,0.4106541529191719,0.5886138339279156,-2.3805361729224175,4.333998645745348,2.158767477647566,0.999329299739067,0.036239710723554364,3.01292853027702,True,True,False,1324
0.3161427699323533,0.3044587263119939,0.3018662194027277,0.5562913909993652,0.8771329217811697,0.5715387952256915,3.6519816881917144,1.9281429989382879,0.9960071306488529,-1.7597468572037913,5.1124920295995615,True,False,False,1325
0.7637496878999106,0.7607527044663545,0.7631667601885074,0.6611817485367653,0.7007429229598869,1.4712696342428986,3.77619355110821,2.4006626591913056,0.9266218882237884,-0.45769528773808626,-0.652200482028751,True,False,False,1326
0.9862991591977092,0.9861351082066834,0.985830451790897,0.242206565446299,0.9790880161928597,-0.1301091946592785,4.9049122127457645,1.9671073315055099,0.9732735776899545,-0.03293924866945819,4.848257146456026,True,False,False,1327
0.5737996048334938,0.5677343713622163,0.5762343140591912,0.049966944574262075,0.7986892332275606,1.1182467302353267,4.3292380271900015,2.1209790864584446,0.9967303650034415,0.9711530598840596,6.447983242631718,True,False,False,1328
0.8787787353201577,0.8773045916362306,0.8771725881814235,0.03930443713097471,0.1911054774344915,6.515676307819162,4.8232208223028925,2.4474603585482986,0.9840336525452691,0.2721037342330215,6.9550631338102615,True,False,False,1329
0.10561997213194718,0.0908305855155577,0.11361551572301602,0.002007602841152285,0.3804035081187107,4.014902513554335,4.48086414890716,2.3141575980591567,0.9950722072635627,3.1017693614306037,9.57461294023669,True,False,False,1330
0.5033134660224261,0.49587273705136814,0.495410080673628,0.19101571616781074,0.28747486667802163,3.670894528429121,3.3635719368744814,2.095973745239926,0.9935538039533355,-1.1805733171489878,6.1628002027347275,True,False,False,1331
0.7635779767148174,0.7605785720012548,0.7598282198093985,0.11705220370328275,0.6995389418269283,-2.0597519058823317,5.264264346183294,2.32677504398014,0.9896320039390973,-0.4893943318392706,6.182020111144796,True,False,False,1332
0.08725348806521362,0.07284023576841138,0.07708872243439466,0.7213163619783748,0.6667256467030711,-1.7788936169386558,4.072700443307629,2.193641892165843,0.999329299739067,-2.562514043657015,4.51046037457691,True,True,False,1333
0.33057172684412317,0.31923241539526637,0.33273907509769407,0.008828199216796189,0.20251325124434022,7.544326625627177,5.734802818938389,2.270390395405528,0.9976095355897198,1.762399294972,8.60306562567615,True,False,False,1334
0.9289260351964221,0.9280705479486901,0.9285410472359461,0.29001205746163883,0.6291959836450858,2.4718111626272536,5.044246416087747,2.076580536239276,0.9782780141504193,-0.14707712199972,4.130241114809078,True,False,False,1335
0.26148252111265013,0.24851815841892166,0.25469277415380903,0.37171550892267025,0.4064828191714741,5.210168597279479,6.150495723521858,2.3098779620025263,0.9742631959710394,-1.9418961163925434,5.447412452254811,True,False,False,1336
0.3418003560348608,0.33072927724860657,0.3327647415373615,0.5666156160967963,0.31001325881566477,5.398197380540642,5.188889644848115,2.041258472573461,0.9903534027064935,-1.530628444474265,4.246555272726142,True,False,False,1337
0.6190421289454282,0.6137873215637455,0.6139206427054003,0.5239678471152581,0.6719735519844292,1.079665378526712,2.514096211124689,1.8526766607992624,0.9851687269219708,-0.8463032745667758,4.00811613643522,True,False,False,1338
0.9626026578790099,0.9621542850642573,0.9640346519873031,0.2370207644642646,0.478893540784563,-2.114006534845628,2.9322742865761966,1.883351682026305,0.9493811323221975,0.09446010294425466,6.076006924409503,True,False,False,1339
0.2825169746433032,0.2700370092380526,0.27649525366058547,0.7794573102052104,0.9174591058809255,-0.31504766759485886,3.0036232367186124,1.767164258437607,0.9784839769983614,-1.8077312815130957,2.043295098578719,True,False,False,1340
0.49350692302689686,0.48586375689108396,0.49950264768609237,0.13253064142631069,0.7250667637411562,2.4332595209581376,6.8265463739699515,2.026596158995693,0.9817500150504759,1.29925470502027,4.906286258332582,True,False,False,1341
0.7730229339688278,0.7701559463141906,0.7722919254035462,0.24697230363200878,0.22165720508392311,7.129564493010572,5.660479722886173,1.9109685896873851,0.999329299739067,-0.4612265041428243,5.510941498138516,True,True,False,1342
0.029652281089761215,0.019630793316301957,0.03842567464600031,0.009870811460986218,0.06382844916821126,7.66504856015708,3.9176176250190142,1.9533585986441637,0.9726107825417052,5.240564974429612,5.866000875719451,True,False,False,1343
0.8357714427930318,0.8337484277480092,0.8350833729150523,0.19948093349035875,0.5504035953610056,2.931779069838777,4.8305050887462535,2.2487132113899553,0.969461400095512,0.36730089944155564,4.113727110204483,True,False,False,1344
0.5276959731697652,0.5207468767250556,0.5268848606664421,0.0018659441955527077,0.06871105281351755,10.827994158494185,5.643257350055236,2.32646584486093,0.9828086989344389,1.3412885597219635,11.071974514680079,True,False,False,1345
0.9657002356869847,0.9652890994413031,0.9664335081413966,0.29283706632084716,0.6285471436412757,2.894055306025877,5.894702805107595,2.2285027908053427,0.9776063221581638,0.07602606242157828,3.990943111393344,True,False,False,1346
0.5512549370735712,0.5447649432389098,0.5525563367270366,0.0598689159344986,0.08583312240232245,8.690906072426072,4.8214889013530104,2.082638622578158,0.980407389371361,1.2077435814564659,6.451021860669385,True,False,False,1347
0.8521911823532674,0.8503801356619378,0.8528596074512312,0.10497212170362631,0.20299179550943028,6.1985406384463735,4.71700214751151,2.1225741438156835,0.9924473673659351,0.3104601859293412,5.706191186605421,True,False,False,1348
0.8363673131662609,0.8343520475502388,0.8352187611646646,0.2179686601141073,0.49815888991107826,3.627419751470652,5.262196905701202,2.1419201440592506,0.9843893990508822,-0.3523226666490533,4.943774358458489,True,False,False,1349
0.23888899957777573,0.2254263720497806,0.22216485099458272,0.4960787461475609,0.141165202493383,-8.323140407371083,5.443181691359231,2.1449129440517054,0.9979350379931825,-1.9178292498358926,5.149171074052809,True,False,False,1350
0.876494199797714,0.8749913866220516,0.8777425583109977,0.1631519192675756,0.7437809399912981,1.9471354365367302,5.8791584090074105,2.2413998623213387,0.9831450558346713,0.2743950680182623,4.9280521717792425,True,False,False,1351
0.18436063336377426,0.16987787929081,0.17466799029865623,0.4492242295279982,0.8536177225221114,1.1690010273930627,6.2583557661473135,2.0687690225607813,0.999329299739067,-2.1555237933620246,5.744504477077257,True,True,False,1352
0.6663978523608494,0.661934349368531,0.6635444162235756,0.05434486568886233,0.04570216261657073,7.470559763051297,3.5170010256216804,2.1948999730067222,0.9976370530919049,-0.7209677285014235,7.325910353323051,True,False,False,1353
0.3293125769594053,0.3179431702299048,0.33613946596033645,0.018799038647617023,0.3456474042495685,5.2495038221143,5.4412881590383035,2.0251941978370165,0.9953659859176918,1.6164749382479604,7.080556912121015,True,False,False,1354
0.3794473450253183,0.3692684246847544,0.3710658798477978,0.4547236982200909,0.9260895195855279,-0.33396100449076027,3.5570802244566324,1.9760623592738626,0.999329299739067,-1.457939321891061,4.806626347244367,True,True,False,1355
0.8286333645266845,0.8265171666939148,0.8303897312040829,0.1141967488638221,0.2557251813980496,6.459253108378845,5.528122546742903,2.5613098558731613,0.9827910154389629,0.34870758277358593,4.861280821603312,True,False,False,1356
0.4829233153917519,0.47505867582627137,0.4852663834313913,0.06964848190151447,0.290132244166949,5.921940311353461,5.456978431524835,2.2871009002101643,0.98313856746245,1.2532327135253931,5.472750759099879,True,False,False,1357
0.5530282052236016,0.5465721356247072,0.5493419542306656,0.2429518576281104,0.5036225837390729,2.008151078691508,2.9509953553977737,1.9744713985663478,0.9971136858705522,-1.0194741646034133,5.778118214337029,True,False,False,1358
0.2357675274774531,0.2222385183456677,0.22389566950603845,0.31540627424170325,0.626450413916169,-2.2064532490617825,4.466721591130111,2.0885316298361425,0.999329299739067,-1.7715039809316924,5.991923796905611,True,True,False,1359
0.8102307188558153,0.8078711529241728,0.8094316027326347,0.1639399596431542,0.49967271498783866,2.23194324939448,3.2493842008654426,1.94365516326465,0.9743636861028968,-0.47908944393382047,6.703817344295176,True,False,False,1360
0.7994773757006746,0.7969733722362317,0.798949668816516,0.06981983319590701,0.33070467274144766,5.545579822435022,5.569213561538093,2.5652671890198167,0.9553337852698607,0.4611686799244126,5.665067342885529,True,False,False,1361
0.5748701852624307,0.5688247712056722,0.57917522151646,0.025729412832242497,0.9934124339046477,0.0514030389202798,6.152198698634229,2.389356708589568,0.98956516714905,0.9570765950579103,7.74075410870633,True,False,False,1362
0.8347788343734495,0.8327429003406529,0.8331043071967569,0.19509424633416056,0.2995769551435423,3.5142776126380446,3.304057577148428,2.049010888875114,0.9962760511560687,0.3686638885479061,4.337984561872442,True,False,False,1363
0.9445545580502478,0.9438885993268388,0.9462016772199819,0.3371219924871375,0.3653404416264961,5.3638229328712415,5.7970789519328365,2.0320707233520756,0.997606397346375,-0.12444949144269657,4.1017703024048995,True,False,False,1364
0.5001950489358188,0.49269023731952,0.4964496924418256,0.043993127921957524,0.5421206563743682,2.233199753850325,3.603671737392704,2.532040272496767,0.999329299739067,-0.8693327549910048,6.663383931141786,True,True,False,1365
0.48776551330876,0.4800025857372915,0.47670596724113107,0.47920795433621055,0.410418982566929,-4.441305725416601,5.287828010509638,2.0168287705232806,0.9990518489049579,-1.091843010055444,4.283266481767038,True,False,False,1366
0.6951795917782252,0.6911706550054064,0.6922802151600955,0.3108450672369678,0.4773058771720477,4.8655781782227265,6.7242947211601996,2.1990661703690884,0.999329299739067,-0.7031824770644342,4.7004266948386695,True,True,False,1367
0.944548835673867,0.9438828077644426,0.9447908563264572,0.2844281312579693,0.27233603603298007,5.108806578570402,4.531934836677719,2.4189502771507367,0.9631898241844798,0.12594269815510772,3.533721848104002,True,False,False,1368
0.7433018605809246,0.7400127820165208,0.7457722413464997,0.0636207043274148,0.8221077147818024,0.938217825410507,4.121023703682531,2.2420506629949926,0.940886871997555,0.6381986007256435,6.556524138853037,True,False,False,1369
0.15453323833928267,0.13969302199752262,0.1688590761024816,0.012624806311514256,0.2202665111534394,5.213981557236245,4.126706208651906,2.052037678033763,0.9636647469451158,2.9735144668834836,7.153545657284978,True,False,False,1370
0.9080298732789134,0.906918828187742,0.9076996345963253,0.05619764934044828,0.9021466389947196,-0.598839255561601,4.812087898296631,2.111454464207352,0.999329299739067,0.19543825567363537,7.8053117772718075,True,True,False,1371
0.3095918083832371,0.2977515573153092,0.29734652049906174,0.00975534470708382,0.09999695125802,12.06605096404635,7.012049995654326,2.4397883719845304,0.9684401731958728,2.0976570078858288,7.806561366407831,True,False,False,1372
0.6019955893397727,0.5964418840557578,0.5966927984851979,0.08468363770730021,0.5247708103310503,4.011007093812079,6.201342627246975,2.4999954136574876,0.970083756679682,-0.9957931197992451,7.577622638825995,True,False,False,1373
0.476464042058442,0.4684627229894419,0.48572456680534004,0.025967559347046972,0.3055488665422314,3.5230553330613765,3.354556090315724,1.9471135762093343,0.9906815466272066,1.3315977227697093,8.120001539303633,True,False,False,1374
0.4740646405765921,0.4660122604067021,0.4722354404748231,0.6476858272214809,0.38338145927835116,5.570586089054855,6.256844114723123,2.1281829105072054,0.9845405430385903,-1.3566895335071374,3.6262479175033415,True,False,False,1375
0.5778819477452893,0.5718921202315784,0.5851928885499603,0.18557135418824833,0.845742179854019,0.8514703520986443,4.322765661657084,1.9727357476217267,0.9631495215142022,1.0838251252624862,4.467763932919706,True,False,False,1376
0.3020843616365362,0.2900655795812831,0.290761456429322,0.46480762952793275,0.7681557762886472,-1.196292965178813,4.005908387740283,2.377156607364208,0.9978586450289921,-1.456482381488795,4.045488179673126,True,False,False,1377
0.5428523471766952,0.5362004030037242,0.5401808953462428,0.20013649821575363,0.7745124644283513,1.2343807635673612,4.253609069147931,2.124230969190398,0.9827248279639761,-0.9758297596468468,6.092534485069908,True,False,False,1378
0.2970940715598941,0.2849570125836506,0.30278128850048835,0.016283574360697828,0.10829714215451329,7.598298032952137,4.52994074204505,2.146940738492114,0.9687394804505295,2.3446011056046574,7.698903267026882,True,False,False,1379
0.023918169499936484,0.014910290378584731,0.02863586903716706,0.0035319674376976563,0.08813504531138151,9.362631845220166,5.234939737243019,2.335001305489193,0.9937141495027741,4.982756653787231,6.813552415912605,True,False,False,1380
0.8521374954676263,0.850325760864584,0.8534262740253378,0.19103324207311184,0.10363283112661151,7.639890926675967,4.490407790816759,2.216815671101217,0.9888702400715723,0.3182560343883525,4.284249236372355,True,False,False,1381
0.750021543098633,0.7468293058200015,0.7519917286224825,0.010858146185703849,0.32673498352939556,5.241983563211591,5.2202938938137535,2.37138887956999,0.999329299739067,0.5099084692505205,8.826874309983907,True,True,False,1382
0.43898466181275947,0.4301683821530353,0.43283452227658803,0.4033589024981493,0.8291492456221222,0.5460938580223637,2.4992890023644225,1.9578822961252917,0.9899227234064684,-1.4037532182030796,5.130554708079384,True,False,False,1383
0.4222577187556588,0.413066323209734,0.42980984481442475,0.19494762066404028,0.17301436295049435,7.206668641489005,5.109060157826944,2.3741683473361097,0.9795426433136059,1.4302297302582851,2.9018032861121874,True,False,False,1384
0.2529511116229895,0.23979532851408691,0.2399524360716945,0.15414094590256056,0.6731394961318236,2.4548343053932706,5.738044362192298,2.608728579102049,0.9908022396122506,-1.9641321985193096,7.202099049892091,True,False,False,1385
0.8742081745296986,0.8726766235681411,0.8736901189189727,0.18121741490298493,0.18548432995372374,6.554296150597109,4.787869013369796,2.3469673451751474,0.9915553766663927,-0.4020615336916773,6.723978695862926,True,False,False,1386
0.9576444345894435,0.9571363992226414,0.9566655628060393,0.05369530377407219,0.7240413559617987,1.483304380974003,4.145266321112566,2.068208168594176,0.9962457850413388,-0.08728119781633303,8.186302562917799,True,False,False,1387
0.23854695994161804,0.22507702501699683,0.23130573393690554,0.18257462985998396,0.40889817673395007,5.050378909122639,5.993172734533053,2.169885544162752,0.9938543737519311,-2.3727080087509114,8.150904520592778,True,False,False,1388
0.49329237604029585,0.48564475105080274,0.48176894606764,0.5078607244361422,0.4814064105940248,-3.000222133210013,4.1856937958852045,2.154256294175193,0.9902702803106065,-1.0757254412559691,-0.741748138136418,True,False,False,1389
0.8796114230598135,0.8781477169410251,0.878197984915356,0.0938514107987721,0.2846559057525927,4.969933440555715,4.52655376850189,2.1172758751044087,0.9893489784097838,-0.2944558448114982,7.131732880918876,True,False,False,1390
0.04171836228772591,0.03008990898823945,0.036744197412942534,0.04063332001339805,0.24763801651723652,4.733178195206936,3.980169870395021,2.233950972740455,0.999329299739067,3.45693792283089,2.5575009959069974,True,True,False,1391
0.5654760905022344,0.5592556834700834,0.5679547722580005,0.10299859004332121,0.6059055583592663,2.382898787051149,4.5492960511264995,2.122046059843888,0.984592571967426,0.9954275830740711,4.748731430766503,True,False,False,1392
0.9943696637792273,0.9943022586638516,0.9932062315065312,0.011657185194281577,0.17525791364476087,6.317647833332064,4.50326497646695,2.167616753025714,0.9669138970992012,-0.018428330218934974,10.79950298432213,True,False,False,1393
0.39921476838195574,0.38949629723572377,0.4051782321310223,0.17396409934816615,0.7935442521332128,-1.0780299670851687,4.067048422002316,2.0767883710982553,0.9940738132981962,1.5918057640418835,3.202095391586824,True,False,False,1394
0.7777552961103644,0.7749540802098707,0.7776371648415781,0.050882161768467556,0.8879448044073806,-0.5700946527418748,3.9971173898111756,2.028112087558208,0.9567227336415801,0.5341996992459066,7.605734884965161,True,False,False,1395
0.2283006041422959,0.21461577569776438,0.208651083142669,0.9012494628550478,0.2781216796790903,-5.274759727349493,4.737550499792808,2.146490821477155,0.9739370327717617,-2.4639332901283453,3.886954274677472,True,False,False,1396
0.7787011939914448,0.7759130793384365,0.7798479492092089,0.027677771205694545,0.20673273050513985,8.088208555560717,6.208095936695597,2.36532641613644,0.999329299739067,0.4568130187802586,7.330354539137634,True,True,False,1397
0.45045128370323473,0.44188820244082083,0.4422985691644244,0.3668415831614653,0.791694487202309,-1.8146224904837096,6.78365660334983,2.1203256156580084,0.9860613041475843,-1.4218540204608532,5.855800481990892,True,False,False,1398
0.9544190941995657,0.9538722054473188,0.9543677140311642,0.07312473759219137,0.5497832866934893,1.9980130512157572,3.2868381477953035,2.018593057841357,0.9463102009167603,-0.11607183671582799,7.881789920392256,True,False,False,1399
0.7721438330969778,0.7692645856267722,0.7702761384266861,0.19400549751993276,0.3605454238878217,6.871579650731129,7.351299587758668,2.3651482223282603,0.999329299739067,-0.4088838255681031,4.683132428469957,True,True,False,1400
0.07631474950455329,0.06227483177953503,0.06650749213202611,0.778302502377139,0.6344687085206919,2.860842441553722,5.929675404269202,2.251346016278182,0.999329299739067,-2.729669912336006,2.663852394583969,True,True,False,1401
0.1335120705884284,0.11856759016576662,0.14654559103009993,0.02429056206422289,0.10189304340585671,6.133822451352444,3.585815317796145,2.013500367304721,0.990876091391406,2.9648792280980567,6.017639320650796,True,False,False,1402
0.8902686165142584,0.8889379444003622,0.8900852396341027,0.1552055565240916,0.4037217171540599,2.7219220275081284,3.194022188644595,1.9892431116160616,0.999329299739067,-0.20549489761591389,5.318544775746434,True,True,False,1403
0.8788472170438832,0.8773739320072346,0.8784289976783192,0.5482652694357463,0.9631421330353557,0.22501813235351814,4.8116424481120035,2.2517148147375448,0.9910726311222111,0.252447727762132,2.0019154128708934,True,False,False,1404
0.542422726417234,0.5357624484109496,0.5362766851264656,0.0959097282916687,0.7861299251360608,1.011469526126508,3.6802997849740646,2.7281128694512358,0.9964397097474035,-0.8665272355720282,5.876921708260161,True,False,False,1405
0.11268795733732873,0.09781919703140485,0.10456563806232516,0.8567183671109193,0.5131111616423214,3.359818370928469,5.050215162698653,2.163008566351496,0.9757216566700008,-2.7270435377814652,4.296386054256325,True,False,False,1406
0.7717353063091166,0.7688503570869774,0.7738726466322249,0.26608908488193866,0.1750790864122599,5.129921658388657,3.655061468608942,1.97824962168756,0.9972153671172683,0.46155086984814453,3.355435750350682,True,False,False,1407
0.9923381372433246,0.9922464084774335,0.9887750438416476,0.2857833621358373,0.20949481140725487,7.730424009734381,5.971036854863214,2.143763577311788,0.967621455864701,-0.02584042121424357,4.1176514818141925,True,False,False,1408
0.17489379358010587,0.16027653735900205,0.11271825047987977,0.16617007188818367,0.9687191724016079,0.12589848036125798,3.1724492540327094,2.179154669071119,0.999329299739067,-2.694024061257945,8.517072530724572,True,True,False,1409
0.8673582427867895,0.8657402747900147,0.8650994409274972,0.5187751884792007,0.4443258832469682,4.712745032658012,6.045101924137029,1.9942174753690713,0.9779171434080073,-0.2853670074990924,2.894987794194847,True,False,False,1410
0.474116157528205,0.46606487531687046,0.4679921324228303,0.4035236911685348,0.9295603133080256,-0.39815723754503257,4.450435511475936,2.1351245116967434,0.999329299739067,-1.107014998506442,4.379323732000331,True,True,False,1411
0.630435643845907,0.6253763770301023,0.6325869597632249,0.13286858404667257,0.2783107480923596,5.651847114286104,5.078288281819998,1.999954873868113,0.9848803145210419,0.8588129639386102,5.126738533190014,True,False,False,1412
0.4857692935658273,0.4779645129076412,0.48777527457432474,0.07609549490155779,0.23713825644431955,5.138956791237571,4.222954157382026,2.155920416847205,0.9603307140098308,1.2166299018622562,4.9938655474899,True,False,False,1413
0.3665716744868524,0.3560894497598479,0.37392871078651535,0.025920477004572517,0.11937043830926239,7.207333063332981,4.439011075627381,1.9643781229656845,0.9482247568729545,2.1219141591199797,8.03707136055931,True,False,False,1414
0.12200377085028516,0.10707476432231268,0.1289686696844114,0.02403547117824677,0.050324332382210325,7.6246158689838985,3.672043014404666,1.8765357317715912,0.9575118385097483,3.4135281486387985,5.631435563909675,True,False,False,1415
0.978468648247911,0.9782107596249056,0.9766350430333346,0.12390951536431055,0.5792543740034152,-2.9293250947490512,5.201095594332421,2.2051655690051937,0.9770884497868051,0.052948376711263734,6.243181629778734,True,False,False,1416
0.7801487972631966,0.7773807039572787,0.781578747134933,0.11906921906218411,0.26957809143544376,4.037241681888222,3.560206127061834,1.9549938009173191,0.9635024914438689,0.5846069853854647,5.708268327287361,True,False,False,1417
0.8542541105688278,0.8524694724076984,0.8532836793163762,0.14665531448885594,0.2714574835464264,4.627001759980315,4.0967965843979535,2.4342775974185575,0.9917815946473462,0.2959223413063654,4.435546640640258,True,False,False,1418
0.7211767806012217,0.7175626534294687,0.7182117682497708,0.0926001845506444,0.4073743869335039,4.32516924275969,5.115647792234879,2.0548631786120644,0.9970771417814922,-0.640085857354725,7.634804854906791,True,False,False,1419
0.29846893595978385,0.2863644263988232,0.3128755300877291,0.02500725897859419,0.17651660649630743,6.765673978476833,4.837325843441032,1.9025854872833157,0.9665804448121444,2.8052063589355196,9.216526402792475,True,False,False,1420
0.23568138503564356,0.22215055391183205,0.23852026147521913,0.02126238497356831,0.5800136588006516,2.2720296530625337,4.042197930117922,2.2415706679592304,0.9552941545546305,2.3754302854640255,5.918802764586592,True,False,False,1421
0.2931811580871597,0.28095163428221936,0.282882824591817,0.7315674952312017,0.9628572221022,0.12858093872242682,2.728385079421198,1.546725737826793,0.999329299739067,-1.7074829659249664,2.349372601275164,True,True,False,1422
0.6380558795307048,0.6331255381842438,0.6353283992832814,0.6053979565047343,0.44785291704508035,-4.183234849417142,5.408263390302128,2.5814254003595845,0.999329299739067,-0.6246711042475364,2.2967031028317546,True,True,False,1423
0.05041091264659475,0.03793648763269198,0.05423831936091251,0.018018427999546817,0.32348144738501805,4.933201701588279,4.879085719838409,2.4249076249627866,0.983723294454221,3.4039303141156263,4.806151824972744,True,False,False,1424
0.922254249417376,0.921317461147928,0.9220890069154318,0.3960826319846195,0.7238971268262956,-1.781231709227877,4.975139488659965,1.916392236860146,0.967281025539046,-0.18884823820675667,4.133621784614819,True,False,False,1425
0.2531509730301286,0.23999963314730371,0.26317594234483666,0.00477950491474599,0.0622965256316604,5.516418423346419,2.801706536950366,1.7624870278345819,0.999329299739067,2.096318123555175,9.330991008922023,True,True,False,1426
0.3391013402339227,0.3279658249899677,0.3299034771916086,0.3762076303583629,0.19958848276115823,4.795709246262702,3.620910824828684,2.4477243162941686,0.995773320859096,-1.4609056710454253,4.513931080488738,True,False,False,1427
0.883351038644677,0.8819341292916304,0.8820623628868106,0.06216140685813504,0.24266133203443013,5.560576306847973,4.625271954196678,2.096254800759954,0.9827745067427887,0.26978352388302973,7.37726747147572,True,False,False,1428
0.6116944292068052,0.6063117263656053,0.6143961962818271,0.04111569363081384,0.5994896708524512,1.5359967590769634,2.880684706371669,1.8541149863800284,0.9981920146701596,0.7828138959558322,6.8906011480925144,True,False,False,1429
0.2054953068777168,0.1913664182403886,0.21104761423818447,0.017765251252049065,0.4368642213433436,3.311823872092889,4.178338527672529,2.0022434473167534,0.9940338491147039,2.3812303138861255,6.629620324224989,True,False,False,1430
0.5384177713027751,0.5316795544857846,0.5313328381554124,0.8375366993233395,0.6917899470544012,1.7966325394867912,4.469906412140761,2.010106969135255,0.9888034066959336,-0.9818007983357246,2.191764088115227,True,False,False,1431
0.5430648444715399,0.5364170204241863,0.5372826062288069,0.6621157418905141,0.572072234292056,-3.190483150824433,5.558435395330341,2.1337185503719374,0.9846135105779714,-0.8985671845658241,-0.15096519884967108,True,False,False,1432
0.9228075969972451,0.9218775615648052,0.9226537980502497,0.22820424702909026,0.2477702873532834,6.030010374347078,5.072152254695428,2.1044242564404017,0.999329299739067,-0.15975554758335342,4.732648760904088,True,True,False,1433
0.5516591924201237,0.5451769401225364,0.5569411079984582,0.10843936331332546,0.6202637078864458,2.199802679630769,4.3741784551549285,2.1572658906977,0.9534484510192752,1.1243024478044674,4.822260949360882,True,False,False,1434
0.7958293434788617,0.7932759459385204,0.796257005100372,0.035335273516490164,0.5742390157370162,1.315894031280087,2.305628669711455,1.768521444623776,0.999329299739067,0.43022648074488323,8.26133878353506,True,True,False,1435
0.7892555266726957,0.7866125991973868,0.7878397951684244,0.18578798960622164,0.22173666042608048,3.340175240596843,2.6523870734563544,1.8453835433215091,0.9654609589042923,0.4567730484457746,4.266005595245726,True,False,False,1436
0.4754131639412403,0.4673895005907631,0.4680385349525532,0.23361252857599443,0.7611579304221203,1.2773038736691111,4.147834047277903,2.4425189871774418,0.9627539763365228,-1.2999474323398186,5.409005630438119,True,False,False,1437
0.08636632526429795,0.0719786270545273,0.07359587739090317,0.6641391571974536,0.8425256248741946,-0.9976024148704246,4.959775825399853,2.212746158896398,0.9853403742299224,-2.7437524517855327,2.3085656244692965,True,False,False,1438
0.5318744610423611,0.5250079342242773,0.536444778347626,0.13146841774447474,0.6135050382826535,3.1970339895440314,6.235556379766685,2.071266695816578,0.999329299739067,1.0043287518920874,4.216864900139759,True,True,False,1439
0.6263941836911503,0.6212659388438291,0.6263379857492406,0.12963054376698926,0.17523874466163664,6.384259037766166,4.550534646675382,2.016990773107399,0.9755992529742141,0.9039861151408708,4.661852832138777,True,False,False,1440
0.37795765712880036,0.3677437687705595,0.38614205294922455,0.018875242438387653,0.44644760376250114,3.83145862800153,4.9379586549211565,2.2332961006702234,0.9969942919648229,1.4819230582856973,7.174010137378966,True,False,False,1441
0.6372385756734396,0.6322944769676992,0.6408071796685646,0.09584366901871484,0.08262320402622984,7.732061811596539,4.242142179725079,2.0106997101182893,0.9780353712962467,0.8930265316262274,5.39569097198126,True,False,False,1442
0.8369799320449521,0.8349726290519651,0.8378291592829354,0.2330237887521777,0.6292845370028374,1.8755148006754776,3.8283736023348163,1.8157601827481673,0.9746289940083318,0.37470455118244406,4.8881849921029445,True,False,False,1443
0.4250279524351554,0.41589913759313246,0.4267847919816127,0.06309530833260907,0.12342880521897137,8.914999602024851,5.554528952477897,2.18708600037005,0.9421627583949973,1.9762521036048364,6.403055838429246,True,False,False,1444
0.5083260467509213,0.5009877541182715,0.5137083554473608,0.07082789442966907,0.5910723441924828,2.7775706444436077,5.090612519095901,2.187368841123506,0.999329299739067,1.1462735406256748,5.210076725889726,True,True,False,1445
0.46976612733395623,0.461621882526316,0.4648158567218111,0.5433064926902954,0.26002880661639854,5.855331040349619,5.058210099695666,2.1086478044997747,0.9563467801787595,-1.3813460547783958,4.308882748977601,True,False,False,1446
0.4181616563017542,0.4088774086336201,0.40884464022484557,0.033793362264065055,0.6634534096069947,2.660525242171705,6.0278260474378245,2.6064147318248927,0.9805318824126604,-1.4977301928321811,8.699487473195276,True,False,False,1447
0.6492574158955424,0.6445139396801596,0.6500604917402024,0.09862140186634451,0.35025309684432504,4.89350966139585,5.1220344334800005,2.1705687976615415,0.9882873617539221,0.8455530118425534,5.471260556844404,True,False,False,1448
0.35640563173142414,0.3456824332554923,0.34523086506454925,0.9035776645621952,0.4940733992938542,-2.53410852798821,3.6410705449070346,1.7044150740559783,0.9300018041844559,-1.8344030809520788,2.941754128323165,True,False,False,1449
0.2747299004120304,0.2620688772823837,0.26788548055979067,0.0338003506414725,0.2465877312780428,6.065005931281809,5.088422916390312,2.000460985903224,0.9674254400010236,2.4545585723537666,6.433300142868527,True,False,False,1450
0.28481360524027444,0.27238735521931073,0.27842636356637745,0.9849421601193233,0.9763049121173354,0.1443302214626708,4.801780331495335,2.0943512152201245,0.9904339649275394,-1.634725862150828,2.3758772130376,True,False,False,1451
0.7236050502063494,0.7200270755101131,0.7269314427210576,0.21424096529127717,0.5989974614320484,2.9053975922798325,5.441538997685189,2.2694416889445126,0.9914816563804661,0.5635115737441287,3.4470413895406145,True,False,False,1452
0.7590974708743681,0.7560347016179453,0.7587872490293595,0.2697163882283263,0.4142682256605976,3.7381028415339674,4.488002192879424,1.9242628301750513,0.9808905265460852,-0.5847810940752298,5.488884102546873,True,False,False,1453
0.3394796382297786,0.3283531564438832,0.3379058943765047,0.14206236131639136,0.2402837500854803,7.008304109275597,5.799126090792177,2.5236502740557913,0.9185934770230652,-2.128394630144717,7.82363052426527,True,False,False,1454
0.6053476475196085,0.5998533258902665,0.6018213855359824,0.7676051776976857,0.7668872751648157,-1.679783464607953,5.593345321444259,2.2107293695665273,0.9888462192373857,-0.7861336133866379,2.070945243973189,True,False,False,1455
0.14984678657848374,0.13497069189760308,0.16413539833065116,0.16932561818542366,0.8451770103500835,-1.3673846767546531,6.916284664213465,2.336920262752646,0.9743213424607161,2.578532274236167,2.0012283085405875,True,False,False,1456
0.5673634273601967,0.5611783740424864,0.5639997957054506,0.177226085478144,0.4442454962436755,3.6460345756092294,4.675980939659668,1.951823619257094,0.9821713994295227,1.1719316035349991,4.507943057468669,True,False,False,1457
0.34177778036873574,0.33070616275228004,0.34429191490987043,0.06711696358626522,0.11599484972924498,5.229096657996276,3.189353587742281,1.5477396654082607,0.9736637823526295,2.329744767633276,7.287006897537264,False,False,False,1458
0.3104676320495707,0.29864824584420846,0.319081488926187,0.03599376217650951,0.20335169011355989,7.051644466988434,5.370648658854753,2.413934836243439,0.999329299739067,1.5085960005189074,5.686550615376975,True,True,False,1459
0.6440749676211892,0.6392454262034399,0.635728666189639,0.48478146332130434,0.8408124857931625,-0.9218555128246191,4.533156206422897,2.148586782018464,0.9612661805612052,-0.8319696201663156,3.8303117710599572,True,False,False,1460
0.41634831245920617,0.4070228386296202,0.41286640541438685,0.21542901777912327,0.6678397475486784,1.9054620616197189,4.378112959633276,1.9888505786027693,0.9281205819856143,-1.6953430445924322,7.338844631772543,True,False,False,1461
0.24385852054926083,0.23050294805492766,0.23180369481142074,0.8889005884273001,0.7027239148110773,-1.2658314010299891,3.271736736694823,1.6850497258437591,0.999329299739067,-2.1447093243615476,4.8236865252321195,True,True,False,1462
0.6246033075762191,0.6194443624537256,0.6239291573876656,0.15857830281421878,0.2473079664746549,5.865527291524255,4.928816751404436,2.389696003485824,0.9784853923035184,-0.9735012507204095,6.161121421696365,True,False,False,1463
0.5182839044770201,0.5111470141405152,0.5091275237576477,0.6298797631572487,0.3731048804003017,5.684508452385839,6.246118276289536,2.1332878316817037,0.9920715878641934,-1.2700380936685685,3.712824625603815,True,False,False,1464
0.8072568520008597,0.8048575118828867,0.80565273497675,0.44340491149940214,0.33613894409560335,3.834939224057008,3.89582339476643,1.794670965196709,0.9976794839701013,-0.38637721352995147,3.730452907124993,True,False,False,1465
0.8828252186715153,0.8814017369921412,0.8764938622008788,0.24462409918578995,0.4830463172659244,-3.6759861322801184,5.147939620225221,2.181245234807898,0.953626128796636,0.28215866209925267,4.260867361779626,True,False,False,1466
0.21577818317604996,0.20184287135138468,0.2080085652962616,0.8018006491782563,0.31540286635687653,-6.195468184238604,6.023621670539111,2.3001362619570203,0.9933275595380722,-1.8852532708586152,1.5701805480559066,True,False,False,1467
0.9608409390510293,0.9603713760287016,0.9602013622330957,0.04862746338236078,0.2556837923287991,5.969382978227408,5.108410512097775,2.042358959617882,0.9838285001416337,-0.08668075785316454,7.976991027027407,True,False,False,1468
0.49422115701559555,0.48659282533671167,0.48950210632957064,0.107068301159384,0.2676825604719005,5.150804219724407,4.523703115271179,2.2697733939579234,0.979427958893074,-1.2849914181938074,7.298973067919372,True,False,False,1469
0.8601693997156707,0.8584602248236723,0.859790595568833,0.06263083355756253,0.5391082862076394,2.917894480496434,4.6733295534266235,2.334914438204776,0.980963373181282,-0.32017014189909876,7.394080127997855,True,False,False,1470
0.9823484530197653,0.982137068857066,0.9799976150175669,0.10420031412031487,0.5509726985079415,2.9670302331147242,4.895633801780324,2.1446565883102147,0.9755885979347046,0.04559506333839991,6.175690389526911,True,False,False,1471
0.7612215804601321,0.75818889561662,0.761558017878973,0.11681362517421448,0.47364757097995125,2.7203835211543477,3.728191140283993,2.021504173544325,0.9930226106898921,0.5495581159902381,5.630531296654258,True,False,False,1472
0.36344386642735693,0.3528876263188835,0.36627538744438737,0.0871700186194596,0.2929992486711806,4.178182323841742,3.8737035891442537,2.0681519314312213,0.9738510801446038,1.688154380957028,4.545337507107205,True,False,False,1473
0.7210444323789189,0.7174283313187549,0.7259360449408945,0.12573811862486217,0.4643239003733536,-4.050385108684694,5.43423541693938,2.070008837104978,0.9765135103363678,0.7897508710618482,7.246767216499317,True,False,False,1474
0.17381048460380255,0.15917895642942104,0.16613757016950795,0.7766131622011433,0.8243526141749026,0.7871558429697055,3.5024911553373217,1.795637545659099,0.988631089396718,-2.3367246642216744,5.236241133200156,True,False,False,1475
0.36707398947547465,0.35660364008350165,0.37160909487069044,0.09833232404821769,0.10259030008174452,8.2621311881151,4.840496602045752,1.780241306575346,0.9956830599880301,1.8504725817860699,4.786422766829854,True,False,False,1476
0.8977075685252917,0.8964691827626163,0.8974922824510647,0.2599654017165853,0.6681972488792763,1.7210414251750614,3.958928340861709,1.774664960503485,0.9396587485761042,-0.25653578131829846,5.360763434619101,True,False,False,1477
0.9367311249155871,0.9359704401104851,0.9375148993333431,0.2149225053015947,0.7859600664183927,-1.546546749544844,5.622629057189957,2.1856788969083665,0.9671637602847185,-0.13812290152617024,4.922013844992109,True,False,False,1478
0.9183224490751144,0.9173376249244946,0.9179583918132871,0.0828844846062632,0.8450788475059337,-0.5898925100288223,2.9817826053266017,2.1603693184560058,0.9832505964090119,-0.19195907659683797,8.219168379056315,True,False,False,1479
0.28498640331057906,0.2725642001098428,0.27252184095048987,0.49626032126433517,0.39466887182685645,-2.801638814991651,3.2239666925017256,2.0866229667954306,0.9870674240513322,-1.809259402073402,5.08037468595411,True,False,False,1480
0.7738740563569275,0.7710189257850457,0.7721747203143202,0.20248941784129074,0.5116750312887074,3.2242025504361105,4.8297217930621645,2.0990720859126824,0.9838387619165888,-0.5243230827194658,5.735000410420114,True,False,False,1481
0.5306570640549017,0.5237665315668827,0.523489804018913,0.45118060538748966,0.5776045691215305,-3.0987232688890813,5.47784890017893,2.045047147238262,0.8978007730338694,-1.2955811350617514,4.995243862442683,True,False,False,1482
0.25567732261351,0.242582324240868,0.2117225627969757,0.4536330940088385,0.9539973769127373,-0.3053392560839318,5.230142358971709,2.357258341234466,0.999329299739067,-1.5152446589996469,-0.10896550149978923,True,True,False,1483
0.22811220737488233,0.21442350536794058,0.2160773252468979,0.857865133023519,0.274864240271518,9.106071366387287,8.121780053463057,2.2793855999289065,0.9881141597182889,-2.158067720600007,3.389659285178615,True,False,False,1484
0.47670257771571384,0.46870632633248344,0.482366286164746,0.03758804000681304,0.4944441800801422,1.5571280268205008,2.239264537024977,1.9543082280300779,0.997033421850509,1.2110313535881012,7.217400781346187,True,False,False,1485
0.8452463455258349,0.8433460368514913,0.8449935433486899,0.21160699666119442,0.6509190787939736,2.057436646066552,4.4820097651313455,2.4940508801392665,0.9796303460544055,-0.32729382413188723,4.630120701353563,True,False,False,1486
0.4882312841392844,0.48047810618389897,0.4990294807174206,0.03228802158666181,0.1308914005943495,5.132105480601424,3.264651175808987,2.0072047561316335,0.9132187779874664,2.506068788126849,8.46407637397978,True,False,False,1487
0.1354499815073728,0.12050849588623745,0.12141723023036978,0.8647919686094704,0.2117431948369349,-5.305349034448082,4.1189177177448615,1.85401713941463,0.9713711675459878,-2.587608653363034,3.651747288866847,True,False,False,1488
0.6978896431291625,0.6939225423232964,0.6942603837608472,0.1477817013995351,0.9104839368753407,0.5016093031219462,4.408142647374455,2.012802888138256,0.9707717900788964,-0.7501983243143702,7.080881317720277,True,False,False,1489
0.9733942809194209,0.9730755308543257,0.9731152524328891,0.10564849332205006,0.7699539861151506,-1.3102919334526981,4.423023619397711,2.1898545301693693,0.9315577274623892,0.07071042153283358,7.373848503418521,True,False,False,1490
0.7161522072113543,0.7124628883900797,0.7153957141377761,0.038237972419756405,0.4029013286923864,3.9784646040823004,4.660228191021709,2.0801267060759434,0.9592529725369303,0.7898382439842067,8.5342783289754,True,False,False,1491
0.2772748374139423,0.2646727917662206,0.2615041684709222,0.6609264835897367,0.9891287050797972,0.0630897403470031,4.5754612656817555,2.1334962478823973,0.9788869865825626,-1.9161109835938026,4.12131986082904,True,False,False,1492
0.7996822181714554,0.7971809822373869,0.8006676029270604,0.01803567436542057,0.3348780899420818,5.264421948038739,5.333750403038843,2.1566714877565727,0.9829552024549265,0.44678583823598395,8.395239457894881,True,False,False,1493
0.4586635079190867,0.4502797024306493,0.46429306033377843,0.031840104954938886,0.3810381269441612,5.21979348197841,5.833505527706183,2.2427199004283094,0.9746692954140658,1.372979662078448,7.023393369426999,True,False,False,1494
0.27922931587372407,0.26667269644518876,0.28591106644973013,0.06043504126244953,0.16561053630383354,4.293710677181206,2.9891483335989117,1.620275243734347,0.9327856119356395,2.5452943335119897,6.189451366686063,True,False,False,1495
0.8231321407590111,0.8209436754792161,0.8217006617984527,0.37020824663865154,0.9059543889913809,-0.519573886943363,4.345078815669635,1.7680415255765018,0.999329299739067,-0.361471806166886,4.46896222264897,True,True,False,1496
0.5274038485793285,0.520448961128869,0.5321530288557789,0.10694009189733157,0.9973243044197482,0.01768743182012881,5.211935613817022,2.0723412149749723,0.9955514738428592,1.1007307877673753,4.75659988364858,True,False,False,1497
0.27304948757268105,0.26034963447884774,0.27270992215995477,0.050496508461487455,0.14500614516487587,6.750135981965354,4.459340557910268,1.932172521309931,0.9922223875810361,1.8928781005808695,5.127022667648742,True,False,False,1498
0.6653222584998706,0.660841394779626,0.6659692564164071,0.06373030307974284,0.5276025313116735,2.3872015197373364,3.7164065237857673,2.2892457788283864,0.9519989192500393,0.7823759065084959,5.6849348000210025,True,False,False,1499
0.892936592356282,0.8916390708424113,0.8866244218345659,0.13643506043124856,0.9207384811991581,-0.45418953523163236,4.5100169858345724,2.3070771673926522,0.9933382797013858,-0.22560602826554366,5.520205882311333,True,False,False,1500
0.8533145713969382,0.8515179116769063,0.8466746397773356,0.5149199971743407,0.5867863840694617,1.703730591953548,3.086558980548115,1.936359945434855,0.9904890018014048,-0.3932178862838289,3.397306460890997,True,False,False,1501
0.08021715916772498,0.06602883936333226,0.09074865284862639,0.005749625426380682,0.04043583793958309,4.8754022290227805,2.2321764511803934,1.7090219293314444,0.999329299739067,3.4379330862899655,7.293592097308423,True,True,False,1502
0.9801896799738248,0.9799524229651956,0.9786103043587725,0.25193997040589794,0.21504852830116378,4.550946497482664,3.559803069525711,1.8221111651419506,0.9400074078670292,-0.05772960478115596,5.212013257856958,True,False,False,1503
0.454425775354793,0.44594967678358655,0.4431378737262819,0.5236098480919418,0.47444809477539407,4.4640135056882055,6.1290022695635065,2.2737608803197964,0.9840363513765312,-1.2512011864451487,3.8253820760749173,True,False,False,1504
0.8893307920224247,0.8879884528733423,0.889792484461681,0.11518857719956256,0.7202601874782536,1.508637073424755,4.156446488511188,2.2647860705875473,0.989114902139607,0.2906442605027575,5.960758509227743,True,False,False,1505
0.14895837715380014,0.1340762291459699,0.1644983604552369,0.0032281054584582785,0.04019217080819545,9.094581257004608,4.158296903268576,2.2079557501063882,0.9499683250260599,3.2629785025567015,8.929949295232877,True,False,False,1506
0.39550700061011396,0.3857027018563297,0.402028410204555,0.05089970104220289,0.423969311616991,3.3094007863194403,4.0583895470119,1.9190156170764223,0.9674538132443857,1.6470384413888057,6.134169607956149,True,False,False,1507
0.9311218998271333,0.9302931163244936,0.9299902430494482,0.1444542502030748,0.40528496952746174,4.239767212191001,4.991988524710304,2.3080971218157833,0.999329299739067,-0.13739176981864443,4.925731738484664,True,True,False,1508
0.04398032937016519,0.03211075792161181,0.05709121655539713,0.02212459888782495,0.24783679051362603,3.5486681701315623,2.985401122384095,2.136396103817736,0.999329299739067,4.093338717469811,4.726685693504986,True,True,False,1509
0.24889361041986405,0.2356480875718287,0.24125361089018502,0.582921845627178,0.5072873487866469,-3.46232353322583,5.132385135926225,2.2924561911581955,0.9372386900629999,-2.1023159380776706,4.551311365589887,True,False,False,1510
0.36991262477372444,0.35950932286631254,0.37847214310751115,0.0728100273649978,0.059600271614036984,5.923743034764044,2.9746180970884546,1.6368993566473702,0.9956983523417678,1.693338646020723,5.646454769454623,True,False,False,1511
0.26654199927484123,0.25369269989741405,0.2673066824528198,0.0074490601666821876,0.30693248273910256,5.540403711671999,5.29091986114904,2.0786923158439308,0.9891267194095397,2.2516371247622917,9.2461004894956,True,False,False,1512
0.3673066711622664,0.35684182156104804,0.3709158247823373,0.3156954999832142,0.2956928535938795,4.571261322470424,4.262488575798738,1.9547795210177499,0.9866899930277043,1.5361374822369274,1.5970577751662922,True,False,False,1513
0.47891332924058316,0.47096397158751835,0.47565792529929146,0.25974365097419166,0.4079011396206358,3.8501971220984172,4.5590726190409345,2.2878003010926373,0.999329299739067,-1.1167907229842493,4.807946122194631,True,True,False,1514
0.09262294262181774,0.07807084450514667,0.09809094170300621,0.025311959185443007,0.0766776289706907,5.609420414693248,3.0128082455295226,1.7528135165946153,0.9776584427004761,3.421648264402454,4.842960148087446,True,False,False,1515
0.9312306631895092,0.9304032016757657,0.9323875978863491,0.38126399563670776,0.4289264690559401,2.1700673158828843,2.6903215825991036,1.6826090314248177,0.999329299739067,-0.1397559062145053,4.225387503343563,True,True,False,1516
0.17397156140014894,0.15934213993816151,0.18043060211272327,0.008201295155498181,0.8486134874344329,0.9557155339082116,4.945270389668556,2.340114284998433,0.9538344629000063,2.953564129430039,8.287349479609531,True,False,False,1517
0.6370777523594006,0.6321309445916934,0.6422290594804203,0.061807311117329906,0.77826196460417,1.358855869814868,4.7640669450500726,2.0276359422538595,0.999329299739067,0.8303575389593201,6.8181750924475875,True,True,False,1518
0.46592528295732666,0.4576985348544923,0.4693454931996074,0.20983209321083876,0.7134177648884161,1.5493647555981822,4.1618702730206305,1.739218777613694,0.9098057837190296,1.562826804742774,3.8157092389927354,True,False,False,1519
0.6588214127961555,0.654235032513547,0.6581029727734355,0.39167060266415443,0.41744035272767793,3.2601008779435325,3.941262301729512,2.0351127636272754,0.9407224888769292,-0.8128021282555831,4.379337511986057,True,False,False,1520
0.735342477496567,0.7319375763177955,0.7341668946812242,0.1743091097096364,0.21415734591460597,5.621018222111597,4.387963806481064,2.059359299932147,0.999329299739067,-0.5513555996524424,5.6314695269173,True,True,False,1521
0.11399274766798279,0.09911266616840014,0.12191112296382148,0.018279040829410058,0.29702595631870404,5.224890885019739,4.885793171708632,2.403602715296083,0.9660753155463618,3.127173172259104,6.295997253527826,True,False,False,1522
0.4538223033483444,0.4453330238780665,0.4614624147759217,0.025730448766140748,0.07845576710733225,6.034108402180952,3.2619083669133144,1.7850544187457766,0.999329299739067,1.5240118011102766,8.281943936549773,True,True,False,1523
0.5471033848052514,0.5405336226721691,0.5393611335836458,0.026359587138092052,0.04408221137352904,4.69007696387394,2.1896885384683116,1.7622549692898197,0.9705776274356681,1.3443510069653408,8.520258469048159,True,False,False,1524
0.2923919381686805,0.280143797765886,0.30538476215911703,0.037011396144389266,0.17332851498566862,6.741771205015279,4.783132531984484,2.2587717105390444,0.9931298127188551,1.7118583214107774,5.717196310327953,True,False,False,1525
0.5542965454121332,0.5478646862221606,0.5484547759761844,0.13480657467413226,0.4459774334835074,3.469019939737302,4.466164367866987,2.0285656176338116,0.999329299739067,-0.9423086293173615,6.628607566360024,True,True,False,1526
0.10048925776220687,0.0857782786852527,0.09508676022187562,0.6017317436492683,0.9466607327578203,0.3875897773863871,5.72465922162766,2.1737137960812296,0.9911422847979766,-2.806235481167116,5.616913296330725,True,False,False,1527
0.46045549509713857,0.4521105759096299,0.4609318455235179,0.016830205559251313,0.3598997031299044,3.1906520522488786,3.4087191700739887,2.0043882328275506,0.9832755113541262,1.4865076297221655,8.46563516403326,True,False,False,1528
0.9732880658093142,0.9729680412791263,0.9707031031491417,0.06919168157596532,0.6561586264753373,-1.8575157875671306,4.11282874376278,2.248909407250598,0.9968065783380647,0.0628882929868686,6.938875536871073,True,False,False,1529
0.37504404591489326,0.36476166746259675,0.3831387117348856,0.030066175742114367,0.6246311378609802,-3.4054713218656003,6.85760385435083,2.1973554745786155,0.975107968633956,1.7535640739678575,7.3641809143707775,True,False,False,1530
0.3783800870150137,0.3681761180085914,0.37426644547512405,0.3314836486399189,0.38460648475630504,5.279101849450658,5.945029628209696,2.2130467564857836,0.981835796228246,-1.5748099538007825,5.76888839738024,True,False,False,1531
0.2199048080733399,0.20605039672063913,0.24013148849262989,0.02056808984327047,0.5328268714429177,3.4987497121893334,5.51717615119129,2.3084367808692816,0.9627017083075817,3.1717881376199593,8.539950461764183,True,False,False,1532
0.18899263294221488,0.1745815831630017,0.21111593764705106,0.058569100493449454,0.5347239878381246,2.1676957919151136,3.434276550702364,1.8058644107289383,0.96950315222435,3.0347614691780445,5.506098607336025,True,False,False,1533
0.7710264167057144,0.768131566821432,0.7689358058059432,0.4185463526059322,0.2617138631964335,5.936586162100531,5.147123946888415,2.332529752166675,0.9721979004998546,-0.5131526672299,3.380085808407146,True,False,False,1534
0.6892672691031955,0.6851664965330297,0.6825817165697162,0.07901235392160873,0.4895222130962699,-3.0893090083296624,4.39186114023619,2.4400812329186556,0.9842703193106501,-0.6920680916090252,7.84017201960586,True,False,False,1535
0.48937141228397124,0.48164207445023566,0.487880175354942,0.2305046298456291,0.7827665469809928,1.943265832798799,6.95827736598099,2.1536671551335953,0.9768075495848704,-1.225115523146469,6.381355543626724,True,False,False,1536
0.001807340003922892,0.00035695706506648527,0.0036399347802086707,0.00023386759875676684,0.07919355093266012,10.171586370384397,5.5131553268119555,2.4411986878741527,0.999329299739067,6.819528230454692,8.969116450239873,True,True,False,1537
0.49747377198264614,0.4899128168314284,0.5038196726697519,0.07771630001166681,0.5025898595667504,2.0778990063652323,3.0460334028408194,2.0889830460510495,0.9933151733254271,1.02201341362208,5.079050891426555,True,False,False,1538
0.9805722052214942,0.9803395332685799,0.9797014530347596,0.06094787298115385,0.789708710147233,-1.0842469787475877,4.014023621603322,1.9387772986494551,0.9793672776540173,-0.04728026069780178,8.954205932397059,True,False,False,1539
0.4549339173197396,0.44646891015700885,0.4591352518755319,0.04862075843843713,0.07359071370034115,5.086670514029136,2.7009955542803934,1.6890999974469534,0.9895067785835536,1.364723439903556,6.6755277984436425,True,False,False,1540
0.9598693464359981,0.9593880929574773,0.9592133371152568,0.05711527047749651,0.9614190827317074,-0.2602783763619048,5.316865755760043,2.2866051485282224,0.9979744067737614,-0.0804054972360424,7.151981699063038,True,False,False,1541
0.926778049749047,0.9258964153826458,0.9276024952543006,0.03608114439277134,0.35761286178413076,4.097998011736372,4.35686782518879,2.237207505963303,0.9799395240250721,0.18432734488870395,8.987834186818482,True,False,False,1542
0.3691235328987529,0.3587016035695074,0.3618049891406223,0.6599452572538806,0.6050504126736742,-2.3117275654622085,4.40290028436601,2.1697098983362437,0.999329299739067,-1.2634407116735122,3.148854405488637,True,True,False,1543
0.5572360178538407,0.5508600948344669,0.5588651773391757,0.26233252683836705,0.4140563536247897,2.8759246817346797,3.4512705289748946,1.717190747602163,0.9574015128032971,1.0825095648509908,3.1351991852567944,True,False,False,1544
0.6352464152855982,0.6302687125941218,0.6360502943264048,0.15192505834102574,0.3214517324706491,4.673390278005155,4.602314431198719,2.0807326677877094,0.9439284091397457,0.946653811362598,4.651808100354596,True,False,False,1545
0.6056694753392085,0.6001808393167256,0.6064623427177966,0.29869196675788445,0.13205680695643524,8.481267566937968,5.412370061757643,2.2495663674417,0.9925998983226486,-1.0491271861485982,5.269757388095282,True,False,False,1546
0.08523222953455045,0.07087833476915555,0.07138299093537151,0.6685761148357444,0.2538078349574873,-6.507521486901109,5.5462886547077375,2.1859452773219235,0.9617030434067327,-3.318625850558867,2.8346380518063983,True,False,False,1547
0.1011413339715935,0.0864193465178226,0.11676014158187259,0.03398108497277349,0.4459144211754929,3.9399831364983533,5.07178984786961,2.166635789704339,0.9828945040262329,3.5938405460151914,4.706193125535089,True,False,False,1548
0.8866247370420561,0.8852486908948505,0.8884486271916598,0.36089517817502886,0.9548975449305234,0.22824513417732953,3.9877215898244844,1.9157398024550345,0.9856501620927415,-0.25191206181763004,4.391764861506607,True,False,False,1549
0.8662107916784554,0.8645783016601168,0.8653214318299266,0.04489999897258209,0.19965699272676998,6.932693865995489,5.2352312134188175,2.2761661474150565,0.999329299739067,0.27689235086611674,6.225451041069806,True,True,False,1550
0.5990375321629942,0.5934311736240905,0.5977142556466852,0.024731097466853057,0.6587753262420754,-2.388916990794232,5.332981253874371,2.218225227780985,0.999329299739067,-0.7665954346565051,9.793583259144508,True,True,False,1551
0.2725894380898712,0.25987897070305876,0.2825542038342382,0.0031072934796494882,0.31240739835109516,3.5616574819479148,3.4409681717760305,2.1657527963411485,0.999329299739067,1.7465065020939594,10.030782706501949,True,True,False,1552
0.4323418637818178,0.4233774124233701,0.4251911080185221,0.6146441479757151,0.5300285274605937,3.009530199400822,4.713180907018067,1.9343729556612712,0.9704447168268877,-1.3994383662005592,4.088912858352432,True,False,False,1553
0.3050869240939162,0.29313946916401556,0.2979384093664661,0.8399494456163564,0.8962916973642119,-0.6420722654922176,4.8665838202607965,1.909519095486255,0.918864617093009,-2.1519060993648407,4.331194508705369,True,False,False,1554
0.3317614119766824,0.32045053440113835,0.3394393253116034,0.007612081028471778,0.04756025590615712,6.038142998555917,2.8692410921040143,2.1041066055651685,0.9882186467122133,1.8355452873530869,8.399644908402987,True,False,False,1555
0.6193985694353472,0.6141499303944142,0.6228866457796115,0.24809646817297282,0.5180491048623387,4.210458123492696,6.404466360458817,2.1248618717622967,0.999329299739067,0.7419245419718092,3.156819198473084,True,True,False,1556
0.5471709365660302,0.5406024762551556,0.5385453497769639,0.4521662324489796,0.9459015229487913,0.3618253485507941,5.269001785283504,2.220517594861621,0.999329299739067,-1.0011300568730688,3.9982737395528756,True,True,False,1557
0.686067757828031,0.6819169607264306,0.6900721500030305,0.10181207932722676,0.4948676120669629,4.201622795125198,6.048241220501221,2.469260110601017,0.9818330979231479,0.6730937943381319,4.720989273902083,True,False,False,1558
0.96560807415806,0.9651958304005932,0.9667610626823114,0.4114683325852723,0.7089075715452369,-1.9013531830595263,5.024278718061477,1.866078060224938,0.9410980875395292,-0.08021045669744353,3.7611933018556067,True,False,False,1559
0.8651582834088586,0.8635124610699494,0.8647014719099666,0.38780538886337684,0.8502169479609852,-0.7781147817089317,4.0699553172005505,2.1802134107109423,0.9896682430577722,0.29065058252825526,2.7612392405588944,True,False,False,1560
0.8313537610536529,0.8292731531921749,0.832617782129003,0.08028511939888089,0.0766345134216272,6.516664270185358,3.499535099378691,2.131286566453557,0.9783101121769803,0.37946813208462693,5.840121514220601,True,False,False,1561
0.0636677999105305,0.05024813559623025,0.07493714381713039,0.007475112944338049,0.6367912693179689,1.946317969628674,4.062114183985838,2.0008638150262046,0.9809684401450602,3.9504462337449713,7.831130849286029,True,False,False,1562
0.9094758141767502,0.9083825445688396,0.9089841535420516,0.2096735973626515,0.6503470869756834,1.7125032518128345,3.724021923168189,2.166280624813422,0.999329299739067,0.172821569204201,4.232636719534248,True,True,False,1563
0.56759619033395,0.561415490290897,0.5570468212094396,0.2845582031672992,0.79303458206918,1.1250963819138833,4.233901539386002,2.221025512127419,0.9935755239288898,-1.0105905844415775,5.695008536835157,True,False,False,1564
0.47222574628223624,0.4641341275807267,0.48364777833850736,0.13963023927845017,0.7226577644641854,-2.0582236656643924,5.721933162323598,2.0900300584909948,0.9778644806718004,1.2721560798222438,4.09282568069462,True,False,False,1565
0.6457079322170098,0.6409055814314385,0.6450812633877537,0.20422619795223754,0.6786151477577753,2.3968277360557955,5.7041572145175605,2.1220752046975093,0.9925846754475369,0.7628356861047889,4.042280022755323,True,False,False,1566
0.8538703527840188,0.8520808055727352,0.8522218607970333,0.6188738103133866,0.6290723865653879,-2.604337326371634,5.312767628785697,2.2812036089061083,0.9924818352538133,-0.2861551440236645,2.1685077534671633,True,False,False,1567
0.0776916743205109,0.06359732760744419,0.07781370939313846,0.001395875952668546,0.06425532864378472,7.482806859001298,3.8311425635799914,2.2488085538151648,0.976715560656717,3.4617653025571196,8.948322094560435,True,False,False,1568
0.020240275356959332,0.01200042012895497,0.01417900532203721,0.996730230050949,0.3981122633056014,-3.6246295081325486,4.202078071321695,2.32077378711783,0.9742481762787645,-4.375873602376826,5.5149266406045765,True,False,False,1569
0.17102670772570835,0.1563596373947432,0.17242175118590264,0.8966517203089911,0.861987720123794,-0.5362453697784031,3.0470188949735766,2.204740439021371,0.8825038493115648,-2.636901541398353,3.901523461432471,True,False,False,1570
0.3280125737245701,0.31661209485137337,0.3164880816905346,0.8693785644279368,0.5288226120168094,3.568873137383765,5.572656894825342,2.077635991340738,0.9840474223257504,-1.7063807869231593,3.0254854223107284,True,False,False,1571
0.3743096234369771,0.36400996106208583,0.37781068547345514,0.023386627043979633,0.5763869104196409,2.7268747051017717,4.805003160812762,2.111882171773763,0.9951099107900473,1.6085702701876956,6.504737176482434,True,False,False,1572
0.5743109733766205,0.5682552107036685,0.5796985267137897,0.20630598592076693,0.7787913731718165,-0.992953452136002,3.489806471794588,1.8065805174572032,0.9866809063826605,1.0271575482869015,4.052919262134357,True,False,False,1573
0.5920497212508872,0.5863180453605783,0.5894770825317621,0.2319655581317273,0.23206524380217963,7.164454742008299,5.821742032012911,2.2809140940473456,0.9826692163583709,-0.8852852554123354,5.142082922734598,True,False,False,1574
0.048123495546578174,0.035851488572869045,0.04048832661338219,0.8250512227004404,0.7571967130739933,-1.1815225724310086,3.7720769664944975,1.8802718421838531,0.999329299739067,-3.4282903116056804,6.463330341862037,True,True,False,1575
0.9690499270179013,0.9686790294227885,0.9693933190085968,0.3492645998177837,0.3105511546371079,5.545820732413589,5.336868317728055,2.0307182520774334,0.9776997052618844,0.06364587236733188,3.474506641619292,True,False,False,1576
0.9994366152747083,0.9994298707882734,0.9986279477622111,0.3947093555023719,0.6153671847871849,-2.130961931803231,4.178323117533683,2.0341813051472193,0.9974239447285019,0.002565185764673128,2.9424031343620323,True,False,False,1577
0.2809394650318569,0.2684226822999265,0.2740940221872082,0.34666957672054877,0.684052319766716,1.639854408428852,3.9740493098688936,1.9107876204264,0.9706676839021183,-2.014016313175391,7.119208290676405,True,False,False,1578
0.8508368512556257,0.8490084409745999,0.8518561608277424,0.1342085878123639,0.44915644284809925,4.370997366595599,5.667496149794249,1.9903432710171365,0.999329299739067,0.27703963860166514,5.201358708015624,True,True,False,1579
0.09138911549402774,0.07686660285782293,0.0970721731866158,0.028822441606476085,0.06565745362013337,11.442113642897096,5.891603335307257,2.2519865935934096,0.9862798070310113,2.985508541243035,4.714416907848675,True,False,False,1580
0.8418635992264542,0.8399196069301231,0.8403816132188152,0.09437140119181645,0.24243838786009775,6.34035828330752,5.271313249550302,1.916068681348846,0.9872581136936777,0.3544247524173798,6.122599062624907,True,False,False,1581
0.6476254983858417,0.6428549926092817,0.650010208017623,0.1257410442050599,0.5472239281228882,2.2042759823397526,3.6028145287055775,1.7406851742508858,0.9860735227171896,0.8547747722250172,5.633990652621296,True,False,False,1582
0.7149628945053759,0.7112557012266947,0.7119680106563424,0.43369573974023956,0.27320647926354213,3.896761552939128,3.4632156473878064,1.9259559195822078,0.9936306454113932,-0.6324482687512059,3.998755006305565,True,False,False,1583
0.7320459258770614,0.7285926926940354,0.7372515522304828,0.0398173256299942,0.3547327570921944,3.1868805069276545,3.3675474566743993,2.0855903485622664,0.9386309347393776,0.7661026622511908,9.25583608040477,True,False,False,1584
0.5208425281163654,0.5137569360071479,0.5133795336241798,0.3247385938790598,0.5854727912047265,-3.1232749963167366,5.638321624867206,1.9363622723260434,0.9884272281862555,-1.016056477654022,5.200839963239718,True,False,False,1585
0.04861483767678845,0.036298223043350335,0.044205244340600594,0.8542925427280141,0.5231915341087728,-2.393286969731278,3.6860231325381423,2.307751153021183,0.983628887965751,-3.3973513952001713,4.865314061651278,True,False,False,1586
0.8814262334236281,0.8799852533873276,0.8807816764710692,0.14029839623021845,0.1034642309113586,7.0042162018064635,4.114642806455621,2.181288249241023,0.9665386649450914,0.287203355199555,4.973981558315754,True,False,False,1587
0.43024684414898184,0.42123544123542744,0.42359893152087846,0.6133930428134948,0.4789998681502021,4.190214631056745,5.813542436863095,2.288613576750973,0.9546057825811363,-1.368691189536337,3.4077394331104314,True,False,False,1588
0.20554842076860325,0.1914205001569471,0.20092649357444783,0.8686177410037667,0.8526963678017069,-0.9033321158943136,4.805451780935354,1.9166550812489973,0.9890225579620892,-2.0089228427659505,2.584386178979094,True,False,False,1589
0.4964889121665559,0.48890758715700866,0.4955979249272958,0.0969060136811672,0.8863051946862378,0.7438371970614815,5.139531791540048,2.363381540387752,0.9474176656665928,-1.3607642961088837,7.891928510523444,True,False,False,1590
0.7254396241513789,0.7218888832661208,0.7235241799461346,0.6363136330655889,0.28472319130124185,3.74637120345609,3.4126385376402903,1.8544700206146107,0.9598251988617014,-0.6529719580029028,2.9685699105174708,True,False,False,1591
0.09707630982797695,0.08242818803994294,0.10803103747126765,0.013052878786764284,0.16495212929370454,4.789774177977568,3.3290575137052203,2.1856602369733276,0.999329299739067,2.804316441990009,5.476857496448556,True,True,False,1592
0.18322018670649284,0.16872034572641614,0.19752996100894482,0.03643114064006184,0.44042055483906173,3.0176935163817133,3.837376691892524,2.1395708247518375,0.9894120930627304,2.418679312511344,5.144419765627098,True,False,False,1593
0.5694022370721702,0.5632552637081508,0.5758177969355104,0.18553508533883464,0.8420384623195296,0.7391232648628828,3.66320157778348,1.5255572199775052,0.9239812893884242,1.3340732907825217,5.755082513655354,True,False,False,1594
0.2887532749684239,0.2764194622790913,0.29014408283868987,0.004440922285823679,0.8265876081282312,1.7790352578922999,8.019737387745883,2.192485035263342,0.9932811993921715,2.400231280344757,10.481916202212545,True,False,False,1595
0.42617280297683074,0.41706979899029717,0.4308382647201076,0.060353876244852195,0.48665078481277,2.756755757742871,3.8930077211057665,2.022885534353661,0.9921891293425021,1.375319123700458,5.251646084488895,True,False,False,1596
0.055908088560434055,0.04299804006759664,0.04704494798971527,0.7539110742586439,0.7074442539319868,-1.6257350490501907,4.273370892823268,2.0028299580042837,0.9349482427776964,-3.6260072778059182,4.398686566026771,True,False,False,1597
0.1528471027796836,0.13799322989313353,0.1651805026516999,0.04012302878160474,0.7378916292815348,2.4122573163964955,7.113414066180956,2.2181575190301093,0.9891813908478766,2.8106192360773274,5.660080064432536,True,False,False,1598
0.9964230791344608,0.9963802579183032,0.9942892783531189,0.5187673990613064,0.9408968607945022,0.4154088486378213,5.536181172127624,2.1465100709448515,0.934372500438369,-0.01358439474825035,2.4908757542744517,True,False,False,1599
0.14153659537630842,0.12661389214043173,0.13648329075077983,0.012431084590227483,0.22502557084082025,6.2751597358465565,5.019845143496079,2.110629614537536,0.9678943927892932,2.740613425175491,6.453248284836102,True,False,False,1600
0.01564364900084792,0.008533040723190959,0.024005234403979555,0.0016209497546382224,0.5147748967928737,-5.290901980716759,7.984696608677571,2.397389452508447,0.999329299739067,5.620840064875695,11.631250834966082,True,True,False,1601
0.6525647979408253,0.6478759009005817,0.6557905101849291,0.10052147156823234,0.6298201297365112,1.7597196953484864,3.597659844762529,2.0360148260926314,0.9787395879698602,0.7873372757495547,5.4819832381093665,True,False,False,1602
0.720500373759821,0.7168761546397766,0.7291717793440752,0.2552042370905873,0.8613473450347728,-0.5775741251809948,3.266531803917572,2.1079776375156776,0.9726278481294897,0.5995923035139512,3.636513672690815,True,False,False,1603
0.7135692077479017,0.709841030800828,0.7160056690197297,0.15911978141310454,0.19410801685400322,7.525688709067532,5.61018988670241,2.149332960436753,0.9959060739656812,0.6302456557576761,4.797632783209819,True,False,False,1604
0.7952287442111128,0.7926671950008339,0.7917737716347754,0.3711826732640346,0.798236704427196,-1.1827585551579862,4.568479869608497,2.2599391240263222,0.9981697621065426,-0.3847371402728359,3.434838062246482,True,False,False,1605
0.6055792433647944,0.6000890135272021,0.6077759359895245,0.26734650619663863,0.9485162365411147,0.35766524917901477,5.473367523366614,2.340917504528556,0.999329299739067,0.692864595879013,2.712806529569749,True,True,False,1606
0.8785086499806425,0.8770311194479228,0.8780871772675497,0.3633081863692793,0.752311051256836,1.2444799551753685,3.891940380330761,2.135702989027283,0.975549937319074,-0.24341301117440128,3.325500931285353,True,False,False,1607
0.6075140703947761,0.6020579689891216,0.6117244979118054,0.16019916003333035,0.6794405535231641,1.1862158265913099,2.8307799229142936,1.7240548136800486,0.9836855946782695,1.0102605227831258,5.380593983671629,True,False,False,1608
0.014181008701672564,0.007478621348769358,0.011243321956549415,0.7826956651662503,0.6785286514272383,-2.459284333661574,5.851121235609312,2.1847165925852527,0.999329299739067,-3.676476814933728,4.065947755396072,True,True,False,1609
0.9261388182841811,0.9252493976372768,0.9260523384840315,0.4535761464394502,0.5956495601972743,-2.69524305320527,5.001738627714155,2.2918016641117127,0.9801752866250412,0.15679309542263642,2.4862855597911793,True,False,False,1610
0.018451207137698072,0.010625853299287362,0.013224957298662326,0.5060478512892045,0.4102583571064125,-3.238858365799622,3.8548466575532316,2.3047423696752247,0.9746506211319793,-3.836481877478748,2.778709801092287,True,False,False,1611
0.655009611984674,0.6503608874873392,0.6491642979687529,0.1382729037028394,0.392781131769955,4.841571009502851,5.548820774241006,2.659109259152472,0.9646754365898009,-0.8847417643063507,6.429212508583564,True,False,False,1612
0.017978568340680196,0.010267762277403385,0.023364777940006153,0.0016154630437327719,0.12668596252357628,9.845443721909222,6.190524281484287,2.1745192927061585,0.9804985367692515,5.906537672809671,10.398405636507235,True,False,False,1613
0.8914039649477111,0.8900874072322602,0.8906021158402997,0.4498846634722944,0.7771583030593695,-0.815403471368692,2.8441877514610545,1.6212266300304594,0.9952042112156062,-0.23929475082622798,4.400811517607865,True,False,False,1614
0.4800336467461583,0.47210800204498515,0.4738621987647746,0.5802190150030987,0.39926189193980566,5.278293438649761,6.13438565157074,2.165810606197203,0.9955285046236533,-1.0833408847549593,3.397243428762109,True,False,False,1615
0.0911202517168909,0.07660436480802765,0.09835276118588197,0.04583932527545628,0.19778613815656712,5.357474898823107,4.028198232661532,2.007517834542112,0.9786420535017527,3.4818008981714788,3.8472766268112233,True,False,False,1616
0.11129088893084836,0.09643536119549756,0.10058214670915482,0.6910658303097307,0.9492678679357379,0.374020650468728,5.808580473956686,2.4520282285368524,0.9715476403715768,-2.728417362107285,1.9163777700964046,True,False,False,1617
0.1611042339697384,0.14632478121851583,0.1486552259888885,0.9575207933225929,0.15240903417615034,-4.29585488917597,2.892889852603937,1.6748000075826905,0.9737724876408383,-2.7607291056139616,5.751728193096698,True,False,False,1618
0.46373078070800783,0.45545671702782076,0.47885340367533863,0.25032627210031955,0.7977609717214397,-1.519681075358114,5.855729058504993,2.6766867825879155,0.99225949277741,1.0895625615531057,2.5348975143395656,True,False,False,1619
0.7726963505362785,0.7698248099356836,0.7713168264557433,0.028909621663052547,0.22313764898586397,6.122250805731272,4.876885067181556,2.425757832980612,0.9605539559511856,0.602908278161161,8.669977548424843,True,False,False,1620
0.11124378272361267,0.0963887215224018,0.11768625496990281,0.011698730856774094,0.47237199315834966,3.1514625568321954,4.306384412295122,2.294292433852575,0.9903871785437643,2.7595497611848607,6.113083946098588,True,False,False,1621
0.8391742160926663,0.837195395486469,0.8380315631922077,0.17359375290853815,0.40959940680709056,5.308329206027961,6.308870835848082,2.1482092311057874,0.9954628738953905,-0.37239881995660085,6.051653666881102,True,False,False,1622
0.4731107630460014,0.4650380403309089,0.46832635762254926,0.009890567524278231,0.5132885468025309,4.58288859121758,6.89156955017979,2.322237588245513,0.9906372527898569,1.3748758369723282,8.607409806752287,True,False,False,1623
0.9066988695282798,0.9055714488081629,0.903127460311249,0.09980376833965171,0.40342629314305484,3.725125681941721,4.36843275515977,2.058884558008474,0.9641881097960995,0.2578698003554898,6.652607527980109,True,False,False,1624
0.4310758337810625,0.42208302190194846,0.43550451338929286,0.24775633845865438,0.26128764671902965,5.480053553006995,4.746927120897331,2.6762230081581833,0.95658083932234,-1.389678254084978,5.082898045808166,True,False,False,1625
0.1570340948276199,0.14221562174029534,0.14294654109788119,0.4494551108883577,0.9721756563215983,-0.1756990672491267,4.977621806994228,2.2359836208606945,0.9880395796653145,-2.5739338061266386,6.167977525695061,True,False,False,1626
0.41042748107584276,0.40096689632715976,0.4231939530399661,0.11903909512689084,0.07943652040767661,8.875690724134778,4.814952281321887,1.9590497146895722,0.9936793487264827,1.5738190678000583,4.8446035315095575,True,False,False,1627
0.6307571277071458,0.6257033298778174,0.6362484959908529,0.17094586933307232,0.06703883032476432,8.753284853632017,4.532038811538853,2.033857954710262,0.999329299739067,0.9381124741034221,4.2528505117756925,True,True,False,1628
0.7635180605653888,0.7605178108582134,0.7594107008794985,0.23346035280454724,0.6581770262119353,2.5270906451392805,5.630845294933949,2.393308706936004,0.9688359181693577,-0.5884101979255494,5.407414201003016,True,False,False,1629
0.13514010167944487,0.12019803678271514,0.12252099528870274,0.7052764583814036,0.7735919860405714,-2.0020347025249716,6.8700155116176305,2.1434244979573376,0.980356565031333,-2.554178752512878,2.0454551154515697,True,False,False,1630
0.8294979580981172,0.8273930818408449,0.8301589138219576,0.012566266983763733,0.26081833638249013,7.281921671820203,6.301342552845809,2.3854197591694892,0.9912892397963236,0.37705160887949773,8.878617995550107,True,False,False,1631
0.2484912971684927,0.23523692617427108,0.2412305508716275,0.7302118381015773,0.9452711885504308,-0.31229205925436804,4.49521979830519,2.1574681598985896,0.9068989737944585,-2.184139385065908,1.7863986417335482,True,False,False,1632
0.43650139777652486,0.42762985308312773,0.42675168464962615,0.33844400338613984,0.8208969911894526,-0.7976112374934233,3.4793068368237003,1.9769918031166602,0.9649693396485353,-1.4821496500394318,5.941144582733227,True,False,False,1633
0.4752791473127746,0.46725263228159597,0.48054420833137906,0.03248608555634434,0.044283481409070506,7.107657818521643,3.321873561311345,1.7001105824797593,0.999329299739067,1.3561342625337938,7.5593527713687525,True,True,False,1634
0.73431184387652,0.7308918551686908,0.7367489429879076,0.04895770480638155,0.5990990999960583,2.4292269585239015,4.55099016823714,2.367690501193132,0.999329299739067,0.5250306136204568,6.223654071317235,True,True,False,1635
0.09396170946879644,0.07937900393766219,0.10558511806738592,0.008974053177495238,0.1446104715091381,8.294636259769499,5.474007442042658,1.9874277736513584,0.9976006513955492,3.038650836936645,7.546118808589244,True,False,False,1636
0.8343378249794007,0.8322961471435344,0.834736598722865,0.10708997272192942,0.8749770127021838,0.8414065966990257,5.282851360455017,2.1801322451879543,0.999329299739067,-0.3444646942421148,6.374382216528339,True,True,False,1637
0.29758835110321535,0.28546299059578883,0.28371244090838,0.43835155417102206,0.924419264065679,-0.36099295171505796,3.759766982192302,2.1052735406404466,0.990512480967864,-1.7901645543455125,5.166521886045562,True,False,False,1638
0.9745215842825028,0.9742163592090841,0.9724938636223358,0.07278472230422019,0.5395698527177946,3.084456035580705,4.945771999827048,2.1830668982267105,0.999329299739067,0.05167900181587104,6.296879740016317,True,True,False,1639
0.3841188144392914,0.37404932032192784,0.39422362472341466,0.12152514601118278,0.4796048129592389,4.297185027529618,5.9702665206841035,2.2286692564282706,0.9978737715079251,1.22051595211361,3.6346751537625437,True,False,False,1640
0.44822299522956405,0.4396109701071075,0.4423622323602424,0.3460001551815771,0.7961616279006642,-1.3170034481479855,5.033989930060576,1.9760920129958566,0.9896111288230176,-1.1435236960974047,4.954217623163874,True,False,False,1641
0.49360974983241207,0.48596872025631943,0.4975022473850544,0.15206163744148155,0.8691716271704658,0.7549679704602232,4.527882922614516,2.0165485543436934,0.9822345104765371,1.2601192658664937,4.102017992660436,True,False,False,1642
0.3065727308780101,0.2946606109221177,0.3043476681106391,0.015127745170917827,0.22424769077933726,5.693877784617917,4.546931961371886,1.961769342804706,0.952098776688943,2.3451760731012268,8.792459649015829,True,False,False,1643
0.9339774243373812,0.9331833283650118,0.9313627703206631,0.5736539361852154,0.9090661648400139,0.4704300055822213,4.069388114431012,2.04618649651846,0.999329299739067,-0.1255322762447555,2.0476282354180952,True,True,False,1644
0.8021542294613938,0.7996863417277377,0.802665143008146,0.1288488559618207,0.0743620033215098,7.097357407060323,3.779536395866438,1.9679559741063921,0.9844321594294951,0.45591709190707164,5.126517683055898,True,False,False,1645
0.2801245017621926,0.26758872492736496,0.29552553493254075,0.0223617848465815,0.24409175093022376,5.479563004788088,4.572202045725858,2.0059447895718816,0.9989857622932387,1.8853742581376043,7.669045994471678,True,False,False,1646
0.4462574835492589,0.4376021815667309,0.45479060545270145,0.20524531939749865,0.9667473168322269,0.24328598504315818,5.766699105999744,2.256228616339312,0.9947475551720397,1.2431616706426296,3.1924444081351435,True,False,False,1647
0.2824526620339924,0.2699711943623604,0.27802338104041113,0.3695495481715345,0.9201658254382418,0.6158704826255483,6.071455562126793,2.2941802034888483,0.9889246052298404,-1.5474162709527182,4.597689934848625,True,False,False,1648
0.1677115625378995,0.15300437722991433,0.16857776081035108,0.19487341995580673,0.6294727221508496,2.346681894765371,4.792783936449693,2.066115011719395,0.9812864163187841,-2.5242137188595803,8.83241792264244,True,False,False,1649
0.36000033634810585,0.34936247693787614,0.37236595569767744,0.03435227004650641,0.6627198485844261,1.7288476282619127,3.9078478654398143,1.9336070261941163,0.9978897347863465,1.6446318154542379,6.7123431792861865,True,False,False,1650
0.03044469719214464,0.020297921017151336,0.024021987665716067,0.7135044628439555,0.20201133517765035,-7.397025859184573,5.616332003228505,2.2844070530094833,0.999329299739067,-3.6688414700063783,5.926149111801443,True,True,False,1651
0.45287892369680166,0.44436902028377023,0.44958054668986935,0.3394194793075619,0.9996892585707746,0.0018140582771499288,4.602819049927057,2.099202281635094,0.9638444476987302,-1.4197470940565138,5.743693849933868,True,False,False,1652
0.08515560182768894,0.0708040377634683,0.09633175822528588,0.014197244897459554,0.12769459825450938,6.027224032765226,3.800385575580745,1.84200497992029,0.9883611363722896,3.8880438914223703,7.002743736292407,True,False,False,1653
0.12961698152996118,0.11467114928398654,0.14925233626839998,0.03975459639667318,0.9484564840627075,0.47890133445555205,7.320140317204684,2.4233424960113856,0.9556194089604881,3.1080494007410064,5.064263296708436,True,False,False,1654
0.7585682221948041,0.7554979444141496,0.7578863816122873,0.4474124539430929,0.5300072353767524,-2.1900555874563894,3.4296345736849574,1.7462407404500175,0.9899119239591582,-0.5230166501140285,4.623017039948777,True,False,False,1655
0.6912809669304065,0.6872115605938092,0.688354629876049,0.0839298612405536,0.9651279684988677,0.19729530789175206,4.459261419307333,2.098849630741883,0.9948067476841768,-0.6252662808584573,7.3251777091465975,True,False,False,1656
0.5723558997224392,0.5662638891247507,0.564259029961361,0.010567425690661339,0.8061059188257614,1.271733765238933,5.116139438406669,2.476591034673519,0.996309605063965,-0.8887744001414504,9.282741515193049,True,False,False,1657
0.2828079246581224,0.27033475683770125,0.29484389449331244,0.04291106988327577,0.09527658270243618,6.353323591893462,3.6370404092259276,2.0905916002792617,0.9716449560953713,2.2752290865411764,5.938621047466842,True,False,False,1658
0.5786448261045491,0.5726690389964846,0.5808411400523845,0.015722628288004574,0.07141296489626474,5.960254115130441,3.1389032455054244,2.1601917619611077,0.999329299739067,1.0362184762982656,8.343596675283194,True,True,False,1659
0.06343024966695031,0.05002456709830789,0.046575122993575455,0.121025477227781,0.08724375351268315,-8.48160761835221,4.728054164914199,2.0929705161876355,0.994031321508842,-3.052420095074904,-1.1966955992008752,True,False,False,1660
0.21283743868947547,0.198845552129455,0.22597865997086578,0.03753279711409037,0.697488297983383,2.125963584890486,5.394622139856265,2.3358706860592346,0.9847560197383718,2.1251454029112162,5.202137664913682,True,False,False,1661
0.017462807174377114,0.009879555979260922,0.009765704604712657,0.29846964172912854,0.35903575409931915,-3.35851977840507,3.581481691352912,2.08508943630019,0.9971714840181969,-4.028754751221598,2.1777067090370386,True,False,False,1662
0.20928181999622109,0.19522280119636276,0.2185715528297796,0.011695768501745859,0.1354176262337134,5.954859849762717,3.8349707515970697,2.0764147716815136,0.973057315823255,2.559318633702712,7.821575053255714,True,False,False,1663
0.47158274887175267,0.4634773882893509,0.46386683288395103,0.32385964115480903,0.8362940438673975,-1.2271672770573687,5.865487221057594,2.099807044774331,0.9819380440146226,-1.295469182556852,5.595873461037247,True,False,False,1664
0.36421853201074395,0.35368063436669217,0.36776794891145365,0.004562835950817287,0.14513020259856718,7.382596958157055,4.878746832236841,2.456560667166007,0.9846793268632584,1.8138821055054812,9.324895444709739,True,False,False,1665
0.8912143127854738,0.8898953981097506,0.891310699086685,0.19176812220163514,0.8306128607548147,-1.1079460839417166,5.115246468172825,2.010314229002749,0.9700874317633061,-0.24580737800360364,5.634919730682995,True,False,False,1666
0.5176312911947566,0.510481286967682,0.5244921175289913,0.08159138519993928,0.6527128339436088,-1.9304884855932427,4.228837644893783,2.641111925208431,0.9711328174878371,1.2383172530233324,5.903180749396824,True,False,False,1667
0.6235429160423313,0.6183657540166291,0.6213204414863415,0.22537549462855758,0.4885797332259555,3.8434234910703644,5.451957901098626,2.306745769823197,0.9617055293829646,-1.0302617014131492,5.922034529577452,True,False,False,1668
0.9418328158951279,0.941133934007484,0.941180967083948,0.17384493718977811,0.821225988944505,1.2986246602122644,5.675424826780902,2.562380636146834,0.9467998318445814,-0.12746538322674716,4.56129602933648,True,False,False,1669
0.7947195656091646,0.7921511011686737,0.7966458699881057,0.07244327192513357,0.3777360758937397,3.6446659197667106,4.044531895107486,2.027677732268802,0.9950684297731228,0.45450739205175683,6.55563088259259,True,False,False,1670
0.878055771557259,0.8765725604348578,0.8775882126576533,0.06602843399499246,0.6009315622481538,1.5928281000685576,2.99918856292713,1.799274053031333,0.999329299739067,0.23358646491672008,7.368956664222885,True,True,False,1671
0.24527172449851295,0.2319468855787127,0.25482203603807846,0.02278732415211195,0.1640812076827713,6.747264426199166,4.679453822754506,2.16244104328487,0.9973571855649277,2.3354847748239758,6.853691980684612,True,False,False,1672
0.9049094281232544,0.9037599713849579,0.9049323611189493,0.10181360607059466,0.8883256285910884,0.6435585424157182,4.527693100819085,2.5191801367632154,0.999329299739067,-0.17842619173135343,6.043124016791735,True,True,False,1673
0.008958527673988382,0.003975096546969389,0.014810871302206442,0.005446215900734917,0.13877921109572422,9.921209962772382,6.44725068285327,2.0415560016709793,0.9977605281197538,4.8260946251269115,6.399739183426939,True,False,False,1674
0.43647318099499327,0.42760100747004226,0.44883449985208684,0.09910091485887662,0.19105209571044862,4.994470990010598,3.696687192400755,1.8451075748094807,0.9955831921929136,1.3017190485169996,5.009785686708225,True,False,False,1675
0.9198813231246724,0.9189155555741697,0.919766062324063,0.1730307153936982,0.3170687149271846,5.110895796676136,4.986689178614845,2.136213992990084,0.9787101636820782,0.17109171126959932,4.550035436701275,True,False,False,1676
0.937912142679905,0.9371657759203756,0.9380968806164826,0.3382777595615138,0.15782633700106027,-4.548120465116837,3.10525070540336,2.2585911261309026,0.9945827329493249,-0.12634269631594197,3.7247645850887374,True,False,False,1677
0.4651050455421046,0.456860627308888,0.45710647785956515,0.6296574577065441,0.42045973733121633,-3.242354180083382,3.945740973494576,1.8169928479736248,0.999329299739067,-1.2648310764983903,4.259713695150464,True,True,False,1678
0.07739841242546187,0.06331546522545682,0.08205972916449286,0.0005200704893819294,0.16849596761293867,5.7146945295705756,4.006815314978149,2.517730718992272,0.999329299739067,2.766069366764686,9.426726809436927,True,True,False,1679
0.4664529314797934,0.4582375408841619,0.47315912376770863,0.09959262963866296,0.4824647617894608,3.0882161409370705,4.319001715403043,1.9596082040928486,0.9722487181987858,1.344446924654516,5.168729372847085,True,False,False,1680
0.09632294820718998,0.08168992502517423,0.09059781260458416,0.0012773137124689519,0.0027672066288131013,11.659142204003313,3.4400695237572916,2.1727453832734884,0.9699143624011473,4.778652287207883,11.301715842250418,True,False,False,1681
0.3043632334128544,0.29239857691985127,0.29191644405455475,0.47153746007131403,0.464852847864685,4.934574002488493,6.628463835006315,2.183688711000901,0.9885539808510623,-1.926431683785145,5.308023255553531,True,False,False,1682
0.440259925648733,0.4314719680431385,0.4509995156771843,0.144519398844944,0.8291160854611587,0.8269088441920412,3.783738570395063,1.8946346922476631,0.9392207397416822,1.4397523094286653,4.018398737689479,True,False,False,1683
0.13447911006440297,0.11953593653974766,0.12506534801228492,0.9289726100687462,0.880538886388841,-0.5141969511296647,3.380051378434195,2.0041501889527673,0.999329299739067,-2.283630474448528,3.1042528907006344,True,True,False,1684
0.9168732418509052,0.9158706879870966,0.9055982023939951,0.13889621581658104,0.4682579147640283,2.4193392508250433,3.2750735549851693,1.9300738136907487,0.9937229481126783,0.1881954859715993,5.507563869961857,True,False,False,1685
0.9718763511977969,0.971539385383201,0.9701595140697562,0.21029929536548767,0.5064457927211339,3.2907827067678572,4.868345172493183,2.3975328686823136,0.9887094069897457,0.06721667547609389,4.55312767195027,True,False,False,1686
0.8783545991693131,0.876875136546511,0.8787645710900985,0.10801846816590845,0.7017656615799955,1.5526596697553585,3.9995004367922378,1.9542509921714022,0.9752633391610843,0.31880567773461355,6.917276225733579,True,False,False,1687
0.16253331126547585,0.14776858096420883,0.1509288578754428,0.8786824655207289,0.6908669779221268,-2.0899727362181904,5.183289904127269,2.118119000640565,0.9887032100295824,-2.3197769312524263,2.7162880409731045,True,False,False,1688
0.7689500446553917,0.7660261454800796,0.7680325723698612,0.0915411209442306,0.9444255984015031,-0.30276334841015745,4.2916382235529875,2.3642743542972293,0.9826472725316286,-0.5200422938706488,6.738543315720633,True,False,False,1689
0.9640199772631327,0.9635886456236898,0.9631116506487726,0.1778929762414129,0.6543728070291387,2.584882497804955,5.691567283642562,2.2346520111952195,0.9914128634346283,0.07798418926394657,4.834459246814612,True,False,False,1690
0.8895712543948141,0.8882319074374768,0.8890185455113586,0.3467544440111157,0.6671069485648828,1.8022551431170626,4.131237631792982,1.7761274723920888,0.9968949046922287,-0.2226720088907026,4.1583207097137915,True,False,False,1691
0.6759333135059565,0.6716225242399767,0.6765240209342732,0.20131079503042246,0.2584301683754962,6.487571420322037,5.585017951136391,2.06839605693158,0.9602431287791682,-0.8688440602938359,6.4899719618555896,True,False,False,1692
0.2796954617326217,0.26714969276254896,0.2815438552309959,0.06892796699643496,0.29993878703813387,4.634026624041038,4.360173579030956,1.7705413426677519,0.9992951581506789,1.936423992358069,4.892942857323965,True,False,False,1693
0.5343741870284895,0.5275568207975997,0.5253070807178056,0.5873258741579709,0.9679069081926919,-0.24583788635287104,6.037865033535681,2.2280459724347,0.963971805919213,-1.1649750345720373,3.578439376980068,True,False,False,1694
0.3443416454407985,0.33333120410826644,0.3548706400090375,0.04854963390956632,0.19462859176503086,3.9961780861522094,2.9826614815584946,1.8567177624414675,0.999329299739067,1.6260473339740722,5.443098437454852,True,True,False,1695
0.3099528273459693,0.2981211760666558,0.32060383521382213,0.06443253111892684,0.3929952216724276,3.422263769357983,3.9239895743288526,2.055665413073004,0.8999099201395542,2.2443605241227877,4.904894855035278,True,False,False,1696
0.6901091201031678,0.6860214716241222,0.6935161082023198,0.10301605551032693,0.7964162964110578,1.2630553246954304,4.833968967573811,2.2644270175502963,0.9979543634550475,0.6424126871997347,4.910077457438362,True,False,False,1697
0.4295473764809322,0.4205202745095754,0.4170390935542834,0.39547713608482754,0.5937125717752957,-1.61881868296021,2.988289515629167,1.8522073436264592,0.9859008257819177,-1.5059109960559232,6.28363136372905,True,False,False,1698
0.5962492511137978,0.5905930462320029,0.59894137428672,0.10248689390433209,0.5305282612738571,2.75692615187456,4.322881821577107,2.209473904727399,0.9686244243903441,0.8632726178000762,4.458487089200625,True,False,False,1699
0.06545883014401499,0.05193677201292289,0.08258126133930885,0.07916000491537593,0.5691346644399065,3.578090747323437,6.186006786985323,2.0817330985339693,0.973664814699349,3.5770300383611993,2.7315940299992247,True,False,False,1700
0.13402836074319607,0.1190845311926108,0.14554489586735883,0.503463554416628,0.913812040757003,0.42357583062109444,3.866761693313352,2.285556516200995,0.9428173501718151,-2.5034624965824483,1.0591746274253218,True,False,False,1701
0.6349643435220826,0.6299818746908656,0.6408010034550288,0.18394493705799353,0.9468601004130112,0.21710845804554912,3.218718375324197,1.8320537845167837,0.8745772059739639,1.1285156845198436,4.706495563322623,True,False,False,1702
0.007739205282417377,0.003233124907469119,0.006705385150106403,0.0017730210616376998,0.010471910139757432,6.0305726463647895,2.1454709233499,1.5080177696447223,0.999329299739067,6.62065493244495,8.335715499054604,True,True,False,1703
0.7199239449623177,0.7162911181409892,0.7197989879493323,0.16656585673179394,0.7322029819054017,-2.58280068748488,7.447821703589534,2.5262425480411483,0.999329299739067,-0.5076564768213876,5.7523989569424465,True,True,False,1704
0.105634367760151,0.09084478685721416,0.11017555260650899,0.5656429700196569,0.6729660252869814,1.7639582951150257,4.120826874260639,2.4099036577543345,0.9775608907667712,-2.8539676840974844,5.240860563442979,True,False,False,1705
0.08134966887532062,0.06712157902131662,0.08129173758685328,0.03723786480809115,0.35050222489801286,5.0247321642727405,5.262163323370798,1.9073676285732835,0.992473403907602,3.5467198385114007,4.45440997780924,True,False,False,1706
0.8650778307223985,0.8634309888036629,0.8641821540326516,0.036718631545643886,0.5962731042874038,-3.8847233594783996,7.221458488947146,2.2100069789005508,0.9841735823387254,0.3147708951375314,8.499931509879882,True,False,False,1707
0.42726124506914237,0.4181827518806037,0.43252900019521034,0.13849047458026886,0.04824593501468398,10.068489335394206,4.800580464549356,1.9469455075890174,0.999329299739067,1.3202494041733632,4.193698184548748,True,True,False,1708
0.2441690209117646,0.23082019037345963,0.2556488103668845,0.0059117344294497545,0.04852921239979928,8.270307252841194,3.9486860985573813,2.092337670349315,0.9372237675268456,3.2645425687286096,11.12434628181133,True,False,False,1709
0.4338378347848375,0.42490684533939416,0.42328212176960467,0.07530113879043392,0.5328563185099553,2.383401883671009,3.75865760620525,2.204773944156176,0.9894678691085768,-1.5903248879148197,8.837948815928922,True,False,False,1710
0.2193556858273007,0.2054904111365054,0.24403901886086246,0.020415520666885248,0.8823130701768811,0.6710869479264965,4.478399872664681,2.3754367841368365,0.9581371596502972,2.4654637963510586,7.713386768213542,True,False,False,1711
0.7852147877072319,0.7825164889510895,0.7831293630683834,0.20680075376927123,0.7905757045054362,1.3292194174376384,4.941840528143404,2.0178167744866253,0.9285839864073276,0.6502490589886349,5.133177867680677,True,False,False,1712
0.14996905628860902,0.1350938138514445,0.14058924341447343,0.8693210912193141,0.678138751972615,-1.9526462406724212,4.63974299536971,1.9878532969176306,0.999329299739067,-2.149916602335397,3.8330678047344033,True,True,False,1713
0.005203547755507208,0.001821321438726274,0.008787982017015701,0.0017672400803710564,0.29632518404782493,5.594057008097987,5.223214640279012,2.1251741886104396,0.9876914981336948,6.770786833158068,8.688474138211834,True,False,False,1714
0.5531259103998907,0.5466717074262203,0.5588709917503745,0.38611158328783296,0.7905662975828943,-0.5084503192227114,1.8902557490677823,1.2824032638325322,0.9754170485034095,1.3162940225508684,4.019541500351489,True,False,False,1715
0.9369498359000294,0.936191803144476,0.9372468692110256,0.15582043967617878,0.18026837327541387,5.195101610830741,3.7480790938527613,1.8740999641181366,0.999329299739067,0.13343490027745641,5.31257403983143,True,True,False,1716
0.18343942961622078,0.1689428555377286,0.20453458815780562,0.01193709601881499,0.2468359174507728,8.244184012746727,6.9204649100585085,2.231060689742927,0.9717380062001078,3.3113714645614847,8.85948496327565,True,False,False,1717
0.6767052052225245,0.6724066849948434,0.6694598339876197,0.4696888605250518,0.7482938278319552,1.3930344589778754,4.284443113132549,1.8388616767015062,0.9944746526509929,-0.698641763366739,4.082728133572927,True,False,False,1718
0.7324253565159362,0.7289776972271136,0.7297204744166773,0.37666716021754737,0.9550763608420323,-0.3074241870419038,5.392480141881403,2.090992561006768,0.9932202951263499,-0.5861829218045527,4.262980825127876,True,False,False,1719
0.7773738743620057,0.7745673713165908,0.7778179540400831,0.09536712338537827,0.4350546516870922,-4.938790033759061,6.2061035945257235,2.297232362962118,0.9875481981784524,0.5180632572773769,5.975144549483959,True,False,False,1720
0.29111045162876126,0.2788321081950522,0.28015807909604057,0.9865350315503325,0.657516161610945,-1.8517791831241062,4.117577725523952,2.2325227836166275,0.9748614869901829,-1.8718516689534028,2.5128565365043354,True,False,False,1721
0.663183265180726,0.6586677948678148,0.6611956348073638,0.6048162324089026,0.6178385606207434,-2.0903966853653966,4.1278048624682215,1.879542295851493,0.990061965958012,-0.7374233780978483,3.341702803649402,True,False,False,1722
0.33250532450730963,0.32121222583182724,0.3357004248746609,0.006651305253404366,0.08765279236188979,8.638532841533566,4.8222103247136365,1.9649334419367934,0.9975818934917338,2.0043592213763244,10.009032366016122,True,False,False,1723
0.5071011066425577,0.4997378464000085,0.5027350970347695,0.746310361305224,0.7579065271377105,1.380818855743315,4.421716774800067,1.9757476511729586,0.9898888176986562,-1.0908087828042898,2.8998340180760556,True,False,False,1724
0.12115668257034544,0.10623125936540678,0.13196570337104868,0.006827946637634119,0.9531092456074658,0.3166499349512919,5.321028242472832,2.209234528619934,0.9892971244819814,2.8615784980633787,8.649603145248584,True,False,False,1725
0.13640605033772424,0.12146658886033128,0.14224840005472192,0.03250396735765614,0.11142486184295473,4.479263822213116,2.695551316220574,1.5690552407236533,0.9925100118193789,3.4995377247348047,7.012461557004398,True,False,False,1726
0.6818060567948443,0.6775882672924756,0.6782970308519272,0.17758067697696706,0.6625728202776523,1.8091669395828345,4.087491691147593,2.086786906296246,0.9779343352037607,-0.7697135671947359,6.3568278537689995,True,False,False,1727
0.026779291708992736,0.017240752189497822,0.031228600615430414,0.005388409515579064,0.14143024022834863,6.103805952864336,3.994580061307089,2.511767492211713,0.9807355651958556,4.654339777928023,6.124872161427842,True,False,False,1728
0.9888108083694838,0.988676840375098,0.9900604086414541,0.19979345192243483,0.9612000744561504,-0.21367446545481594,4.340200764522368,1.8942546615365505,0.9744981156677733,-0.023807648676164028,5.972977409822539,True,False,False,1729
0.686485641314613,0.6823413909686972,0.6882789210285851,0.05170699398713855,0.19107307867137152,4.750351544708387,3.51617398666327,2.29698713729842,0.999329299739067,0.6311746755324812,6.017217841127863,True,True,False,1730
0.25788378839281134,0.24483825680073792,0.2717263877264358,0.01719253216750505,0.10110560796742087,6.093716342359238,3.5536279318601562,2.2203638019672556,0.9481440814577397,2.428694870344276,6.578388953178148,True,False,False,1731
0.3206360883167444,0.30905933673943115,0.312771938336518,0.9266763603782495,0.8544535270289155,-1.2393826285031235,6.673718562101316,1.9313157426102914,0.9679574732098282,-1.7703783739745822,2.41035776861792,True,False,False,1732
0.9943331573435834,0.9942653151511991,0.9938515958490728,0.26462508618063274,0.4902618776564329,2.571449537579268,3.6619625347538434,1.9482043399438425,0.9656842188287037,0.01305323794984492,4.014085457953348,True,False,False,1733
0.09595662168443497,0.0813311050696968,0.08723946541854775,0.13415399393872487,0.7368686196070215,1.8546422660957462,5.446947612784804,2.47898361730931,0.999329299739067,-2.658292393251944,7.585651905227806,True,True,False,1734
0.10806562573752972,0.0932451979178433,0.12799812284144882,0.05000714037676089,0.7259804463995702,1.444287469075151,4.066093398669773,2.0280489614255064,0.9881213008631086,3.090767176958514,4.483930450833629,True,False,False,1735
0.03995169009961359,0.028523095637401734,0.05132840233897434,0.004380315132216801,0.23282058163995292,5.3936512483001255,4.390152889676063,1.7352938753752292,0.9850498637516124,4.578628986467139,9.08711384748888,True,False,False,1736
0.6187184616608514,0.6134580502219615,0.622735834863214,0.06818934310412747,0.6545333707456082,1.7328309759762777,3.8173691191180077,2.0331712905167763,0.9942508040654711,0.8411131838016637,5.999083449915366,True,False,False,1737
0.28251117832886974,0.27003107752417926,0.25721497306936225,0.17851514983375422,0.5953838764308834,3.289413696478941,6.099942876286186,2.3553730972525413,0.9892650292510908,-2.0606904165963904,7.2238829515207055,True,False,False,1738
0.5823990273134122,0.5764921015597317,0.5839002376879301,0.10829362980482023,0.33027517789170935,3.6693686101576217,3.6816593395613344,2.0343169357483717,0.9926956781470938,0.9321524763735836,5.4295519439859135,True,False,False,1739
0.8221562669308434,0.8199549397706176,0.8237399278502118,0.24775897383708445,0.4922901689292535,3.8376751654800785,5.4911119890247875,2.26285620084,0.9635183845680165,0.4130331170524464,4.17529522162554,True,False,False,1740
0.2761332162270292,0.2635046893975893,0.2666136235456759,0.6345540958067523,0.957035260343168,-0.1776807823310824,3.2589279583766517,1.9811824818688781,0.9847602918981452,-1.8869349550374044,4.5329538426881175,True,False,False,1741
0.5003706105919244,0.4928694139445232,0.5058454174154203,0.10120597962752187,0.2325239356266575,8.598842720741914,6.994414299564883,2.3238200635138044,0.971149408268351,1.2424098321314885,4.828199576032343,True,False,False,1742
0.7652201669194608,0.762243897230388,0.7628830337182542,0.9049704808216913,0.8443840594915447,-0.8459150263172451,4.25656823954417,2.0619310486735594,0.985609050868354,-0.5037663628565351,1.1707461807241992,True,False,False,1743
0.16162257647422193,0.1468484038622322,0.1555624860141288,0.528524388905709,0.38214801192486086,-4.4738040480152135,5.011695011989999,2.217448565537147,0.9753632303436207,-2.304731567227313,0.9700709438192912,True,False,False,1744
0.9473643226301226,0.9467323184928844,0.9480490604964102,0.35086751694411644,0.44568936974441387,4.262289902518623,5.483930806374852,2.218629100425332,0.978756620850052,0.10140998249686861,3.059106150163103,True,False,False,1745
0.9084834349009181,0.9073779671958894,0.9080413377367755,0.07907031727708044,0.09682682294107185,8.003324460778654,4.604496294482396,1.7428492792020511,0.999329299739067,0.19108303859491738,7.135737370678257,True,True,False,1746
0.9532796086904088,0.9527189847217131,0.9508330041948088,0.3759507825101495,0.9190308932012635,-0.5902614340519801,5.737133361215545,2.3977679726830017,0.9894669785067544,-0.08815764689747896,3.0306025396367096,True,False,False,1747
0.7958153360044071,0.7932617484102475,0.7946188100862811,0.05257535152912577,0.8517871308404927,0.8333789051749573,4.405786207181061,2.033805615502668,0.9708194494468789,-0.4827454673907301,8.72159690974837,True,False,False,1748
0.998970375110529,0.9989580490811663,0.9985203502632332,0.11689257004907702,0.6612702183969639,3.188195394622673,7.173493623212042,2.4928500384630503,0.9948204843270828,0.0028676686441162502,5.411691501208116,True,False,False,1749
0.09889267594825091,0.08420999010550255,0.11466742385966396,0.018238186820696653,0.7020841084917797,2.18658205785822,5.638768950264841,2.206687346942054,0.9877636701280976,2.8351228378848585,5.64797393051564,True,False,False,1750
0.05070207840977305,0.03820282658958481,0.04457354511223481,0.8232898734508705,0.14655632592172638,-4.672867305552059,3.099557598636035,2.046604242453371,0.9221700927099566,-4.1894129579611565,5.2945276875737415,True,False,False,1751
0.7643167960035115,0.7613278055947192,0.7678760930208886,0.35119408468911995,0.19523182127641864,-8.327538125282015,6.224246743142339,2.53192576742448,0.9882719486675413,0.4990699538292307,2.9744677816396035,True,False,False,1752
0.7879008315848255,0.7852393695415631,0.7890122503600467,0.10393556928465456,0.8616844682594946,-0.9456616225353434,5.361468332220653,2.2234367869183083,0.993033351603397,0.46514565244072514,5.574760748876093,True,False,False,1753
0.2558599610019126,0.24276904820120843,0.26092092849132803,0.016829968025351427,0.7389037868903595,1.5498287730385198,4.5886730358403875,2.0553289338525387,0.9905423453857712,2.1312998556435527,7.138451668138324,True,False,False,1754
0.42154122991035486,0.41233361995765505,0.41622519455839024,0.34930100153392196,0.23153993532684056,3.5395981745740746,2.8728824268554822,2.3929293565817424,0.999329299739067,-1.330144020668417,4.562852526886921,True,True,False,1755
0.5108517521871382,0.5035648072348519,0.5056576098371471,0.4908565830766971,0.3432204433161222,-4.589227224083687,4.732500524831706,2.304769100654212,0.982047991207536,-1.0715232316349748,3.7118112825276155,True,False,False,1756
0.7822561901511503,0.7795171816181268,0.782697305168551,0.3548425575945794,0.45873094604954184,1.654256446352056,2.1915500635379725,1.5074420782899847,0.9909317655523815,0.5340665044820967,4.063427192076512,True,False,False,1757
0.8462243172126762,0.8443366123656869,0.8448136446981487,0.21881983249099787,0.9137726237332885,-0.40300435803721146,3.6772789078240082,2.1217251312439194,0.9973421587021157,-0.3386684436633969,5.357950349424895,True,False,False,1758
0.5806072715309388,0.5746675287815755,0.5835386018717298,0.10731406343649508,0.5087628994522833,3.141979918337493,4.673924297301225,2.390357282002857,0.999329299739067,0.9050802012828432,4.267918546220337,True,True,False,1759
0.9888578903977775,0.9887244862670344,0.9895996478247147,0.12262430986057796,0.753749071421239,-1.9585224146688303,6.16207511718164,2.5063564229025785,0.9978979220689879,-0.022169069952281184,5.447429379335723,True,False,False,1760
0.7929115674873893,0.7903185157910009,0.7918439153149115,0.4527962450227552,0.7606464924314899,-1.8928303151412187,6.133078000091011,2.049068052528569,0.9638049256462888,-0.4549831632641568,3.5615984073713562,True,False,False,1761
0.2585590836832159,0.24552873803344327,0.26531330882142135,0.45430443625335326,0.5667012248128737,3.009155010338455,5.169539923392575,2.3993918151105853,0.996713661970876,1.5975627939373163,0.3354210411043324,True,False,False,1762
0.16703582601752254,0.15232076990037557,0.1713483950979718,0.06455816121150142,0.6878884307155464,2.6748890404356485,6.5668953437997795,2.1598083855780095,0.9908522426490307,2.61227797541093,4.014619081622249,True,False,False,1763
0.7783533311549272,0.7755604001296481,0.7788709996394882,0.5348755212263213,0.9415921235999574,-0.3323839054844077,4.482534748482321,2.133165451670099,0.986636938529914,-0.45131711332642244,2.807198660247111,True,False,False,1764
0.9856258761926601,0.9854537599421525,0.9851756210617759,0.15720949137162893,0.7575478251491863,1.4587850531715565,4.6642324993797555,2.1526935057265795,0.999329299739067,0.030095515639990467,4.987352074492528,True,True,False,1765
0.6689310366585267,0.6645083122820026,0.6680492343426863,0.15934648874915538,0.5235875032402009,4.335107720449893,6.683151417609566,2.036774698608695,0.9887804787159423,-0.7429265109449252,6.685788367133293,True,False,False,1766
0.7770081381767542,0.7741965631275916,0.7755323020997651,0.3357285644149768,0.7517985553213447,1.6171747567392334,5.046669087751919,2.1435100170145622,0.9902239147979374,-0.4585068986722245,4.256820296462058,True,False,False,1767
0.6114857183566016,0.6060993619338628,0.6071093994029261,0.5455133487348349,0.8929843365633766,0.9318146912397838,6.843057696095862,2.204092696786893,0.9781713651940414,-0.7923515032539208,3.1933949939483615,True,False,False,1768
0.4184326906737975,0.4091545986528129,0.41880200638466875,0.058229002468151055,0.19580912807772505,7.369609081870357,5.515676900328629,2.320113605054329,0.9971230597121908,1.1631600302390472,5.052952343333727,True,False,False,1769
0.2420534704400671,0.22865882561647105,0.2280482562549724,0.8683282004624806,0.6667880741940411,-1.5145980593683577,3.4683015920101803,2.0765569959225316,0.9528135131295522,-2.2701591372202237,3.8455297147992686,True,False,False,1770
0.3536710864540485,0.3428828839688334,0.3395363472981077,0.11361502948027487,0.6351430911118328,1.636106209883574,3.397960516297866,2.262335240883018,0.9684702821134398,-2.0187347577427124,8.521237842232063,True,False,False,1771
0.058865627487952085,0.045747937443016654,0.054092988327893464,0.5820650466021436,0.9251920039795335,0.48923119881000743,5.148179626607001,2.216322562932734,0.9984211298049831,-2.5768371669056718,5.038555594718888,True,False,False,1772
0.24277963650046605,0.22940068529001478,0.23836652914694761,0.5455633751652851,0.8783472682204336,-0.673680951950231,4.347979598305996,2.029861743866328,0.980547688202046,-2.143841339173152,5.584123562216698,True,False,False,1773
0.8366899709852265,0.8346788997549919,0.8344473969004593,0.19465092942946474,0.5650506354751101,-2.545922419373239,4.355043236498724,2.1190180032642014,0.989954186708459,-0.36556982207570954,5.938912442707828,True,False,False,1774
0.15563015713824838,0.14079926224361825,0.1425927550030474,0.47032735869301817,0.4581499655192235,5.503702690587152,7.281729653896661,2.3952000960146775,0.999329299739067,-2.247184004541913,5.118893421457834,True,True,False,1775
0.03753340981628154,0.026396109556528654,0.044249771460016414,0.009842093163919177,0.2835704691774793,4.6395590064599705,4.2158716300044485,2.0158924012846966,0.999329299739067,3.36800331241581,5.508221107238463,True,True,False,1776
0.9255849956330185,0.9246888271585625,0.9283651560769588,0.13861183942658087,0.8385868485501619,1.022801502103642,4.959184624780438,2.3315049916518156,0.9882186931854324,-0.14431312804681973,5.54036726112982,True,False,False,1777
0.511135535061096,0.5038543482179914,0.5173012189430944,0.10023697842292426,0.31739551845944997,3.729881847567002,3.641755676842753,1.9941686769003752,0.9497422571521914,1.186739497260378,4.803794031872488,True,False,False,1778
0.5082174957211777,0.5008769922248625,0.5044135814707812,0.11294966190459008,0.4637109421320796,4.572033894668294,6.125591810125671,2.1298508167731725,0.9919825552494616,-1.1911437443497048,7.708814388898736,True,False,False,1779
0.512431119889424,0.505176192389045,0.5078438665063515,0.48218521112046775,0.5052520967658144,3.8288678893844903,5.648340664077708,2.1685915269822438,0.9974609686990996,-1.131821947826996,4.096310514466919,True,False,False,1780
0.08079479119014056,0.06658600765352089,0.0627813763370583,0.5455597098492517,0.49481883219645456,-3.266717902725164,4.701906809777043,2.1280039622491,0.9922725561604255,-2.9772552964537136,6.344660513466211,True,False,False,1781
0.8100662698099557,0.8077045077876497,0.8094607047476612,0.1196117140776136,0.10981837321628422,5.287774434666322,3.166894527212722,2.08497542798408,0.999329299739067,-0.404419676952374,6.099739911759942,True,True,False,1782
0.8860027855812511,0.8846189833423996,0.8851427255692501,0.16255340143799815,0.3245430634356544,3.353914861339645,3.324582995398371,2.0985293422542375,0.9698573784524738,-0.23989037498984978,5.253207590712442,True,False,False,1783
0.5945845745478574,0.5888985102639764,0.596000137094211,0.17034019367155998,0.4885864727525534,3.610796995062756,5.122053812281042,2.147017493200382,0.9909037573121914,1.0138025536730395,4.083713355059263,True,False,False,1784
0.18995755640499268,0.1755618926319678,0.20081125272210001,0.009961884046191614,0.2060646188361148,8.88993837802604,6.8130300658416685,2.148682517415791,0.999329299739067,2.3132302212748117,7.152515052832662,True,True,False,1785
0.7526759137263983,0.7495216974186752,0.7524320504696494,0.5455566159442796,0.6533717920748142,-2.5087714752239196,5.506833490820277,2.0307484534052707,0.9751864352226908,-0.5582691993705979,3.2687345474192364,True,False,False,1786
0.9050857591000367,0.9039384748199717,0.9060955455750621,0.1421052227588841,0.3143308586894702,5.023231748458749,4.872826234091926,2.210377970186853,0.9651529637354894,-0.2621053154572115,6.732327300130434,True,False,False,1787
0.8318216167311228,0.8297471200240315,0.8321446158406701,0.4012297952087767,0.8479964570000237,0.9931220020788897,5.117692431409587,2.222229435258229,0.9955562608549772,-0.28259787614262066,2.9914579133380137,True,False,False,1788
0.21496868724871848,0.2010177102053905,0.20846171023052448,0.7670469829743318,0.3574220411477652,-3.3571330585784818,3.5677569124521975,1.7655802626736288,0.9722416379650519,-2.064850320462662,2.57803059771509,True,False,False,1789
0.655340110341306,0.6506968053137141,0.659143793552728,0.07459838515736317,0.9941861123550386,-0.042657297156110684,5.78488079564253,2.377102460698265,0.999329299739067,0.7055829827665034,5.650952906527577,True,True,False,1790
0.30031212213105263,0.2882512943068146,0.290096607684789,0.9683431734279802,0.6903476218788507,1.5274173511862967,3.7813847648608188,1.758033651099054,0.9812178632047386,-1.8956980862034918,3.615054438805429,True,False,False,1791
0.7529203310042942,0.7497696091577741,0.750168903945573,0.1895788727376585,0.24861598990149067,5.517332663613571,4.6494895891116395,2.0722227385523175,0.9916270290512723,-0.5852742411148855,5.858091474123185,True,False,False,1792
0.06019307776749831,0.04698772846918564,0.06401780990810145,0.0008558363497486792,0.477707871165728,3.4162471270243464,4.725664409682999,2.319615804467783,0.999329299739067,3.8436940123006877,10.778438071099373,True,True,False,1793
0.21298608072451916,0.198997031405857,0.22084133508544837,0.014443972106438168,0.7056460811810213,-2.2578536070679243,5.896800177732813,2.066394750396197,0.991048783880392,2.3291758023240323,7.802168442166871,True,False,False,1794
0.10659182622987534,0.0917896337745084,0.1195044145229249,0.007821329077880365,0.11487869501891464,9.585606377646203,5.8274886309862595,2.1115078126545974,0.999329299739067,3.2139774623772066,7.41320920508521,True,True,False,1795
0.588956970673675,0.5831694086902395,0.5840537903946138,0.2863870935619876,0.3786820292212347,5.318942023653116,5.914440198194992,2.206633378367109,0.999329299739067,-0.87887898989118,5.128236039362422,True,True,False,1796
0.9395578359342163,0.9388314095603134,0.9380452607646839,0.16675949509218727,0.5342797666729127,2.7011480660243876,4.27473099044044,2.5746746147118897,0.9486715188076095,-0.14605333478491112,4.698780515859,True,False,False,1797
0.4968046419089546,0.4892298500818485,0.4997480429819551,0.2382184583926796,0.6757761645363894,1.2693546528270059,2.9927646707820794,1.598381704068825,0.9811282184087998,1.3159989506221343,3.676007411324541,True,False,False,1798
0.1820964007854818,0.16757995015639576,0.19157771017222797,0.011169212201928756,0.28364518245663844,4.36813414392391,3.9698667805454426,1.9095781710619368,0.999329299739067,2.1517547281328584,6.850016264582656,True,True,False,1799
0.8627757046918122,0.8610996592983325,0.8617043023043339,0.44536188046578246,0.4025705050775734,-2.6482873680393606,3.09988914092969,1.8730486329403,0.9866562445993,-0.2965590378453089,3.604537445274742,True,False,False,1800
0.5577558713681697,0.5513898156431303,0.5498998404953671,0.4135269118515824,0.6128823377319745,1.8446001433583499,3.591398471003842,2.082454418356578,0.995321055035382,-0.990760274827235,4.307350637807386,True,False,False,1801
0.26577947284275705,0.2529127651993595,0.2757137775227844,0.014192560654141062,0.33253885720849297,4.384127415488439,4.419931129772911,2.0298331335117723,0.999329299739067,1.7475421990566833,6.386058251002807,True,True,False,1802
0.7116687648435578,0.7079119086650918,0.7117839823986823,0.26219566524888266,0.7806680983060749,2.043688136372835,7.245903582586552,2.2156531149519445,0.9916835600231454,-0.5919840882215928,4.748493352453831,True,False,False,1803
0.5571796519593993,0.5508026586096336,0.5597775036513319,0.023102650110862807,0.35431999712390533,2.802365306608522,2.9586416995402733,1.8362838112049071,0.9714688779334293,1.1104894662859977,9.070197574099495,True,False,False,1804
0.2566010967372627,0.2435267797657547,0.26785099363133363,0.08322338962250965,0.5514462805367685,4.923319022194189,8.133285094673049,2.046688964227228,0.9921511950270363,2.114112533585258,4.934706966435855,True,False,False,1805
0.009711116561637688,0.004449758883876272,0.011462639924835843,0.0004957361175382978,0.5639385535951034,2.527204810430271,4.310597361002992,2.1220648460131897,0.999329299739067,5.605402568791256,10.799711890333612,True,True,False,1806
0.43260866547567817,0.42365018588490155,0.4365785505074536,0.02052499745890043,0.49920553826923314,2.2265924073624563,3.2380266409150993,2.3497837945011013,0.9966988481936354,1.3117039103422403,7.67753961522173,True,False,False,1807
0.7228360990983193,0.7192466891587616,0.7191959427048626,0.21519578053822777,0.4545511142052346,6.4294107851870415,8.437876242501387,2.229042150485768,0.9707646482804222,-0.756144822949663,6.368301910856609,True,False,False,1808
0.456293875542483,0.44785851973958635,0.46946783958648275,0.03201422595766366,0.39119231302444135,4.546598186399359,5.1929909424096214,2.2976052972174688,0.9664470262356919,1.6611813683344474,7.761749051459397,True,False,False,1809
0.9479136515672935,0.9472882819802159,0.9494009188070379,0.0729901117787619,0.637289962524977,1.8902780074955505,3.9510317739308167,1.9182955769592167,0.9919180039724721,0.12971327934574983,7.985766763556152,True,False,False,1810
0.7589433637861251,0.7558784087118958,0.7610085731305483,0.07539406063023661,0.18342226022959351,4.957652888265008,3.6038232823895786,2.0460006846625727,0.9489114688068506,0.7031652510229636,6.9146131372630375,True,False,False,1811
0.17182067710232443,0.1571635748841193,0.16142324981037595,0.9168000346487463,0.7125729673322839,-1.763655675401418,4.722877438258937,2.009864387090597,0.999329299739067,-2.1116358802170234,2.7962538133802313,True,True,False,1812
0.096902291852276,0.0822576174243113,0.08857482747859112,0.7288511282733983,0.5068366427557263,4.395589232692045,6.50883016765761,2.134463041761213,0.9961729704269652,-2.8624824981368646,5.108160574183623,True,False,False,1813
0.11205265653607377,0.09718976947719302,0.10289950903410437,0.908105771730397,0.29707394509812374,-4.668304343591759,4.365774572793794,2.346089552748711,0.9685939277032863,-2.6597813943079007,3.6984563994924917,True,False,False,1814
0.9151661713169794,0.9141427157069508,0.9154284161187715,0.035775718050554926,0.24760309646809026,3.4315563272461627,2.885404852433557,2.0109696678939413,0.999329299739067,-0.16863429816058595,7.974998956185294,True,True,False,1815
0.6109433121752801,0.6055474553023743,0.607965294495916,0.3705456080172948,0.6467930185286697,1.6783337375864664,3.6101572609525574,1.9037788121376356,0.9632961236616533,-0.9514540389360118,4.990361876946626,True,False,False,1816
0.5795341638007362,0.5735747243215952,0.5843150119007315,0.23346774157233513,0.4574217006702692,2.878751041397265,3.802514837442102,1.6586051672420463,0.9542765900506923,1.1339698866642203,4.0737303848346995,True,False,False,1817
0.8775855960432241,0.8760964853338712,0.8767335885419645,0.014617408621671274,0.37777568135678513,4.808494586770995,5.3364988212675755,2.375479366652032,0.9942667222162934,-0.2425145323840976,8.783257290038566,True,False,False,1818
0.9953444553530684,0.9952887208256401,0.9935502740974455,0.03126770114128363,0.7734763648365333,1.1809297227072053,4.050249355600658,2.4531064084398126,0.9993292997367684,-0.011565504441509944,6.8417531062768795,True,True,False,1819
0.7566053608871368,0.7535071915274342,0.7588712361852635,0.05955374436265295,0.2011815731675839,3.5275144049655727,2.6732098309181698,1.7002155449313763,0.9867738859370068,0.5912444539867021,7.771918331986419,True,False,False,1820
0.5354276321672431,0.5286309305819661,0.5354492778351182,0.015409155796207817,0.2998826488311314,4.932800973745009,4.6407382513405855,2.6511116017440286,0.9802804961150688,-1.2584834143703603,10.248981414594823,True,False,False,1821
0.710516592230073,0.7067423117394558,0.7090164372210114,0.10685211710569421,0.17385941547195408,8.604038649997372,6.112251325617992,2.5052824750899343,0.9713007063798648,-0.6935746060540087,6.659201481128739,True,False,False,1822
0.4855704939265746,0.47776153918921704,0.49291673449303,0.05251162760653071,0.03390549898961414,9.127616916371784,4.022144005132148,1.9414506074613176,0.9949072977329778,1.7045749328833235,7.6416588444703235,True,False,False,1823
0.3420765182481239,0.33101203062141604,0.3483819399727983,0.011939045430964053,0.07676362340731104,9.289631387231497,4.99101098908213,2.064381830632959,0.9919396474156601,1.9542593563575164,8.720605784685592,True,False,False,1824
0.6200615482257381,0.6148243734859572,0.6157451847908706,0.6526834567871191,0.8015211415473437,0.9010064305852582,3.539137661708995,1.9191164937344838,0.9650641336824642,-0.8967068346025306,3.107441002689529,True,False,False,1825
0.03476727673982963,0.023990566994038183,0.03737068270943449,0.0025497542545211884,0.0123971802115301,6.866557070890037,2.5103089637757012,1.6362977031009915,0.9913049655077426,5.090530380233178,9.548677100550044,True,False,False,1826
0.16187742074648415,0.14710586920153665,0.14669921040488113,0.6280322044788078,0.9243564073738662,-0.5479704037781349,5.702392591843211,1.9901049791545522,0.9871485536132814,-2.386403888512816,5.441825055283314,True,False,False,1827
0.48890434903953356,0.48116524923988047,0.47877314239608,0.03258452026209872,0.782968592039582,-1.296289736363856,4.646082038290449,2.791601828757328,0.9953097979663045,-1.1239371032854777,8.492979453959348,True,False,False,1828
0.05918272072592176,0.046043788600738385,0.05173271705638866,0.5967960635180539,0.6934064507092532,-2.497492306787166,6.248259221647421,2.5486751421975784,0.9855841565037202,-2.9512133423776534,4.939604768423504,True,False,False,1829
0.16400154695429414,0.1492524750084023,0.15255690854246645,0.547697053465413,0.20774342474002,9.48073338786299,7.293769509394941,2.143206410716119,0.9836210115927838,-2.855443607810428,6.392580120618183,True,False,False,1830
0.14838538069823964,0.13349945931206864,0.12905614271911375,0.9078896928012408,0.9013089673533827,-0.5715964603942497,4.5539748170036365,2.220139833011573,0.9822889584686257,-2.6839227021039647,3.1544911770562676,True,False,False,1831
0.729289035717199,0.7257952175490928,0.7264188414198545,0.16713576637560879,0.5271585019502434,2.574802773278753,4.004115605253327,2.1799034144371205,0.9589189341258071,-0.6440594033205418,5.83111686174543,True,False,False,1832
0.22550449776591777,0.2117624906082717,0.21902748058462126,0.11364327113039517,0.556609981252234,2.0386850674503227,3.412440712213842,2.2715465216953348,0.9657677206036761,-2.2755349947201564,8.102261969240821,True,False,False,1833
0.7362505492595309,0.732858924170681,0.730526592693405,0.19214705680071303,0.8255119994367301,0.9659861491485915,4.3272720169389025,2.355338310037972,0.9846597201316986,-0.5352452278247783,4.877864798568755,True,False,False,1834
0.49818155852431667,0.4906352258266824,0.5057716546722623,0.1899206536491327,0.33936900727563146,3.6945649472903583,3.7789669996370896,1.9196183042557777,0.9878683174110398,1.0512052484213577,3.308375579444807,True,False,False,1835
0.049011616839628167,0.0366594366004735,0.03873688326000645,0.37141680568407515,0.15864969226636114,-4.704699316678738,3.218831729571871,1.9700294309142545,0.9992786367167894,-3.1258023797382846,1.8257864223455713,True,False,False,1836
0.846814882871554,0.8449347836184303,0.8473434401012255,0.06397501905041442,0.3023092111631846,4.5693802299914426,4.321037218928349,1.9577451351934145,0.9498054703466718,0.38893743979309203,7.198871224950189,True,False,False,1837
0.4647539394278483,0.45650195195194576,0.45055027374812956,0.09766364509807281,0.9507967701319294,0.25960547910816556,4.15715735119825,2.1479860453602626,0.984475844354704,-1.32964939855838,8.014718043365692,True,False,False,1838
0.519611993876431,0.5125017536492558,0.5267654398467062,0.13376603389774797,0.4856072019499504,3.7613058880337435,5.298755750310605,2.1527991221692893,0.9840314796687966,1.1694253897325493,4.199522494180219,True,False,False,1839
0.6917198850828918,0.6876573034816953,0.6881659653861557,0.1581335540796088,0.43893211507494606,-3.9756907374465196,5.0389273499287786,2.7011751836712197,0.9944222971089872,-0.5908048445413199,5.1756683237601795,True,False,False,1840
0.24297391495744292,0.22959916816924508,0.2553522034308172,0.04979068823715289,0.5757423139513888,2.902768035133473,5.106244141826765,1.9574701747942753,0.999329299739067,2.1139475175999154,5.388096428928817,True,True,False,1841
0.5856874855026744,0.5798405610150548,0.5897324265868656,0.026931038543971986,0.18530080561018106,6.57676954183515,4.802193982930329,2.025010654940836,0.9748574242212774,1.0272397824245116,7.41866552985905,True,False,False,1842
0.6971183975162119,0.6931394071988614,0.6948927007515607,0.08443206605337977,0.13240657181218995,8.353031237356767,5.335627749234497,2.2882138260065306,0.8809345635046922,0.9152080279806247,6.0860756528271285,True,False,False,1843
0.4039754827550019,0.3943668184191237,0.3968772288275699,0.5549340389207027,0.7736056865869155,0.9955278820360194,3.4163835103105042,1.7671290731433662,0.999329299739067,-1.349671350952966,4.7713405005913625,True,True,False,1844
0.4374599389975009,0.4286097445432123,0.43251971341854556,0.05352969515215316,0.327823682615293,3.521816693774567,3.515332574602154,1.9266060587326375,0.999329299739067,-1.2201259972429543,9.063840198197717,True,True,False,1845
0.8049857442954725,0.8025559421355443,0.8039419251998097,0.036390250970251864,0.6218102375300205,2.4301439513042506,4.8537818696936075,2.271141162680314,0.999329299739067,-0.3793987382080548,7.489511964632245,True,True,False,1846
0.36218749691859936,0.35160149364426374,0.37208225285272967,0.024986749516543134,0.2560398627258995,4.04073716547764,3.4606089747819966,2.0774688072007366,0.9845033112453419,1.9077437576924243,7.7416983508678365,True,False,False,1847
0.7499521350983811,0.7467589018715496,0.7520829011478553,0.38521780470132666,0.3013114158838041,4.2763964767417475,4.035421412127224,1.8732497009254399,0.9921027370804013,0.5113828047636542,2.4355274953465518,True,False,False,1848
0.03984399219867118,0.028427924838076928,0.044975725786446284,0.0019092741538134586,0.6875847144752114,2.9015481581387745,7.116008362605727,2.0370699504625915,0.9951943586813756,4.393373597275325,9.572264729116771,True,False,False,1849
0.30624452969127947,0.2943246024857905,0.3109926617890549,0.012323034645841833,0.5707784588416585,2.229392962975697,3.8708909035400274,2.1789022937188163,0.9871757640920711,1.6815452978670482,8.2970796491623,True,False,False,1850
0.4869228295089092,0.4791422474832091,0.48005014104481775,0.0632843878820189,0.4483944256518266,3.0750364264069243,3.980349642225567,2.2360049766339434,0.9520442823976394,-1.4254741385304541,8.724442474770635,True,False,False,1851
0.0763017867357424,0.06226239245207613,0.06863694388381582,0.5957237128228903,0.930000016113114,-0.39049245869483606,4.392255433446794,2.083371191916356,0.999329299739067,-2.6830189231921784,2.075623938137655,True,True,False,1852
0.5524990832752982,0.5460329003251178,0.5438259196358444,0.2541134072384002,0.7966257513724587,-1.1047649754143272,4.232619318185204,2.121072247648479,0.9926678388058244,-0.9849232398224208,5.634674771834421,True,False,False,1853
0.4670013871177748,0.45879779403015386,0.48798752428958303,0.10927824451289157,0.4587650155377969,4.478373476220571,5.933381108137525,2.041039966963271,0.9992876961556076,1.4535525061340566,5.235833988626522,True,False,False,1854
0.629088504429723,0.6240062917279061,0.6251745352645199,0.11776961904329962,0.6059207002250789,3.057567470824542,5.837582354339713,2.366132465032665,0.9503168371097397,-0.9654372382764462,7.271063713950932,True,False,False,1855
0.21437409352632025,0.2004116541173222,0.20493775199989436,0.8032576998525292,0.6651460202264194,1.3759357978004043,3.1342577250534114,2.1332313111580077,0.9933677466061469,-2.0419849039800475,3.632467113223,True,False,False,1856
0.8924855468028476,0.8911824250420781,0.8926150852606741,0.16121203124823347,0.2345365809219623,7.210305292361934,5.8911468799908455,2.185251265621292,0.9950256422811595,0.24119350130090744,5.072159533328935,True,False,False,1857
0.7038453112421521,0.6999695852984191,0.6991827857032695,0.45518947326317455,0.8239945253836056,-0.9713524151592099,4.313133344501514,1.9978689271084304,0.9870915633422809,-0.6350354364872755,3.8657004072316274,True,False,False,1858
0.9358538121609989,0.9350824868601724,0.9345020695915633,0.052453929265533515,0.7638352463520692,1.691038388402263,5.5557072200400635,2.254728489598414,0.999329299739067,-0.14771929766769176,8.20296357154722,True,True,False,1859
0.27020074257869975,0.25743527964969715,0.27662963838491383,0.02104424981952206,0.6753826001720461,1.2262244436396557,2.887343536160925,2.2167714489375134,0.9966448814297053,1.9863642449534176,6.632769840596846,True,False,False,1860
0.3214184910905081,0.3098604303057034,0.32968332162788166,0.03288093511785888,0.91034693177008,0.619587905677581,5.436580096202282,2.07230242676634,0.9842271288249482,1.7673623182263603,6.807076578041446,True,False,False,1861
0.3521225145826154,0.3412974702612278,0.3455194134027827,0.3580532207290482,0.8390520926128957,0.8685165663029693,4.223469072376281,2.08458196188979,0.9604627120815283,-1.7112783269005618,5.888431170675557,True,False,False,1862
0.44643009778434234,0.43777860036102145,0.45773938747942844,0.08451639351597759,0.15069783199285,4.3737035368133315,2.9324006147173707,1.6261251535585624,0.9743434289396153,1.6981216895464604,6.470737898992354,True,False,False,1863
0.3744966974927501,0.3642014384714528,0.3752777453614499,0.01602197105329631,0.41278740506772443,3.2664251511269304,3.9090840997950114,2.297012527606614,0.9868378645127703,1.5169884789330643,7.60605787949803,True,False,False,1864
0.2646173083548439,0.2517241133333902,0.25233740147097933,0.2826299381373824,0.7186364739427443,2.3088992726190556,6.322803919789424,2.635057041489003,0.9453072513285702,-2.1461847148896016,6.0127285760664,True,False,False,1865
0.613596791948199,0.6082473379482666,0.6163833448264254,0.4332697271223619,0.5414469290669127,2.9969234362124295,4.827949547100782,2.0879263937132944,0.9726433606692596,0.9300546860625643,1.82174324350495,True,False,False,1866
0.6524466729677305,0.6477558312271192,0.6499468216676655,0.6693804171739829,0.3104297230328794,5.68686900520364,5.47119437148183,2.2934437956945266,0.9598087838604277,-0.8221152288672555,2.612023854475666,True,False,False,1867
0.3304412477409933,0.319098817718926,0.3103042333803512,0.762430479708483,0.6379064341256706,3.3978970754765956,7.115333661725705,2.114968235610825,0.9853732860112083,-1.7670366729339206,3.5888290732863855,True,False,False,1868
0.05787028105744235,0.044820529494283105,0.05009430001200047,0.9857364182710209,0.14455084803610632,-8.696136213785033,5.738078722043563,2.351993736419689,0.9540016001152345,-3.6873485510297264,4.506626501492776,True,False,False,1869
0.2313716614381756,0.21775038837032948,0.22212144424923805,0.40719834414302136,0.7480795968313999,2.034612083092101,6.252169547338261,2.2625266690395187,0.9916456609207859,-1.9830412545077323,5.672949067622359,True,False,False,1870
0.792796990270742,0.7902023787018111,0.7950236547442759,0.18482156655715223,0.5798689747437515,3.2237740465662528,5.733252883524791,2.0916156088902165,0.9787015730058498,0.4421294536556104,4.543383191181407,True,False,False,1871
0.2031828748412444,0.18901218483369508,0.2189086822251529,0.22682031190077442,0.10809278256112316,4.818203167369811,2.870738338961407,1.771996899125643,0.9913524633950498,2.149834641452296,1.3256762241854596,True,False,False,1872
0.7343325243255358,0.7309128385655205,0.7367969331367967,0.34173955135749207,0.7463333450412994,-1.7500495768109676,5.339314605156166,2.113048347029447,0.9387275394614863,0.6079275629590604,2.7645973760738096,True,False,False,1873
0.8776559390366984,0.8761677110971471,0.8769889906326331,0.4991642898782267,0.41922090225162845,4.136385485209426,5.020112010069198,2.2098885521461793,0.9566479656834209,-0.3325240692083846,3.2057829167623915,True,False,False,1874
0.22355197325002635,0.20977044455693206,0.2158487533499775,0.021053695372560965,0.11248576570195026,4.842600706259891,2.923377803485389,1.9089279611367491,0.9742534872130832,2.62800958086725,6.2914526021271735,True,False,False,1875
0.07828377646903956,0.0641667274228993,0.08920424338363983,0.004929650535288341,0.12362390754257362,5.324965142114437,3.3195688017920397,2.035856994202046,0.989034182002843,3.330246204640825,7.259697649407503,True,False,False,1876
0.4719698832227414,0.4638727976539726,0.47778463378951913,0.23527594520614475,0.7689819032725801,-0.9303222327869586,3.1267706478122728,1.625515750648365,0.9907784805119354,1.3861783040677693,3.8296981348819505,True,False,False,1877
0.18275776240957656,0.1682510591621664,0.18729262933114715,0.16369450684451373,0.5678582742323655,2.7215663269581576,4.689572091007505,2.031205007944012,0.9808787336473032,2.402929396761145,2.1133609886529228,True,False,False,1878
0.8471484069750808,0.8452726012019405,0.8461455242145607,0.0943286530378152,0.576005658694234,2.385320606867646,4.1989230641692945,2.068355898488604,0.9502520787145804,0.3641070710771821,6.365643738457341,True,False,False,1879
0.4873536775699133,0.47958212437545555,0.4783490151476253,0.5754476434351364,0.6219621114939662,-1.9439423955699413,3.884383149986152,2.154345249981217,0.9952261788414817,-1.0798945516042306,3.405580630140091,True,False,False,1880
0.07733901978063558,0.06325839387570562,0.09088035990361816,0.01386519668564117,0.19857143692038465,5.574823079831957,4.199261686357975,1.8604938355452487,0.9810349542762108,3.8562782791397003,6.678930855120356,True,False,False,1881
0.3885984845096048,0.3786335823180884,0.38426805994208735,0.7901875025269797,0.5957286847231064,-1.7907053150658805,3.3238487833157344,1.8576056156360679,0.975782350744355,-1.4651484720576264,1.3671740730172075,True,False,False,1882
0.5638136823503648,0.5575620529145735,0.5544414451942569,0.5775114324274337,0.24093538912981616,-3.9090939223764325,3.2392747384149856,1.7826433310026981,0.9162490317638776,-0.946583792482859,-0.39391613536656184,True,False,False,1883
0.995276847574715,0.9952203036322784,0.9946461028931394,0.2152722058505441,0.5487708053765488,-3.546469546333614,5.819231181900832,2.046655660767469,0.9874406496159964,0.01190064279415548,5.253218913746499,True,False,False,1884
0.9267968960849455,0.9259154912447288,0.9262443142700062,0.2264232084263733,0.8133865278086598,0.72936203586653,3.0511222090366523,1.697868015010223,0.9626933821242115,-0.19991708041564493,6.859581012614916,True,False,False,1885
0.8505883480290308,0.8487567494725317,0.8483980194927088,0.20785504418603376,0.8855803042854249,-0.6125370930257821,4.205304950615936,2.1883460412882156,0.9916389469592992,-0.2778011415183368,4.847827340877727,True,False,False,1886
0.25159770142317267,0.23841188544639808,0.25498528033827567,0.009072643926304807,0.516468689117591,4.7644135351733095,7.219515151711732,2.320871884670819,0.9725469904010652,2.5149656189834193,9.123418440700785,True,False,False,1887
0.6319323734161043,0.6268985460474505,0.6344985167519813,0.407226429497026,0.5865716781348619,3.070652520207292,5.559725391408112,2.0070779852250222,0.9868200667731739,0.7797051289934074,2.0573982488477354,True,False,False,1888
0.7251603090351532,0.7216054261884011,0.7201908335055289,0.6769535224044184,0.8807022022928626,-0.5051302546183539,3.325034327207057,1.9758023674807184,0.9926220246601308,-0.5397981841219144,2.2703371888856534,True,False,False,1889
0.6117152078317909,0.606332868667302,0.6150608577658876,0.05148693731803334,0.9089982161224498,-0.5259881241782267,4.546572490434968,2.081232372822968,0.9555029276924227,0.9500064032944033,6.905108291250109,True,False,False,1890
0.4528953487129492,0.4443858045762059,0.4468997339431924,0.571158824008326,0.9854872894362003,-0.06567428506357263,3.567738079102939,1.735232043977368,0.999329299739067,-1.1506823409758484,-0.10842332480899933,True,True,False,1891
0.7785141141050054,0.7757234094678742,0.7771831453233469,0.3154492339154018,0.23198716672582287,4.191471253989318,3.4053450825589806,2.0386561823388925,0.9729000711555946,-0.47546538899533974,4.393717222946771,True,False,False,1892
0.8083028135350862,0.8059174773414459,0.8086122536062285,0.05273529389888449,0.6478663166506843,2.2188386528261357,4.788490473147616,2.6518011967366046,0.9953340052594203,-0.37561431716292404,7.324848943389352,True,False,False,1893
0.4212360676875218,0.4120215482517451,0.4123568002078214,0.545146609473024,0.3501601232257802,-2.7491099634684453,2.8769251373605194,1.7705048579259894,0.9655807508909935,-1.394284690574759,5.027988910281581,True,False,False,1894
0.01597567055619409,0.008776026431668294,0.019671797341678246,0.0009516242349702334,0.018460669236257953,8.469659496042745,3.315541640024044,1.756903898631413,0.957289831040936,6.4125967651027125,10.461752590691315,True,False,False,1895
0.8775073006680183,0.876017207335638,0.8762576792737032,0.1435808811367588,0.7330003871157315,-1.9776587632658558,5.7205825111053406,2.1964846321367446,0.9887182198452302,0.25281489049628725,5.095430199428823,True,False,False,1896
0.686857698893014,0.6827192740475239,0.6858191882008293,0.08321092252583832,0.8917767594571885,-0.7514387497428956,5.456435524658046,2.3866976676665392,0.9936625565008541,-0.605595239021711,6.538146890055479,True,False,False,1897
0.18517729337639613,0.17070691564886928,0.1815110280292383,0.36807567025548704,0.9099720763110544,0.5456841804079884,4.768083724457407,2.4523602788133876,0.9615872372461295,-2.494479305884261,6.235412810224291,True,False,False,1898
0.8935575450937844,0.8922677306753036,0.8939157618689901,0.11471442565981012,0.4259063906465503,3.7116695126106154,4.5710779936437005,2.2237081977956943,0.9701103503551934,-0.270442833312579,6.477812370830125,True,False,False,1899
0.08618589212980897,0.07180348603170607,0.07858703016544158,0.5787658159868087,0.640517656669631,-2.2385686303118892,4.724518068837324,1.966607544839498,0.9950157832210985,-2.627956123603239,2.1269786819363117,True,False,False,1900
0.19831461771241188,0.18405821265622252,0.1887087018939327,0.48846254880994155,0.47972388978390806,-2.7443675730826356,3.813915755790523,2.1374250824942416,0.90491089098383,-2.238004676756218,0.7607075583843441,True,False,False,1901
0.5385259789488058,0.531789873860171,0.5399533608788734,0.022683369170275445,0.18824528037281052,8.34469428070608,6.135697605742714,2.407781802480409,0.9688552676817184,1.4698386280462348,8.69541476644596,True,False,False,1902
0.5532723087294682,0.546820902146655,0.5482076586589179,0.5154162981408242,0.1407130641044366,-5.67017789164583,3.703750525466087,1.931446595055192,0.9769747923378315,-1.0140128372288335,4.25096641692087,True,False,False,1903
0.3286921469731421,0.31730791097878996,0.311841928656841,0.8160697980561264,0.23433284187171732,-7.29768087912111,5.959850770020142,1.8383732898077694,0.9987565024512314,-1.715626353076778,3.8869463990544575,True,False,False,1904
0.21097102438328433,0.19694372047884484,0.206824287099524,0.7598102513821443,0.7701812584955119,1.1827083602190578,3.996423288131877,1.9126434105073158,0.9654232052773595,-2.248494759071909,4.750929618554807,True,False,False,1905
0.5576714891339996,0.5513038322709911,0.5524022148961161,0.49906190683305424,0.6171331381055561,2.658970739678465,5.239957657008772,2.166245219110843,0.984376250586149,-0.9756611277845377,3.6684398215473513,True,False,False,1906
0.8385193251178377,0.8365320100814502,0.8434178387942207,0.18908386572274816,0.8790228115388116,-0.6309213139152274,4.094935402045615,1.964008813736243,0.976770564094899,0.3647374398292751,5.045819629556496,True,False,False,1907
0.3054942764849457,0.29355650664680794,0.29341822976944826,0.9159690542013667,0.983678878418316,0.08938095669859608,4.31751981791428,2.0955651411095033,0.9923724138952427,-1.503628983222365,2.4725448362370304,True,False,False,1908
0.4621351418796604,0.45382659451771956,0.46631295721673044,0.1817506927485379,0.9270673923094238,0.3503520800104061,3.781851586737872,2.034377483865173,0.9796631915720998,1.384868437775523,3.795162775259053,True,False,False,1909
0.44528006303165385,0.43660320370967987,0.43762019384071665,0.43010944999555123,0.6048510030392721,3.9142039030681164,7.450822557053753,2.5057692937219636,0.999329299739067,-1.0428892818621707,3.4756581436812026,True,True,False,1910
0.13456796393570766,0.11962492932713602,0.15196519432758146,0.04992453193761411,0.9898838237528693,0.04431745716048892,3.453963950272462,1.8170797608133191,0.977801478016472,2.8204605045408755,4.601654442717492,True,False,False,1911
0.5625393434499821,0.5562637279968429,0.5605556733092278,0.2796444656179129,0.3722613214496813,3.472900492810195,3.809152830033399,1.9373637852356564,0.9573301127431698,-1.188511148334979,6.502929316799822,True,False,False,1912
0.9983068648609497,0.9982865956596689,0.9972344660717346,0.10085341181370115,0.04545439103920738,7.685347474040284,3.613560174944822,1.89177567694809,0.976803449065061,-0.0075086827640413745,7.288740347643815,True,False,False,1913
0.867650839040429,0.866036571961618,0.8687593250186597,0.08647700200575222,0.47795542378058825,2.907902690019356,4.024766467687923,1.9668323965298073,0.998644937751932,0.30072579603892624,6.98800238358163,True,False,False,1914
0.30127434670495284,0.28923634201798726,0.3067470484564043,0.09393385766876065,0.07792893522927204,6.578000749010341,3.549158579982321,1.8751582241043345,0.9976025888545379,1.8579506781842419,4.210915498644729,True,False,False,1915
0.45424597784763593,0.4457659531655921,0.45191132346412205,0.01710463118734215,0.359731664105494,4.817497397351174,5.144915475542654,2.170400809563522,0.9661990034049401,1.5291677715715997,8.155361299742548,True,False,False,1916
0.15146682897584363,0.13660239693136442,0.1648295630180368,0.02498130005354104,0.8809195966378565,0.5030726095947122,3.3175841891921505,1.9693431653018336,0.9982827195218256,2.6487654894359203,6.356223254002493,True,False,False,1917
0.024421493564703835,0.015316340753062315,0.01883402973446353,0.14725065959763053,0.1773950136511791,-7.186776012800738,5.149309784712672,2.161089244154533,0.999329299739067,-3.4967586603695784,-0.12240400917934602,True,True,False,1918
0.04744838074494462,0.03523870377360212,0.053999090993963515,0.0006798453946302703,0.027807547309670378,11.487560254740192,4.8598777462408105,2.117398175662366,0.9965378303834166,4.436102134367339,10.792939206256786,True,False,False,1919
0.7658647017925486,0.7628974992782291,0.765299478851513,0.2159622506465082,0.6543238847335464,1.4011320597949906,3.084637065694027,1.8546947447447162,0.9815922907452941,-0.5068692801665451,5.8562430780256225,True,False,False,1920
0.968541078886882,0.968164070485323,0.9671405454710762,0.09610232577939658,0.1975461977225997,5.6674487335710575,4.258889330943719,2.17006313315298,0.9466847544357564,-0.07814883577845322,6.443193976747301,True,False,False,1921
0.4886592782264381,0.48091505385432476,0.4951852226795284,0.14423351144540986,0.6629362616137144,-1.5673016986253523,3.545128754422302,2.463448639840029,0.999329299739067,1.0228876708542178,3.688746406095361,True,True,False,1922
0.3959572612822513,0.3861633992033724,0.4052625266676018,0.07833977526466121,0.23014825654669524,3.80230303258143,3.076584942865043,1.6963451239928735,0.999329299739067,1.6067454728770718,6.023977805927162,True,True,False,1923
0.11982774881783896,0.10490867848163912,0.124015431387106,0.01118834778132221,0.8503554041573732,0.6419415778346304,3.360843384478109,1.9333748841862477,0.985145942221142,3.1278744493959145,7.983880644094578,True,False,False,1924
0.8870821474718293,0.8857118033397862,0.887697448114469,0.11078552420029708,0.33496999924256754,3.2360484985894096,3.2793025376652816,2.0834922120874237,0.9708965160035775,0.26253212051136376,5.980846606569271,True,False,False,1925
0.7877614313082909,0.7850980603653903,0.7871208623946386,0.07485502203403936,0.076833060483862,8.550968441564192,4.595317634762545,2.179495209526296,0.9892582801826535,-0.5145541706334642,7.648348547502124,True,False,False,1926
0.43771293177284365,0.4288683686490282,0.43183693548745106,0.2718106133210885,0.12490334960338469,6.516947231583586,4.07729257541091,2.5636828009282606,0.9162538979495315,-1.9429822584380778,5.638652673110117,True,False,False,1927
0.21079586920326224,0.1967652615805965,0.21532013123478785,0.013860796894499068,0.060110645154930094,8.155605150217102,4.104262603453108,1.89942934885487,0.9768609869134779,2.9839201908467023,8.675392786571802,True,False,False,1928
0.6951312635603033,0.6911215792581867,0.6993615525570828,0.15566036344071454,0.2161328164382509,4.7076188759478725,3.6913922657252116,2.1525088769927714,0.984986078912271,0.773588459361938,4.459694497734237,True,False,False,1929
0.9438617154935947,0.9431873789771069,0.9411380368943906,0.1453193911973985,0.9455168084797286,0.31267441881961405,4.521047802522104,1.9962536488207454,0.9899552618491262,0.1341185364209263,5.7470190171113185,True,False,False,1930
0.10359981730346075,0.08883909314865471,0.09806912884428402,0.10548303862043656,0.7289619177018655,1.9913697862569129,5.670724640450768,2.3026379047499694,0.9847421891731303,-3.0656315724192513,9.566811840522366,True,False,False,1931
0.8831121842686726,0.8816922897364894,0.8849574395118277,0.04991040757711565,0.12653885771280157,7.648496946006175,4.80717772234299,2.1518396856630266,0.9384924566858184,0.34812883291602414,8.004106326244349,True,False,False,1932
0.09849310054406955,0.08381779847433038,0.09235095918916023,0.2939844169999433,0.47766303929726533,-3.2574731327673745,4.505569318158315,1.8560180874543946,0.9420768353223798,-2.921165389445288,0.6902355722850482,True,False,False,1933
0.8666366026162187,0.8650095031883378,0.8645645550513,0.2035860874065493,0.6130674925791163,2.2761374125255176,4.433918156235015,2.797971137764405,0.956011128508892,-0.2913538232789499,4.05460881045097,True,False,False,1934
0.8423740252678874,0.8404366332268088,0.8426904838224673,0.030486635600035367,0.02287003615505947,15.21908055283913,6.198059075397857,2.2254311065453467,0.99888053617795,0.4318862896006017,8.959951358790386,True,False,False,1935
0.1296820202210842,0.11473615765154632,0.14713632431795085,0.0325276633106569,0.8989150571246483,0.738232842810905,5.7415194644983245,2.2160921637591575,0.9752942502965306,3.0703197782588516,6.1650505316501345,True,False,False,1936
0.6729567627316837,0.6685985320415241,0.6758949464015179,0.13499694158688874,0.5928045301175471,2.2974471727768266,4.230535578051169,1.9409118140354595,0.993291781639728,0.8253028135131988,5.460968218087259,True,False,False,1937
0.2598108382267223,0.24680869780075965,0.25158001125318225,0.04709919730101905,0.9408980290957937,0.3360600416173184,4.478783085406111,2.2315973412961108,0.999329299739067,-1.6107913739507573,9.370873732474488,True,True,False,1938
0.2554920107573738,0.24239286869633636,0.26317366497058736,0.012145966920636785,0.08993182496076374,7.60400679674965,4.277336497155063,2.0210078671528615,0.994261038482142,2.3000659165967834,7.61852974716394,True,False,False,1939
0.7619411656239179,0.7589186541834205,0.7645185103571039,0.3161049323359159,0.6671605632295861,-1.2993356085286205,2.978928003373221,2.066693585966998,0.9379046476132457,0.5240517270979987,3.1691380177867603,True,False,False,1940
0.9794510553288791,0.9792049443170049,0.9785304571052235,0.2852126629843922,0.38675251048371895,3.780854874441374,4.277418407605465,2.1965882478856025,0.9691463886481207,0.04674416940729209,3.758119330335544,True,False,False,1941
0.8932521698203413,0.8919585655638423,0.8939274168659224,0.5243224289818489,0.9927025293974938,0.046577019303405846,5.032278637619559,2.1378054288592674,0.9931817743840359,0.19691600800925335,1.7870818722831148,True,False,False,1942
0.4314406975773633,0.42245606299407124,0.440998053667527,0.05585308212588511,0.37894016202454117,3.3571366017548083,3.7350550446268227,1.7649685275107347,0.9888517164149573,1.4703990847419401,6.391081343082924,True,False,False,1943
0.605528740130966,0.6000376181334621,0.6088852028812994,0.21012761113702924,0.10573383809049995,6.194678697966826,3.6645261874979984,1.9055421240607957,0.982868328911282,0.997446796096789,3.7264184884725706,True,False,False,1944
0.055071751251311224,0.04222365978990124,0.048622647463753624,0.41084673249990156,0.2869903992823492,6.070173377111419,5.556243489076887,2.5071393136191826,0.9875537518368777,-3.5060760042371433,6.753074576777603,True,False,False,1945
0.15734070490027058,0.14252501692523414,0.16884499056646957,0.056241926257487335,0.7845734992731884,1.893438653096694,6.838292594200852,2.3563075665400186,0.999329299739067,2.16765422120895,3.97641803945407,True,True,False,1946
0.7146988397593792,0.7109876739338981,0.717520674116048,0.013745551821393115,0.3345231259559151,4.41716640098997,4.471976835407466,2.321183520973308,0.999329299739067,0.748472209639262,9.887062495368458,True,True,False,1947
0.40749715177989915,0.39796942049507655,0.41571978283312866,0.02842540217033778,0.238548499731568,3.800800587258283,3.1330427043876914,1.853708817788844,0.999329299739067,1.4724111618401858,7.5763207532349135,True,True,False,1948
0.028599025604390857,0.018749215239024362,0.041138090709733476,0.01061660191811122,0.7013911438186627,1.4282570149363216,3.6741872303212237,2.0638271805185955,0.9632905290419347,4.931675989799853,6.586931607789879,True,False,False,1949
0.9418708346057386,0.9411724128319854,0.9426185407216175,0.39625458403869473,0.755893920343308,2.2216790778617654,7.053656398674108,2.118226405911739,0.9551957582532742,-0.12936874571695434,3.4280467692240006,True,False,False,1950
0.9953936499564567,0.9953385043964684,0.9945072988938509,0.11412135696271959,0.6446280982785408,1.4131291704122386,3.019715964382528,1.7521154830546126,0.96379651209525,-0.013415778494411335,7.565089687883898,True,False,False,1951
0.8351151713327678,0.8330836161776098,0.8354853125069727,0.17386618688315472,0.4058787619637165,3.932031816491259,4.635611712289311,2.1285745754817875,0.9727930617433346,-0.4614740036131524,6.472500438431549,True,False,False,1952
0.17371851891759255,0.15908579035482343,0.1638834816274698,0.6228413629571269,0.10433886791035624,-4.925584972128047,2.901354817091375,1.5125984986055987,0.999329299739067,-2.1470730638126723,2.841429283809206,True,True,False,1953
0.9848242220398236,0.9846425021107701,0.9863242633222835,0.2956008356823183,0.9492368709351672,-0.2691611612125453,4.177545300727953,2.0906061761048433,0.9704619359105978,-0.030196479152244216,3.8142978947753243,True,False,False,1954
0.022655519735779898,0.013899585503779009,0.024397526699605772,0.0013526480246975553,0.11837102489989765,9.85098113135649,6.049833187995694,2.1169670877718496,0.9916135510863324,5.416318988038814,9.26153896616337,True,False,False,1955
0.019337809728495452,0.011303377129451089,0.012574775416452924,0.19822732467189835,0.36299545148084744,-3.6772641164376263,3.954519688147838,1.933589202830186,0.9950930695020482,-4.041291418676185,1.6483223988092035,True,False,False,1956
0.6251982137014099,0.6200494759943558,0.6309632762664827,0.10789847401942623,0.9798949083462406,-0.11326595664150634,4.441358833108988,2.0957117740399407,0.9830022041056893,0.915491551996797,5.382876403122671,True,False,False,1957
0.14249445632281518,0.12757593996804634,0.12942578908356292,0.845008931904955,0.9753063745272595,-0.192849120750333,6.156448396311853,2.022811845650403,0.9879267612158902,-2.5881965569037977,3.07791481488992,True,False,False,1958
0.45349615143296174,0.4449997443059023,0.444323872447692,0.36990346627900117,0.7811170021381677,-1.1470249197727749,4.075356254577708,1.979300248904825,0.9953301885469737,-1.237029344903819,5.170245590976486,True,False,False,1959
0.15282449159408662,0.1379704411909178,0.14451225822391744,0.855890615913335,0.9022104989040433,-0.8671203427653623,6.972487076937481,2.26575492601847,0.9946176584282773,-2.289611674178137,3.5655515007140397,True,False,False,1960
0.23633892299584955,0.2228220131129344,0.24112018662193932,0.024165876937703907,0.9223531239621677,0.589966429300109,5.980504526694145,2.2121198684619916,0.9940217391592158,1.9319236751065496,6.6101981395784914,True,False,False,1961
0.004529968523054554,0.0014835529867940791,0.0035233449348738527,0.0009529980238388639,0.014915768621627686,12.063907241071874,4.549224033695842,1.744715357339193,0.999329299739067,7.701461120957223,6.723167718051988,True,True,False,1962
0.9342337545166117,0.9334427702561666,0.9313267122452018,0.1100933335654995,0.9206643813238082,-0.3920584353257014,3.8894177530219074,2.052286320288365,0.993091595539569,0.14587432242834986,6.133235248631821,True,False,False,1963
0.5220975947682567,0.515037098166869,0.5171502341232654,0.08294196422234806,0.9172849071715186,0.5118680967073744,4.869766348428529,2.289721287703036,0.999329299739067,-1.109391863382954,7.500466736971914,True,True,False,1964
0.014036466638512143,0.0073759097118792465,0.019849817449262456,0.002310173765973637,0.3417299547382677,5.24663502418377,5.393383698743186,2.0814102679194098,0.999329299739067,5.193905991342466,7.710620517673462,True,True,False,1965
0.8577518372373046,0.8560118669246699,0.8587061618715199,0.5717415467877229,0.9569210753275705,0.24979167475928943,4.569391740532294,1.9504741861040014,0.999329299739067,0.2686384039810037,1.7051608542561056,True,True,False,1966
0.589785284697784,0.584012715833649,0.579665746495166,0.6588567803520579,0.904253997444002,0.6656586382663713,5.46739090024546,2.2769714070103437,0.9068643333056032,-1.0276812946085754,-0.20062090139644004,True,False,False,1967
0.10221157947918244,0.08747219717670186,0.0955637902873734,0.9259277402084857,0.5775111248569159,-2.8359205451147305,5.012032345698021,2.228751499630348,0.957314163980292,-2.873907461429749,3.4644931505267387,True,False,False,1968
0.6456577533071547,0.6408545679758764,0.6499280644781373,0.12674745198798124,0.19069699534894644,6.430542324386763,4.755635463797418,1.8652315548576723,0.9974325972878193,0.905277487592901,5.624231437688493,True,False,False,1969
0.7919363848201709,0.7893300502556535,0.7936848929133158,0.12994368877476367,0.9977453299207206,-0.012102952018319466,4.232330047174004,2.0530488379855534,0.9694225909720732,0.45710327905646064,5.462332775577131,True,False,False,1970
0.9968089954218303,0.9967707943218392,0.9966195701233774,0.04268981637865876,0.30633663785757176,3.510260325222082,3.347961264757922,2.2142920117286673,0.9632408554365188,0.007907282202254784,7.986326253990386,True,False,False,1971
0.16281797986857618,0.14805624370222617,0.15221340310972908,0.8955310170350831,0.6251782983039647,-2.4145447398145543,4.869909677968949,2.19671630058793,0.999329299739067,-1.9374138937144014,2.9737864640932656,True,True,False,1972
0.971996074181301,0.9716605452681243,0.9744785291321794,0.7886561590171866,0.9744515583036415,0.16964767142414278,5.234505768299556,2.0982385715199383,0.9978548116504303,0.05162556525294959,0.9388983666901216,True,False,False,1973
0.9454662134867137,0.9448112752887938,0.9445413405800145,0.2505062312235251,0.7949114504279806,-0.9320569433381521,3.5403625071227194,1.8681935389144797,0.999329299739067,0.11868905283362352,4.511562615900736,True,True,False,1974
0.037640791568296854,0.02649009989074352,0.04655208650368931,0.024146631302701678,0.03673131787711712,4.1646602365603425,1.8669043362045918,1.140347944018402,0.999329299739067,4.762377065045297,6.216540327337109,True,True,False,1975
0.09827582075894875,0.08360458544807059,0.10410823055875168,0.04741220266756631,0.23819385448991387,6.414124601726407,5.283106253848097,2.038843878401837,0.999329299739067,3.0858164045110597,3.764144702437729,True,True,False,1976
0.509653953955019,0.502342680074208,0.5129953861048007,0.29689534330795436,0.5379903932700172,1.9722046219681966,3.1499410851897,1.9727149450232564,0.9616365647863436,1.1337028176636523,2.169877966615889,True,False,False,1977
0.9069548471350913,0.9058305767481278,0.9072766871117347,0.1384972314643607,0.6241674122516312,2.1199534653123813,4.26321209858875,2.051977388868767,0.9834308354002034,-0.2221775532446415,6.081787327910487,True,False,False,1978
0.6207136515122648,0.6154877418527492,0.6240097623742275,0.08331181040779229,0.3870142506725614,2.632863531307733,2.980326619416026,1.8222605996768448,0.9709468297319723,0.9083456897420135,6.112306028873451,True,False,False,1979
0.008282104468018473,0.0035591097883453525,0.012761866420975855,0.0007373219487897519,0.190917928301122,6.410282041633716,4.743113351894159,2.1727752157902027,0.999329299739067,5.237691973734651,9.192816065733906,True,True,False,1980
0.29652765191432257,0.28437719191730376,0.2723916511989054,0.8035765195037284,0.8864818598144277,-0.7005484334558455,4.8480170298993555,2.149976674436636,0.9928669203499095,-1.9365206054257995,1.7287478300758774,True,False,False,1981
0.21928122257780813,0.205414477044777,0.22929630484485655,0.017703074968558108,0.25378647389226133,9.063426580305121,7.7242996933392885,2.244249586033324,0.9972704134406272,2.3414803136239994,7.136561965715137,True,False,False,1982
0.2347876134600758,0.2212379105031935,0.23972625075333964,0.0160717906782436,0.6051222037598752,2.710324402716273,5.163098538231708,2.067900478416611,0.9665159757798019,2.0894866792629925,6.586543892198156,True,False,False,1983
0.9202394450606208,0.919278053269764,0.9203625795648248,0.051291753105945886,0.8785020999397782,0.891171085616653,5.759066079976904,2.290800384462506,0.9661422850366637,0.19044670824283738,7.951359844199899,True,False,False,1984
0.25011902198530606,0.2369005062602021,0.24338130165482172,0.5327186468051699,0.20217955870934384,5.83448046219364,4.431658082494301,2.0189799033278684,0.9971959597618022,-2.051984363092293,5.276969669790833,True,False,False,1985
0.2714748375851996,0.2587386838195487,0.2846972046729168,0.030309387389786842,0.9131532584066888,-0.747503614231151,6.771869929054278,2.1146289224332566,0.9768678374652838,2.4616516820317713,7.1660544421194174,True,False,False,1986
0.5217768921617648,0.5147099872241654,0.5243065955917474,0.06589658281761221,0.3868714077650666,3.963177542703059,4.4848300756347825,2.342580371921111,0.9872676132873545,1.0504482965500035,5.098305717687803,True,False,False,1987
0.9215998667799613,0.9206550903063915,0.9212835243095553,0.06935129779770369,0.46081197054829764,3.105970770334698,4.134152751262174,2.2086285982298044,0.993667320537038,-0.1784927230935569,7.134196720326322,True,False,False,1988
0.5394993943946994,0.5327822711699566,0.5476805317250094,0.25252362980878607,0.779661458827122,1.5687209160751596,5.5357775866725545,2.04359115584778,0.9824943590966705,1.1171090085470006,3.1487239234826316,True,False,False,1989
0.2560349729971296,0.24294797671193558,0.2508713581152378,0.8170310997220668,0.9053925331618486,-0.5786334766830592,4.810098706061942,2.1269550282362,0.9681916504363894,-1.860601126810372,1.8111771852881913,True,False,False,1990
0.6532536436300921,0.6485760803032197,0.6553023506386136,0.1261858159808923,0.11355853099095072,7.80435279601172,4.726254085958211,2.138566443880863,0.9579380590339424,0.8911626349425728,5.365787268901006,True,False,False,1991
0.6929510827441461,0.6889076220949252,0.6908291060454032,0.49384401239804654,0.6388853594486072,-1.417616337340586,2.9772600609288946,1.7351114608047233,0.975324504158718,-0.7412125674754435,4.551110820970093,True,False,False,1992
0.49455972863602343,0.48693842404993215,0.49913182420614444,0.03459620632751328,0.42173125621475654,3.3704304037396184,4.1130241483790195,2.4988424843403036,0.9882573641342929,1.2052114903107647,6.952009638557845,True,False,False,1993
0.5666889877792325,0.5604913121842878,0.5706592653295679,0.2354636837562725,0.6860387274196688,-1.9628731938318893,4.788793672173152,2.129847982837251,0.999329299739067,0.9102855899132751,3.2638762232647265,True,True,False,1994
0.11967643055855529,0.10475814102046448,0.1332946011048418,0.027162606105602827,0.7399694433703572,1.3393471950552838,3.9823981446770866,2.089121321151848,0.999329299739067,2.6944086303632897,5.415281221243018,True,True,False,1995
0.6190193765517114,0.6137641753185965,0.6114817545293625,0.49306478437600537,0.37219334234771584,-3.6822531849120326,4.038190084431022,1.9499516632090068,0.9794496665522758,-0.890635272863423,4.185771878966021,True,False,False,1996
0.42429587993409396,0.4151505444602497,0.4192427567073629,0.36450980481707695,0.6839125158322722,-3.277619005577218,7.939305461101732,2.303367848254892,0.999329299739067,-1.1596672182514043,4.824702603541809,True,True,False,1997
0.012396415224052805,0.006230998025465921,0.018643112640551848,0.0008480276535468183,0.059690871078040754,9.114651148857302,4.578708491073563,2.0465460993631854,0.999329299739067,5.686770498323124,9.531565683165933,True,True,False,1998
0.7630939984791217,0.7600877664345143,0.7646408828295379,0.12216328196363901,0.24960662430777938,3.905723968575083,3.298498167992883,1.9668013234867652,0.9508452431442754,-0.5877719712687064,6.681827742241938,True,False,False,1999
0.6139910232037836,0.6086484475284166,0.6107217645803069,0.3104245118045125,0.7099046411349842,-1.5884867905860682,4.212703240548348,2.2378721221120346,0.9906945958072074,-0.9643807102631783,5.478287395319315,True,False,False,2000
