cell,block,k,rho,lam,lam_tag,rho_s,delta,seed,reps,sigma_alpha,sigma_theta,delta_over_sigma_alpha,b_dor,mean_s_sd,nonconverged_full,nonconverged_null,boundary_full,boundary_t,boundary_sig,boundary_null,hessian_not_invertible,invalid_any,negative_lr,min_lr_raw,failed_replicates,mean_lam_hat,python,numpy,scipy,seconds,method,n_generated,n_valid,n_invalid,n_reject,rate,mcse,rate_all_denominator
K30-r0.4-l0.25-rs0.0-d0.0,shape,30,0.4,0.25,0.25,0.0,0.0,85011,1000,0.8215838362577491,0.6274950199005567,0.0,0.0,0.026027785726132707,0,2,0,0,0,0,0,0,0,1.7521512063467526e-07,0,0.24882368647908168,,2.4.4,1.17.1,603,deeks,1000,1000,0,153,0.153,0.011383804285035824,0.153
K30-r0.4-l0.25-rs0.0-d0.0,shape,30,0.4,0.25,0.25,0.0,0.0,85011,1000,0.8215838362577491,0.6274950199005567,0.0,0.0,0.026027785726132707,0,2,0,0,0,0,0,0,0,1.7521512063467526e-07,0,0.24882368647908168,,2.4.4,1.17.1,603,c1,1000,1000,0,124,0.124,0.010422283818818216,0.124
K30-r0.4-l0.25-rs0.0-d0.0,shape,30,0.4,0.25,0.25,0.0,0.0,85011,1000,0.8215838362577491,0.6274950199005567,0.0,0.0,0.026027785726132707,0,2,0,0,0,0,0,0,0,1.7521512063467526e-07,0,0.24882368647908168,,2.4.4,1.17.1,603,hsW,1000,1000,0,120,0.12,0.010276186062932104,0.12
K30-r0.4-l0.25-rs0.0-d0.0,shape,30,0.4,0.25,0.25,0.0,0.0,85011,1000,0.8215838362577491,0.6274950199005567,0.0,0.0,0.026027785726132707,0,2,0,0,0,0,0,0,0,1.7521512063467526e-07,0,0.24882368647908168,,2.4.4,1.17.1,603,hsL,1000,1000,0,130,0.13,0.010634848376916336,0.13
K30-r0.4-l0.25-rs0.0-d0.0,shape,30,0.4,0.25,0.25,0.0,0.0,85011,1000,0.8215838362577491,0.6274950199005567,0.0,0.0,0.026027785726132707,0,2,0,0,0,0,0,0,0,1.7521512063467526e-07,0,0.24882368647908168,,2.4.4,1.17.1,603,hsLt,1000,1000,0,117,0.117,0.010164201887015036,0.117
K30-r0.4-l0.25-rs0.4-d0.0,shape,30,0.4,0.25,0.25,0.4,0.0,85012,1000,0.8215838362577491,0.6274950199005567,0.0,-0.3764970119403341,0.02595760514124969,0,0,0,0,0,0,0,0,0,5.116874035593355e-09,0,0.24909486548782214,,2.4.4,1.17.1,629,deeks,1000,1000,0,357,0.357,0.015150940564862632,0.357
K30-r0.4-l0.25-rs0.4-d0.0,shape,30,0.4,0.25,0.25,0.4,0.0,85012,1000,0.8215838362577491,0.6274950199005567,0.0,-0.3764970119403341,0.02595760514124969,0,0,0,0,0,0,0,0,0,5.116874035593355e-09,0,0.24909486548782214,,2.4.4,1.17.1,629,c1,1000,1000,0,420,0.42,0.015607690412101338,0.42
K30-r0.4-l0.25-rs0.4-d0.0,shape,30,0.4,0.25,0.25,0.4,0.0,85012,1000,0.8215838362577491,0.6274950199005567,0.0,-0.3764970119403341,0.02595760514124969,0,0,0,0,0,0,0,0,0,5.116874035593355e-09,0,0.24909486548782214,,2.4.4,1.17.1,629,hsW,1000,1000,0,100,0.1,0.009486832980505138,0.1
K30-r0.4-l0.25-rs0.4-d0.0,shape,30,0.4,0.25,0.25,0.4,0.0,85012,1000,0.8215838362577491,0.6274950199005567,0.0,-0.3764970119403341,0.02595760514124969,0,0,0,0,0,0,0,0,0,5.116874035593355e-09,0,0.24909486548782214,,2.4.4,1.17.1,629,hsL,1000,1000,0,114,0.114,0.010050074626588601,0.114
K30-r0.4-l0.25-rs0.4-d0.0,shape,30,0.4,0.25,0.25,0.4,0.0,85012,1000,0.8215838362577491,0.6274950199005567,0.0,-0.3764970119403341,0.02595760514124969,0,0,0,0,0,0,0,0,0,5.116874035593355e-09,0,0.24909486548782214,,2.4.4,1.17.1,629,hsLt,1000,1000,0,99,0.099,0.009444522221901964,0.099
K30-r0.4-l0.25-rs0.0-d0.5,shape,30,0.4,0.25,0.25,0.0,0.5,86011,1000,0.8215838362577491,0.6274950199005567,0.6085806194501846,0.625,0.02601290640620065,0,1,1,1,0,1,0,0,0,0.0031882082161587277,0,0.2504738880532645,,2.4.4,1.17.1,663,deeks,1000,1000,0,529,0.529,0.01578477114183161,0.529
K30-r0.4-l0.25-rs0.0-d0.5,shape,30,0.4,0.25,0.25,0.0,0.5,86011,1000,0.8215838362577491,0.6274950199005567,0.6085806194501846,0.625,0.02601290640620065,0,1,1,1,0,1,0,0,0,0.0031882082161587277,0,0.2504738880532645,,2.4.4,1.17.1,663,c1,1000,1000,0,717,0.717,0.014244683218660919,0.717
K30-r0.4-l0.25-rs0.0-d0.5,shape,30,0.4,0.25,0.25,0.0,0.5,86011,1000,0.8215838362577491,0.6274950199005567,0.6085806194501846,0.625,0.02601290640620065,0,1,1,1,0,1,0,0,0,0.0031882082161587277,0,0.2504738880532645,,2.4.4,1.17.1,663,hsW,1000,1000,0,778,0.778,0.013142145943490354,0.778
K30-r0.4-l0.25-rs0.0-d0.5,shape,30,0.4,0.25,0.25,0.0,0.5,86011,1000,0.8215838362577491,0.6274950199005567,0.6085806194501846,0.625,0.02601290640620065,0,1,1,1,0,1,0,0,0,0.0031882082161587277,0,0.2504738880532645,,2.4.4,1.17.1,663,hsL,1000,1000,0,805,0.805,0.012528966437819202,0.805
K30-r0.4-l0.25-rs0.0-d0.5,shape,30,0.4,0.25,0.25,0.0,0.5,86011,1000,0.8215838362577491,0.6274950199005567,0.6085806194501846,0.625,0.02601290640620065,0,1,1,1,0,1,0,0,0,0.0031882082161587277,0,0.2504738880532645,,2.4.4,1.17.1,663,hsLt,1000,1000,0,791,0.791,0.012857643641040918,0.791
K30-r0.4-l0.25-rs0.4-d0.5,shape,30,0.4,0.25,0.25,0.4,0.5,90122,1000,0.8215838362577491,0.6274950199005567,0.6085806194501846,0.24850298805966592,0.026011529265391485,0,0,1,1,0,0,0,0,0,0.0001528840966784628,0,0.2488759683601635,,2.4.4,1.17.1,1538,deeks,1000,1000,0,218,0.218,0.0130566458173606,0.218
K30-r0.4-l0.25-rs0.4-d0.5,shape,30,0.4,0.25,0.25,0.4,0.5,90122,1000,0.8215838362577491,0.6274950199005567,0.6085806194501846,0.24850298805966592,0.026011529265391485,0,0,1,1,0,0,0,0,0,0.0001528840966784628,0,0.2488759683601635,,2.4.4,1.17.1,1538,c1,1000,1000,0,238,0.238,0.01346684818359515,0.238
K30-r0.4-l0.25-rs0.4-d0.5,shape,30,0.4,0.25,0.25,0.4,0.5,90122,1000,0.8215838362577491,0.6274950199005567,0.6085806194501846,0.24850298805966592,0.026011529265391485,0,0,1,1,0,0,0,0,0,0.0001528840966784628,0,0.2488759683601635,,2.4.4,1.17.1,1538,hsW,1000,1000,0,785,0.785,0.012991343271578961,0.785
K30-r0.4-l0.25-rs0.4-d0.5,shape,30,0.4,0.25,0.25,0.4,0.5,90122,1000,0.8215838362577491,0.6274950199005567,0.6085806194501846,0.24850298805966592,0.026011529265391485,0,0,1,1,0,0,0,0,0,0.0001528840966784628,0,0.2488759683601635,,2.4.4,1.17.1,1538,hsL,1000,1000,0,792,0.792,0.012834952278836098,0.792
K30-r0.4-l0.25-rs0.4-d0.5,shape,30,0.4,0.25,0.25,0.4,0.5,90122,1000,0.8215838362577491,0.6274950199005567,0.6085806194501846,0.24850298805966592,0.026011529265391485,0,0,1,1,0,0,0,0,0,0.0001528840966784628,0,0.2488759683601635,,2.4.4,1.17.1,1538,hsLt,1000,1000,0,774,0.774,0.013225883713385657,0.774
K30-r0.4-l0.5-rs0.0-d0.0,shape,30,0.4,0.5,0.5,0.0,0.0,81011,1000,0.8215838362577491,0.6274950199005567,0.0,0.0,0.02600160734414096,0,0,0,0,0,0,0,0,0,3.9347469282802194e-08,0,0.5033062487951837,,2.4.4,1.17.1,533,deeks,1000,1000,0,156,0.156,0.011474493452871897,0.156
K30-r0.4-l0.5-rs0.0-d0.0,shape,30,0.4,0.5,0.5,0.0,0.0,81011,1000,0.8215838362577491,0.6274950199005567,0.0,0.0,0.02600160734414096,0,0,0,0,0,0,0,0,0,3.9347469282802194e-08,0,0.5033062487951837,,2.4.4,1.17.1,533,c1,1000,1000,0,102,0.102,0.009570579919733181,0.102
K30-r0.4-l0.5-rs0.0-d0.0,shape,30,0.4,0.5,0.5,0.0,0.0,81011,1000,0.8215838362577491,0.6274950199005567,0.0,0.0,0.02600160734414096,0,0,0,0,0,0,0,0,0,3.9347469282802194e-08,0,0.5033062487951837,,2.4.4,1.17.1,533,hsW,1000,1000,0,109,0.109,0.00985489725973843,0.109
K30-r0.4-l0.5-rs0.0-d0.0,shape,30,0.4,0.5,0.5,0.0,0.0,81011,1000,0.8215838362577491,0.6274950199005567,0.0,0.0,0.02600160734414096,0,0,0,0,0,0,0,0,0,3.9347469282802194e-08,0,0.5033062487951837,,2.4.4,1.17.1,533,hsL,1000,1000,0,115,0.115,0.010088359628799918,0.115
K30-r0.4-l0.5-rs0.0-d0.0,shape,30,0.4,0.5,0.5,0.0,0.0,81011,1000,0.8215838362577491,0.6274950199005567,0.0,0.0,0.02600160734414096,0,0,0,0,0,0,0,0,0,3.9347469282802194e-08,0,0.5033062487951837,,2.4.4,1.17.1,533,hsLt,1000,1000,0,101,0.101,0.009528850927577786,0.101
K30-r0.4-l0.5-rs0.4-d0.0,shape,30,0.4,0.5,0.5,0.4,0.0,81012,1000,0.8215838362577491,0.6274950199005567,0.0,-0.17748239349298853,0.025773073138654845,0,2,0,0,0,0,0,0,0,2.463947566866409e-06,0,0.507989573213162,,2.4.4,1.17.1,556,deeks,1000,1000,0,240,0.24,0.013505554412907307,0.24
K30-r0.4-l0.5-rs0.4-d0.0,shape,30,0.4,0.5,0.5,0.4,0.0,81012,1000,0.8215838362577491,0.6274950199005567,0.0,-0.17748239349298853,0.025773073138654845,0,2,0,0,0,0,0,0,0,2.463947566866409e-06,0,0.507989573213162,,2.4.4,1.17.1,556,c1,1000,1000,0,263,0.263,0.013922320208930694,0.263
K30-r0.4-l0.5-rs0.4-d0.0,shape,30,0.4,0.5,0.5,0.4,0.0,81012,1000,0.8215838362577491,0.6274950199005567,0.0,-0.17748239349298853,0.025773073138654845,0,2,0,0,0,0,0,0,0,2.463947566866409e-06,0,0.507989573213162,,2.4.4,1.17.1,556,hsW,1000,1000,0,114,0.114,0.010050074626588601,0.114
K30-r0.4-l0.5-rs0.4-d0.0,shape,30,0.4,0.5,0.5,0.4,0.0,81012,1000,0.8215838362577491,0.6274950199005567,0.0,-0.17748239349298853,0.025773073138654845,0,2,0,0,0,0,0,0,0,2.463947566866409e-06,0,0.507989573213162,,2.4.4,1.17.1,556,hsL,1000,1000,0,131,0.131,0.010669536072388528,0.131
K30-r0.4-l0.5-rs0.4-d0.0,shape,30,0.4,0.5,0.5,0.4,0.0,81012,1000,0.8215838362577491,0.6274950199005567,0.0,-0.17748239349298853,0.025773073138654845,0,2,0,0,0,0,0,0,0,2.463947566866409e-06,0,0.507989573213162,,2.4.4,1.17.1,556,hsLt,1000,1000,0,115,0.115,0.010088359628799918,0.115
K30-r0.4-l0.5-rs0.0-d0.5,shape,30,0.4,0.5,0.5,0.0,0.5,86012,1000,0.8215838362577491,0.6274950199005567,0.6085806194501846,0.5303300858899107,0.025983378399348705,0,1,0,0,0,0,0,0,0,1.409874801083788e-05,0,0.5032298764452177,,2.4.4,1.17.1,586,deeks,1000,1000,0,635,0.635,0.015224158433227107,0.635
K30-r0.4-l0.5-rs0.0-d0.5,shape,30,0.4,0.5,0.5,0.0,0.5,86012,1000,0.8215838362577491,0.6274950199005567,0.6085806194501846,0.5303300858899107,0.025983378399348705,0,1,0,0,0,0,0,0,0,1.409874801083788e-05,0,0.5032298764452177,,2.4.4,1.17.1,586,c1,1000,1000,0,809,0.809,0.012430567163247216,0.809
K30-r0.4-l0.5-rs0.0-d0.5,shape,30,0.4,0.5,0.5,0.0,0.5,86012,1000,0.8215838362577491,0.6274950199005567,0.6085806194501846,0.5303300858899107,0.025983378399348705,0,1,0,0,0,0,0,0,0,1.409874801083788e-05,0,0.5032298764452177,,2.4.4,1.17.1,586,hsW,1000,1000,0,836,0.836,0.011709141727727102,0.836
K30-r0.4-l0.5-rs0.0-d0.5,shape,30,0.4,0.5,0.5,0.0,0.5,86012,1000,0.8215838362577491,0.6274950199005567,0.6085806194501846,0.5303300858899107,0.025983378399348705,0,1,0,0,0,0,0,0,0,1.409874801083788e-05,0,0.5032298764452177,,2.4.4,1.17.1,586,hsL,1000,1000,0,851,0.851,0.011260506205317771,0.851
K30-r0.4-l0.5-rs0.0-d0.5,shape,30,0.4,0.5,0.5,0.0,0.5,86012,1000,0.8215838362577491,0.6274950199005567,0.6085806194501846,0.5303300858899107,0.025983378399348705,0,1,0,0,0,0,0,0,0,1.409874801083788e-05,0,0.5032298764452177,,2.4.4,1.17.1,586,hsLt,1000,1000,0,841,0.841,0.011563693181678596,0.841
K30-r0.4-l0.5-rs0.4-d0.5,shape,30,0.4,0.5,0.5,0.4,0.5,88004,1000,0.8215838362577491,0.6274950199005567,0.6085806194501846,0.35284769239692215,0.025809649100127046,0,1,0,0,0,0,0,0,0,0.0003232468832266022,0,0.5018346575000224,,2.4.4,1.17.1,609,deeks,1000,1000,0,408,0.408,0.015541428505771277,0.408
K30-r0.4-l0.5-rs0.4-d0.5,shape,30,0.4,0.5,0.5,0.4,0.5,88004,1000,0.8215838362577491,0.6274950199005567,0.6085806194501846,0.35284769239692215,0.025809649100127046,0,1,0,0,0,0,0,0,0,0.0003232468832266022,0,0.5018346575000224,,2.4.4,1.17.1,609,c1,1000,1000,0,553,0.553,0.01572230899073034,0.553
K30-r0.4-l0.5-rs0.4-d0.5,shape,30,0.4,0.5,0.5,0.4,0.5,88004,1000,0.8215838362577491,0.6274950199005567,0.6085806194501846,0.35284769239692215,0.025809649100127046,0,1,0,0,0,0,0,0,0,0.0003232468832266022,0,0.5018346575000224,,2.4.4,1.17.1,609,hsW,1000,1000,0,840,0.84,0.011593101396951551,0.84
K30-r0.4-l0.5-rs0.4-d0.5,shape,30,0.4,0.5,0.5,0.4,0.5,88004,1000,0.8215838362577491,0.6274950199005567,0.6085806194501846,0.35284769239692215,0.025809649100127046,0,1,0,0,0,0,0,0,0,0.0003232468832266022,0,0.5018346575000224,,2.4.4,1.17.1,609,hsL,1000,1000,0,844,0.844,0.011474493452871897,0.844
K30-r0.4-l0.5-rs0.4-d0.5,shape,30,0.4,0.5,0.5,0.4,0.5,88004,1000,0.8215838362577491,0.6274950199005567,0.6085806194501846,0.35284769239692215,0.025809649100127046,0,1,0,0,0,0,0,0,0,0.0003232468832266022,0,0.5018346575000224,,2.4.4,1.17.1,609,hsLt,1000,1000,0,836,0.836,0.011709141727727102,0.836
K30-r0.4-l0.71-rs0.0-d0.0,shape,30,0.4,0.7071067811865476,0.71,0.0,0.0,85021,1000,0.8215838362577491,0.6274950199005567,0.0,0.0,0.02592685605768961,0,3,0,0,0,0,0,0,0,1.2089354868294322e-06,0,0.7173427595207051,,2.4.4,1.17.1,500,deeks,1000,1000,0,137,0.137,0.010873407929439602,0.137
K30-r0.4-l0.71-rs0.0-d0.0,shape,30,0.4,0.7071067811865476,0.71,0.0,0.0,85021,1000,0.8215838362577491,0.6274950199005567,0.0,0.0,0.02592685605768961,0,3,0,0,0,0,0,0,0,1.2089354868294322e-06,0,0.7173427595207051,,2.4.4,1.17.1,500,c1,1000,1000,0,107,0.107,0.009775019181566858,0.107
K30-r0.4-l0.71-rs0.0-d0.0,shape,30,0.4,0.7071067811865476,0.71,0.0,0.0,85021,1000,0.8215838362577491,0.6274950199005567,0.0,0.0,0.02592685605768961,0,3,0,0,0,0,0,0,0,1.2089354868294322e-06,0,0.7173427595207051,,2.4.4,1.17.1,500,hsW,1000,1000,0,110,0.11,0.009894442884771228,0.11
K30-r0.4-l0.71-rs0.0-d0.0,shape,30,0.4,0.7071067811865476,0.71,0.0,0.0,85021,1000,0.8215838362577491,0.6274950199005567,0.0,0.0,0.02592685605768961,0,3,0,0,0,0,0,0,0,1.2089354868294322e-06,0,0.7173427595207051,,2.4.4,1.17.1,500,hsL,1000,1000,0,118,0.118,0.01020176455325254,0.118
K30-r0.4-l0.71-rs0.0-d0.0,shape,30,0.4,0.7071067811865476,0.71,0.0,0.0,85021,1000,0.8215838362577491,0.6274950199005567,0.0,0.0,0.02592685605768961,0,3,0,0,0,0,0,0,0,1.2089354868294322e-06,0,0.7173427595207051,,2.4.4,1.17.1,500,hsLt,1000,1000,0,109,0.109,0.00985489725973843,0.109
K30-r0.4-l0.71-rs0.4-d0.0,shape,30,0.4,0.7071067811865476,0.71,0.4,0.0,85022,1000,0.8215838362577491,0.6274950199005567,0.0,-0.08742529178823186,0.025939211523222247,0,2,0,0,0,0,0,0,0,2.124649142842827e-06,0,0.7229742725660784,,2.4.4,1.17.1,520,deeks,1000,1000,0,188,0.188,0.012355403676124872,0.188
K30-r0.4-l0.71-rs0.4-d0.0,shape,30,0.4,0.7071067811865476,0.71,0.4,0.0,85022,1000,0.8215838362577491,0.6274950199005567,0.0,-0.08742529178823186,0.025939211523222247,0,2,0,0,0,0,0,0,0,2.124649142842827e-06,0,0.7229742725660784,,2.4.4,1.17.1,520,c1,1000,1000,0,146,0.146,0.011166198995181842,0.146
K30-r0.4-l0.71-rs0.4-d0.0,shape,30,0.4,0.7071067811865476,0.71,0.4,0.0,85022,1000,0.8215838362577491,0.6274950199005567,0.0,-0.08742529178823186,0.025939211523222247,0,2,0,0,0,0,0,0,0,2.124649142842827e-06,0,0.7229742725660784,,2.4.4,1.17.1,520,hsW,1000,1000,0,116,0.116,0.010126401137620413,0.116
K30-r0.4-l0.71-rs0.4-d0.0,shape,30,0.4,0.7071067811865476,0.71,0.4,0.0,85022,1000,0.8215838362577491,0.6274950199005567,0.0,-0.08742529178823186,0.025939211523222247,0,2,0,0,0,0,0,0,0,2.124649142842827e-06,0,0.7229742725660784,,2.4.4,1.17.1,520,hsL,1000,1000,0,121,0.121,0.010313049985334114,0.121
K30-r0.4-l0.71-rs0.4-d0.0,shape,30,0.4,0.7071067811865476,0.71,0.4,0.0,85022,1000,0.8215838362577491,0.6274950199005567,0.0,-0.08742529178823186,0.025939211523222247,0,2,0,0,0,0,0,0,0,2.124649142842827e-06,0,0.7229742725660784,,2.4.4,1.17.1,520,hsLt,1000,1000,0,115,0.115,0.010088359628799918,0.115
K30-r0.4-l0.71-rs0.0-d0.5,shape,30,0.4,0.7071067811865476,0.71,0.0,0.5,86013,1000,0.8215838362577491,0.6274950199005567,0.6085806194501846,0.5075258825641089,0.025793084658287578,0,0,0,0,0,0,0,0,0,2.360672999657254e-05,0,0.7222554243833086,,2.4.4,1.17.1,559,deeks,1000,1000,0,701,0.701,0.014477534320456644,0.701
K30-r0.4-l0.71-rs0.0-d0.5,shape,30,0.4,0.7071067811865476,0.71,0.0,0.5,86013,1000,0.8215838362577491,0.6274950199005567,0.6085806194501846,0.5075258825641089,0.025793084658287578,0,0,0,0,0,0,0,0,0,2.360672999657254e-05,0,0.7222554243833086,,2.4.4,1.17.1,559,c1,1000,1000,0,858,0.858,0.011037934589405756,0.858
K30-r0.4-l0.71-rs0.0-d0.5,shape,30,0.4,0.7071067811865476,0.71,0.0,0.5,86013,1000,0.8215838362577491,0.6274950199005567,0.6085806194501846,0.5075258825641089,0.025793084658287578,0,0,0,0,0,0,0,0,0,2.360672999657254e-05,0,0.7222554243833086,,2.4.4,1.17.1,559,hsW,1000,1000,0,854,0.854,0.011166198995181844,0.854
K30-r0.4-l0.71-rs0.0-d0.5,shape,30,0.4,0.7071067811865476,0.71,0.0,0.5,86013,1000,0.8215838362577491,0.6274950199005567,0.6085806194501846,0.5075258825641089,0.025793084658287578,0,0,0,0,0,0,0,0,0,2.360672999657254e-05,0,0.7222554243833086,,2.4.4,1.17.1,559,hsL,1000,1000,0,877,0.877,0.010386096475577337,0.877
K30-r0.4-l0.71-rs0.0-d0.5,shape,30,0.4,0.7071067811865476,0.71,0.0,0.5,86013,1000,0.8215838362577491,0.6274950199005567,0.6085806194501846,0.5075258825641089,0.025793084658287578,0,0,0,0,0,0,0,0,0,2.360672999657254e-05,0,0.7222554243833086,,2.4.4,1.17.1,559,hsLt,1000,1000,0,855,0.855,0.011134406135937382,0.855
K30-r0.4-l0.71-rs0.4-d0.5,shape,30,0.4,0.7071067811865476,0.71,0.4,0.5,90123,1000,0.8215838362577491,0.6274950199005567,0.6085806194501846,0.42010059077587697,0.025955927788062154,0,1,0,0,0,0,0,0,0,0.0002990635636592742,0,0.7120015704634254,,2.4.4,1.17.1,1238,deeks,1000,1000,0,592,0.592,0.015541428505771277,0.592
K30-r0.4-l0.71-rs0.4-d0.5,shape,30,0.4,0.7071067811865476,0.71,0.4,0.5,90123,1000,0.8215838362577491,0.6274950199005567,0.6085806194501846,0.42010059077587697,0.025955927788062154,0,1,0,0,0,0,0,0,0,0.0002990635636592742,0,0.7120015704634254,,2.4.4,1.17.1,1238,c1,1000,1000,0,723,0.723,0.014151713677148785,0.723
K30-r0.4-l0.71-rs0.4-d0.5,shape,30,0.4,0.7071067811865476,0.71,0.4,0.5,90123,1000,0.8215838362577491,0.6274950199005567,0.6085806194501846,0.42010059077587697,0.025955927788062154,0,1,0,0,0,0,0,0,0,0.0002990635636592742,0,0.7120015704634254,,2.4.4,1.17.1,1238,hsW,1000,1000,0,841,0.841,0.011563693181678596,0.841
K30-r0.4-l0.71-rs0.4-d0.5,shape,30,0.4,0.7071067811865476,0.71,0.4,0.5,90123,1000,0.8215838362577491,0.6274950199005567,0.6085806194501846,0.42010059077587697,0.025955927788062154,0,1,0,0,0,0,0,0,0,0.0002990635636592742,0,0.7120015704634254,,2.4.4,1.17.1,1238,hsL,1000,1000,0,846,0.846,0.011414201680362933,0.846
K30-r0.4-l0.71-rs0.4-d0.5,shape,30,0.4,0.7071067811865476,0.71,0.4,0.5,90123,1000,0.8215838362577491,0.6274950199005567,0.6085806194501846,0.42010059077587697,0.025955927788062154,0,1,0,0,0,0,0,0,0,0.0002990635636592742,0,0.7120015704634254,,2.4.4,1.17.1,1238,hsLt,1000,1000,0,831,0.831,0.011850696182081458,0.831
K30-r0.4-l1.0-rs0.0-d0.0,shape,30,0.4,1.0,1.0,0.0,0.0,81001,1000,0.8215838362577491,0.6274950199005567,0.0,0.0,0.025912296780735873,0,2,0,0,0,0,0,0,0,-4.436003564478597e-08,0,1.027873679591525,,2.4.4,1.17.1,484,deeks,1000,1000,0,157,0.157,0.01150439046625244,0.157
K30-r0.4-l1.0-rs0.0-d0.0,shape,30,0.4,1.0,1.0,0.0,0.0,81001,1000,0.8215838362577491,0.6274950199005567,0.0,0.0,0.025912296780735873,0,2,0,0,0,0,0,0,0,-4.436003564478597e-08,0,1.027873679591525,,2.4.4,1.17.1,484,c1,1000,1000,0,120,0.12,0.010276186062932104,0.12
K30-r0.4-l1.0-rs0.0-d0.0,shape,30,0.4,1.0,1.0,0.0,0.0,81001,1000,0.8215838362577491,0.6274950199005567,0.0,0.0,0.025912296780735873,0,2,0,0,0,0,0,0,0,-4.436003564478597e-08,0,1.027873679591525,,2.4.4,1.17.1,484,hsW,1000,1000,0,116,0.116,0.010126401137620413,0.116
K30-r0.4-l1.0-rs0.0-d0.0,shape,30,0.4,1.0,1.0,0.0,0.0,81001,1000,0.8215838362577491,0.6274950199005567,0.0,0.0,0.025912296780735873,0,2,0,0,0,0,0,0,0,-4.436003564478597e-08,0,1.027873679591525,,2.4.4,1.17.1,484,hsL,1000,1000,0,130,0.13,0.010634848376916336,0.13
K30-r0.4-l1.0-rs0.0-d0.0,shape,30,0.4,1.0,1.0,0.0,0.0,81001,1000,0.8215838362577491,0.6274950199005567,0.0,0.0,0.025912296780735873,0,2,0,0,0,0,0,0,0,-4.436003564478597e-08,0,1.027873679591525,,2.4.4,1.17.1,484,hsLt,1000,1000,0,117,0.117,0.010164201887015036,0.117
K30-r0.4-l1.0-rs0.4-d0.0,shape,30,0.4,1.0,1.0,0.4,0.0,81002,1000,0.8215838362577491,0.6274950199005567,0.0,0.0,0.025981742315232002,0,1,0,0,0,0,0,0,0,8.908540394259035e-08,0,1.0233467244240666,,2.4.4,1.17.1,495,deeks,1000,1000,0,136,0.136,0.010839926199010766,0.136
K30-r0.4-l1.0-rs0.4-d0.0,shape,30,0.4,1.0,1.0,0.4,0.0,81002,1000,0.8215838362577491,0.6274950199005567,0.0,0.0,0.025981742315232002,0,1,0,0,0,0,0,0,0,8.908540394259035e-08,0,1.0233467244240666,,2.4.4,1.17.1,495,c1,1000,1000,0,99,0.099,0.009444522221901964,0.099
K30-r0.4-l1.0-rs0.4-d0.0,shape,30,0.4,1.0,1.0,0.4,0.0,81002,1000,0.8215838362577491,0.6274950199005567,0.0,0.0,0.025981742315232002,0,1,0,0,0,0,0,0,0,8.908540394259035e-08,0,1.0233467244240666,,2.4.4,1.17.1,495,hsW,1000,1000,0,100,0.1,0.009486832980505138,0.1
K30-r0.4-l1.0-rs0.4-d0.0,shape,30,0.4,1.0,1.0,0.4,0.0,81002,1000,0.8215838362577491,0.6274950199005567,0.0,0.0,0.025981742315232002,0,1,0,0,0,0,0,0,0,8.908540394259035e-08,0,1.0233467244240666,,2.4.4,1.17.1,495,hsL,1000,1000,0,111,0.111,0.00993373041711924,0.111
K30-r0.4-l1.0-rs0.4-d0.0,shape,30,0.4,1.0,1.0,0.4,0.0,81002,1000,0.8215838362577491,0.6274950199005567,0.0,0.0,0.025981742315232002,0,1,0,0,0,0,0,0,0,8.908540394259035e-08,0,1.0233467244240666,,2.4.4,1.17.1,495,hsLt,1000,1000,0,98,0.098,0.009401914698613257,0.098
K30-r0.4-l1.0-rs0.0-d0.5,shape,30,0.4,1.0,1.0,0.0,0.5,86014,1000,0.8215838362577491,0.6274950199005567,0.6085806194501846,0.5,0.026002032583897793,0,1,0,0,0,0,0,0,0,0.0065576721498246116,0,1.0112673481724654,,2.4.4,1.17.1,552,deeks,1000,1000,0,702,0.702,0.01446360950800318,0.702
K30-r0.4-l1.0-rs0.0-d0.5,shape,30,0.4,1.0,1.0,0.0,0.5,86014,1000,0.8215838362577491,0.6274950199005567,0.6085806194501846,0.5,0.026002032583897793,0,1,0,0,0,0,0,0,0,0.0065576721498246116,0,1.0112673481724654,,2.4.4,1.17.1,552,c1,1000,1000,0,872,0.872,0.010564847372300274,0.872
K30-r0.4-l1.0-rs0.0-d0.5,shape,30,0.4,1.0,1.0,0.0,0.5,86014,1000,0.8215838362577491,0.6274950199005567,0.6085806194501846,0.5,0.026002032583897793,0,1,0,0,0,0,0,0,0,0.0065576721498246116,0,1.0112673481724654,,2.4.4,1.17.1,552,hsW,1000,1000,0,866,0.866,0.010772372069326236,0.866
K30-r0.4-l1.0-rs0.0-d0.5,shape,30,0.4,1.0,1.0,0.0,0.5,86014,1000,0.8215838362577491,0.6274950199005567,0.6085806194501846,0.5,0.026002032583897793,0,1,0,0,0,0,0,0,0,0.0065576721498246116,0,1.0112673481724654,,2.4.4,1.17.1,552,hsL,1000,1000,0,879,0.879,0.010313049985334114,0.879
K30-r0.4-l1.0-rs0.0-d0.5,shape,30,0.4,1.0,1.0,0.0,0.5,86014,1000,0.8215838362577491,0.6274950199005567,0.6085806194501846,0.5,0.026002032583897793,0,1,0,0,0,0,0,0,0,0.0065576721498246116,0,1.0112673481724654,,2.4.4,1.17.1,552,hsLt,1000,1000,0,866,0.866,0.010772372069326236,0.866
K30-r0.4-l1.0-rs0.4-d0.5,shape,30,0.4,1.0,1.0,0.4,0.5,90124,1000,0.8215838362577491,0.6274950199005567,0.6085806194501846,0.5,0.02600714708264793,0,2,0,0,0,0,0,0,0,0.01639110918137021,0,1.01861973474818,,2.4.4,1.17.1,1219,deeks,1000,1000,0,695,0.695,0.014559361249725209,0.695
K30-r0.4-l1.0-rs0.4-d0.5,shape,30,0.4,1.0,1.0,0.4,0.5,90124,1000,0.8215838362577491,0.6274950199005567,0.6085806194501846,0.5,0.02600714708264793,0,2,0,0,0,0,0,0,0,0.01639110918137021,0,1.01861973474818,,2.4.4,1.17.1,1219,c1,1000,1000,0,857,0.857,0.011070275515993268,0.857
K30-r0.4-l1.0-rs0.4-d0.5,shape,30,0.4,1.0,1.0,0.4,0.5,90124,1000,0.8215838362577491,0.6274950199005567,0.6085806194501846,0.5,0.02600714708264793,0,2,0,0,0,0,0,0,0,0.01639110918137021,0,1.01861973474818,,2.4.4,1.17.1,1219,hsW,1000,1000,0,849,0.849,0.01132249972400088,0.849
K30-r0.4-l1.0-rs0.4-d0.5,shape,30,0.4,1.0,1.0,0.4,0.5,90124,1000,0.8215838362577491,0.6274950199005567,0.6085806194501846,0.5,0.02600714708264793,0,2,0,0,0,0,0,0,0,0.01639110918137021,0,1.01861973474818,,2.4.4,1.17.1,1219,hsL,1000,1000,0,849,0.849,0.01132249972400088,0.849
K30-r0.4-l1.0-rs0.4-d0.5,shape,30,0.4,1.0,1.0,0.4,0.5,90124,1000,0.8215838362577491,0.6274950199005567,0.6085806194501846,0.5,0.02600714708264793,0,2,0,0,0,0,0,0,0,0.01639110918137021,0,1.01861973474818,,2.4.4,1.17.1,1219,hsLt,1000,1000,0,841,0.841,0.011563693181678596,0.841
K30-r0.4-l1.41-rs0.0-d0.0,shape,30,0.4,1.4142135623730951,1.41,0.0,0.0,85031,1000,0.8215838362577491,0.6274950199005567,0.0,0.0,0.02593010029813444,0,0,0,0,0,0,0,0,0,9.671812222222798e-07,0,1.4620518430555944,,2.4.4,1.17.1,489,deeks,1000,1000,0,154,0.154,0.011414201680362931,0.154
K30-r0.4-l1.41-rs0.0-d0.0,shape,30,0.4,1.4142135623730951,1.41,0.0,0.0,85031,1000,0.8215838362577491,0.6274950199005567,0.0,0.0,0.02593010029813444,0,0,0,0,0,0,0,0,0,9.671812222222798e-07,0,1.4620518430555944,,2.4.4,1.17.1,489,c1,1000,1000,0,98,0.098,0.009401914698613257,0.098
K30-r0.4-l1.41-rs0.0-d0.0,shape,30,0.4,1.4142135623730951,1.41,0.0,0.0,85031,1000,0.8215838362577491,0.6274950199005567,0.0,0.0,0.02593010029813444,0,0,0,0,0,0,0,0,0,9.671812222222798e-07,0,1.4620518430555944,,2.4.4,1.17.1,489,hsW,1000,1000,0,105,0.105,0.009694070352540258,0.105
K30-r0.4-l1.41-rs0.0-d0.0,shape,30,0.4,1.4142135623730951,1.41,0.0,0.0,85031,1000,0.8215838362577491,0.6274950199005567,0.0,0.0,0.02593010029813444,0,0,0,0,0,0,0,0,0,9.671812222222798e-07,0,1.4620518430555944,,2.4.4,1.17.1,489,hsL,1000,1000,0,116,0.116,0.010126401137620413,0.116
K30-r0.4-l1.41-rs0.0-d0.0,shape,30,0.4,1.4142135623730951,1.41,0.0,0.0,85031,1000,0.8215838362577491,0.6274950199005567,0.0,0.0,0.02593010029813444,0,0,0,0,0,0,0,0,0,9.671812222222798e-07,0,1.4620518430555944,,2.4.4,1.17.1,489,hsLt,1000,1000,0,105,0.105,0.009694070352540258,0.105
K30-r0.4-l1.41-rs0.4-d0.0,shape,30,0.4,1.4142135623730951,1.41,0.4,0.0,85032,1000,0.8215838362577491,0.6274950199005567,0.0,0.0874252917882319,0.02615549176150202,0,0,0,0,0,0,0,0,0,1.691904571998748e-07,0,1.4529900146283976,,2.4.4,1.17.1,510,deeks,1000,1000,0,170,0.17,0.011878552100319299,0.17
K30-r0.4-l1.41-rs0.4-d0.0,shape,30,0.4,1.4142135623730951,1.41,0.4,0.0,85032,1000,0.8215838362577491,0.6274950199005567,0.0,0.0874252917882319,0.02615549176150202,0,0,0,0,0,0,0,0,0,1.691904571998748e-07,0,1.4529900146283976,,2.4.4,1.17.1,510,c1,1000,1000,0,151,0.151,0.01132249972400088,0.151
K30-r0.4-l1.41-rs0.4-d0.0,shape,30,0.4,1.4142135623730951,1.41,0.4,0.0,85032,1000,0.8215838362577491,0.6274950199005567,0.0,0.0874252917882319,0.02615549176150202,0,0,0,0,0,0,0,0,0,1.691904571998748e-07,0,1.4529900146283976,,2.4.4,1.17.1,510,hsW,1000,1000,0,104,0.104,0.009653186002558949,0.104
K30-r0.4-l1.41-rs0.4-d0.0,shape,30,0.4,1.4142135623730951,1.41,0.4,0.0,85032,1000,0.8215838362577491,0.6274950199005567,0.0,0.0874252917882319,0.02615549176150202,0,0,0,0,0,0,0,0,0,1.691904571998748e-07,0,1.4529900146283976,,2.4.4,1.17.1,510,hsL,1000,1000,0,112,0.112,0.00997276290703835,0.112
K30-r0.4-l1.41-rs0.4-d0.0,shape,30,0.4,1.4142135623730951,1.41,0.4,0.0,85032,1000,0.8215838362577491,0.6274950199005567,0.0,0.0874252917882319,0.02615549176150202,0,0,0,0,0,0,0,0,0,1.691904571998748e-07,0,1.4529900146283976,,2.4.4,1.17.1,510,hsLt,1000,1000,0,100,0.1,0.009486832980505138,0.1
K30-r0.4-l1.41-rs0.0-d0.5,shape,30,0.4,1.4142135623730951,1.41,0.0,0.5,86015,1000,0.8215838362577491,0.6274950199005567,0.6085806194501846,0.5075258825641088,0.026044717967158293,0,1,0,0,0,0,0,0,0,0.0005800754293545651,0,1.4419472169435104,,2.4.4,1.17.1,516,deeks,1000,1000,0,683,0.683,0.014714312760030622,0.683
K30-r0.4-l1.41-rs0.0-d0.5,shape,30,0.4,1.4142135623730951,1.41,0.0,0.5,86015,1000,0.8215838362577491,0.6274950199005567,0.6085806194501846,0.5075258825641088,0.026044717967158293,0,1,0,0,0,0,0,0,0,0.0005800754293545651,0,1.4419472169435104,,2.4.4,1.17.1,516,c1,1000,1000,0,842,0.842,0.011534123287012326,0.842
K30-r0.4-l1.41-rs0.0-d0.5,shape,30,0.4,1.4142135623730951,1.41,0.0,0.5,86015,1000,0.8215838362577491,0.6274950199005567,0.6085806194501846,0.5075258825641088,0.026044717967158293,0,1,0,0,0,0,0,0,0,0.0005800754293545651,0,1.4419472169435104,,2.4.4,1.17.1,516,hsW,1000,1000,0,847,0.847,0.011383804285035824,0.847
K30-r0.4-l1.41-rs0.0-d0.5,shape,30,0.4,1.4142135623730951,1.41,0.0,0.5,86015,1000,0.8215838362577491,0.6274950199005567,0.6085806194501846,0.5075258825641088,0.026044717967158293,0,1,0,0,0,0,0,0,0,0.0005800754293545651,0,1.4419472169435104,,2.4.4,1.17.1,516,hsL,1000,1000,0,862,0.862,0.01090669519148674,0.862
K30-r0.4-l1.41-rs0.0-d0.5,shape,30,0.4,1.4142135623730951,1.41,0.0,0.5,86015,1000,0.8215838362577491,0.6274950199005567,0.6085806194501846,0.5075258825641088,0.026044717967158293,0,1,0,0,0,0,0,0,0,0.0005800754293545651,0,1.4419472169435104,,2.4.4,1.17.1,516,hsLt,1000,1000,0,853,0.853,0.011197812286335219,0.853
K30-r0.4-l1.41-rs0.4-d0.5,shape,30,0.4,1.4142135623730951,1.41,0.4,0.5,90125,1000,0.8215838362577491,0.6274950199005567,0.6085806194501846,0.5949511743523408,0.025920631895377768,2,1,0,0,0,0,0,0,0,0.0028909532375109848,0,1.4628376222127843,,2.4.4,1.17.1,1260,deeks,1000,1000,0,808,0.808,0.01245536029185828,0.808
K30-r0.4-l1.41-rs0.4-d0.5,shape,30,0.4,1.4142135623730951,1.41,0.4,0.5,90125,1000,0.8215838362577491,0.6274950199005567,0.6085806194501846,0.5949511743523408,0.025920631895377768,2,1,0,0,0,0,0,0,0,0.0028909532375109848,0,1.4628376222127843,,2.4.4,1.17.1,1260,c1,1000,1000,0,935,0.935,0.0077958322198467015,0.935
K30-r0.4-l1.41-rs0.4-d0.5,shape,30,0.4,1.4142135623730951,1.41,0.4,0.5,90125,1000,0.8215838362577491,0.6274950199005567,0.6085806194501846,0.5949511743523408,0.025920631895377768,2,1,0,0,0,0,0,0,0,0.0028909532375109848,0,1.4628376222127843,,2.4.4,1.17.1,1260,hsW,1000,1000,0,848,0.848,0.011353237423748348,0.848
K30-r0.4-l1.41-rs0.4-d0.5,shape,30,0.4,1.4142135623730951,1.41,0.4,0.5,90125,1000,0.8215838362577491,0.6274950199005567,0.6085806194501846,0.5949511743523408,0.025920631895377768,2,1,0,0,0,0,0,0,0,0.0028909532375109848,0,1.4628376222127843,,2.4.4,1.17.1,1260,hsL,1000,1000,0,849,0.849,0.01132249972400088,0.849
K30-r0.4-l1.41-rs0.4-d0.5,shape,30,0.4,1.4142135623730951,1.41,0.4,0.5,90125,1000,0.8215838362577491,0.6274950199005567,0.6085806194501846,0.5949511743523408,0.025920631895377768,2,1,0,0,0,0,0,0,0,0.0028909532375109848,0,1.4628376222127843,,2.4.4,1.17.1,1260,hsLt,1000,1000,0,837,0.837,0.011680368144883107,0.837
K30-r0.4-l2.0-rs0.0-d0.0,shape,30,0.4,2.0,2.0,0.0,0.0,85041,1000,0.8215838362577491,0.6274950199005567,0.0,0.0,0.02590058558753774,0,0,0,0,0,0,0,0,0,7.193190185716958e-07,0,2.0934889763022895,,2.4.4,1.17.1,492,deeks,1000,1000,0,137,0.137,0.010873407929439602,0.137
K30-r0.4-l2.0-rs0.0-d0.0,shape,30,0.4,2.0,2.0,0.0,0.0,85041,1000,0.8215838362577491,0.6274950199005567,0.0,0.0,0.02590058558753774,0,0,0,0,0,0,0,0,0,7.193190185716958e-07,0,2.0934889763022895,,2.4.4,1.17.1,492,c1,1000,1000,0,111,0.111,0.00993373041711924,0.111
K30-r0.4-l2.0-rs0.0-d0.0,shape,30,0.4,2.0,2.0,0.0,0.0,85041,1000,0.8215838362577491,0.6274950199005567,0.0,0.0,0.02590058558753774,0,0,0,0,0,0,0,0,0,7.193190185716958e-07,0,2.0934889763022895,,2.4.4,1.17.1,492,hsW,1000,1000,0,120,0.12,0.010276186062932104,0.12
K30-r0.4-l2.0-rs0.0-d0.0,shape,30,0.4,2.0,2.0,0.0,0.0,85041,1000,0.8215838362577491,0.6274950199005567,0.0,0.0,0.02590058558753774,0,0,0,0,0,0,0,0,0,7.193190185716958e-07,0,2.0934889763022895,,2.4.4,1.17.1,492,hsL,1000,1000,0,137,0.137,0.010873407929439602,0.137
K30-r0.4-l2.0-rs0.0-d0.0,shape,30,0.4,2.0,2.0,0.0,0.0,85041,1000,0.8215838362577491,0.6274950199005567,0.0,0.0,0.02590058558753774,0,0,0,0,0,0,0,0,0,7.193190185716958e-07,0,2.0934889763022895,,2.4.4,1.17.1,492,hsLt,1000,1000,0,121,0.121,0.010313049985334114,0.121
K30-r0.4-l2.0-rs0.4-d0.0,shape,30,0.4,2.0,2.0,0.4,0.0,85042,1000,0.8215838362577491,0.6274950199005567,0.0,0.17748239349298853,0.02607170808133137,0,3,0,0,0,0,0,0,0,2.707627118070377e-07,0,2.092692892493018,,2.4.4,1.17.1,540,deeks,1000,1000,0,238,0.238,0.01346684818359515,0.238
K30-r0.4-l2.0-rs0.4-d0.0,shape,30,0.4,2.0,2.0,0.4,0.0,85042,1000,0.8215838362577491,0.6274950199005567,0.0,0.17748239349298853,0.02607170808133137,0,3,0,0,0,0,0,0,0,2.707627118070377e-07,0,2.092692892493018,,2.4.4,1.17.1,540,c1,1000,1000,0,229,0.229,0.013287550564344055,0.229
K30-r0.4-l2.0-rs0.4-d0.0,shape,30,0.4,2.0,2.0,0.4,0.0,85042,1000,0.8215838362577491,0.6274950199005567,0.0,0.17748239349298853,0.02607170808133137,0,3,0,0,0,0,0,0,0,2.707627118070377e-07,0,2.092692892493018,,2.4.4,1.17.1,540,hsW,1000,1000,0,113,0.113,0.01001154333756789,0.113
K30-r0.4-l2.0-rs0.4-d0.0,shape,30,0.4,2.0,2.0,0.4,0.0,85042,1000,0.8215838362577491,0.6274950199005567,0.0,0.17748239349298853,0.02607170808133137,0,3,0,0,0,0,0,0,0,2.707627118070377e-07,0,2.092692892493018,,2.4.4,1.17.1,540,hsL,1000,1000,0,128,0.128,0.010564847372300274,0.128
K30-r0.4-l2.0-rs0.4-d0.0,shape,30,0.4,2.0,2.0,0.4,0.0,85042,1000,0.8215838362577491,0.6274950199005567,0.0,0.17748239349298853,0.02607170808133137,0,3,0,0,0,0,0,0,0,2.707627118070377e-07,0,2.092692892493018,,2.4.4,1.17.1,540,hsLt,1000,1000,0,115,0.115,0.010088359628799918,0.115
K30-r0.4-l2.0-rs0.0-d0.5,shape,30,0.4,2.0,2.0,0.0,0.5,86016,1000,0.8215838362577491,0.6274950199005567,0.6085806194501846,0.5303300858899107,0.02587462561915587,0,1,0,0,0,0,0,0,0,0.0029983152031149984,0,2.0769626297475168,,2.4.4,1.17.1,556,deeks,1000,1000,0,664,0.664,0.014936666294725875,0.664
K30-r0.4-l2.0-rs0.0-d0.5,shape,30,0.4,2.0,2.0,0.0,0.5,86016,1000,0.8215838362577491,0.6274950199005567,0.6085806194501846,0.5303300858899107,0.02587462561915587,0,1,0,0,0,0,0,0,0,0.0029983152031149984,0,2.0769626297475168,,2.4.4,1.17.1,556,c1,1000,1000,0,816,0.816,0.012253326079069309,0.816
K30-r0.4-l2.0-rs0.0-d0.5,shape,30,0.4,2.0,2.0,0.0,0.5,86016,1000,0.8215838362577491,0.6274950199005567,0.6085806194501846,0.5303300858899107,0.02587462561915587,0,1,0,0,0,0,0,0,0,0.0029983152031149984,0,2.0769626297475168,,2.4.4,1.17.1,556,hsW,1000,1000,0,841,0.841,0.011563693181678596,0.841
K30-r0.4-l2.0-rs0.0-d0.5,shape,30,0.4,2.0,2.0,0.0,0.5,86016,1000,0.8215838362577491,0.6274950199005567,0.6085806194501846,0.5303300858899107,0.02587462561915587,0,1,0,0,0,0,0,0,0,0.0029983152031149984,0,2.0769626297475168,,2.4.4,1.17.1,556,hsL,1000,1000,0,854,0.854,0.011166198995181844,0.854
K30-r0.4-l2.0-rs0.0-d0.5,shape,30,0.4,2.0,2.0,0.0,0.5,86016,1000,0.8215838362577491,0.6274950199005567,0.6085806194501846,0.5303300858899107,0.02587462561915587,0,1,0,0,0,0,0,0,0,0.0029983152031149984,0,2.0769626297475168,,2.4.4,1.17.1,556,hsLt,1000,1000,0,841,0.841,0.011563693181678596,0.841
K30-r0.4-l2.0-rs0.4-d0.5,shape,30,0.4,2.0,2.0,0.4,0.5,90126,1000,0.8215838362577491,0.6274950199005567,0.6085806194501846,0.7078124793828993,0.026110091661487405,0,3,0,0,0,0,0,0,0,0.00942632408055033,0,2.0717408476166503,,2.4.4,1.17.1,1273,deeks,1000,1000,0,828,0.828,0.011933817494833748,0.828
K30-r0.4-l2.0-rs0.4-d0.5,shape,30,0.4,2.0,2.0,0.4,0.5,90126,1000,0.8215838362577491,0.6274950199005567,0.6085806194501846,0.7078124793828993,0.026110091661487405,0,3,0,0,0,0,0,0,0,0.00942632408055033,0,2.0717408476166503,,2.4.4,1.17.1,1273,c1,1000,1000,0,955,0.955,0.00655553201502365,0.955
K30-r0.4-l2.0-rs0.4-d0.5,shape,30,0.4,2.0,2.0,0.4,0.5,90126,1000,0.8215838362577491,0.6274950199005567,0.6085806194501846,0.7078124793828993,0.026110091661487405,0,3,0,0,0,0,0,0,0,0.00942632408055033,0,2.0717408476166503,,2.4.4,1.17.1,1273,hsW,1000,1000,0,834,0.834,0.011766222843376714,0.834
K30-r0.4-l2.0-rs0.4-d0.5,shape,30,0.4,2.0,2.0,0.4,0.5,90126,1000,0.8215838362577491,0.6274950199005567,0.6085806194501846,0.7078124793828993,0.026110091661487405,0,3,0,0,0,0,0,0,0,0.00942632408055033,0,2.0717408476166503,,2.4.4,1.17.1,1273,hsL,1000,1000,0,834,0.834,0.011766222843376714,0.834
K30-r0.4-l2.0-rs0.4-d0.5,shape,30,0.4,2.0,2.0,0.4,0.5,90126,1000,0.8215838362577491,0.6274950199005567,0.6085806194501846,0.7078124793828993,0.026110091661487405,0,3,0,0,0,0,0,0,0,0.00942632408055033,0,2.0717408476166503,,2.4.4,1.17.1,1273,hsLt,1000,1000,0,828,0.828,0.011933817494833748,0.828
K30-r0.4-l4.0-rs0.0-d0.0,shape,30,0.4,4.0,4.0,0.0,0.0,85051,1000,0.8215838362577491,0.6274950199005567,0.0,0.0,0.0262237456374337,0,4,1,0,1,0,0,0,0,3.091076905548107e-08,0,4.316703955756726,,2.4.4,1.17.1,590,deeks,1000,1000,0,138,0.138,0.01090669519148674,0.138
K30-r0.4-l4.0-rs0.0-d0.0,shape,30,0.4,4.0,4.0,0.0,0.0,85051,1000,0.8215838362577491,0.6274950199005567,0.0,0.0,0.0262237456374337,0,4,1,0,1,0,0,0,0,3.091076905548107e-08,0,4.316703955756726,,2.4.4,1.17.1,590,c1,1000,1000,0,121,0.121,0.010313049985334114,0.121
K30-r0.4-l4.0-rs0.0-d0.0,shape,30,0.4,4.0,4.0,0.0,0.0,85051,1000,0.8215838362577491,0.6274950199005567,0.0,0.0,0.0262237456374337,0,4,1,0,1,0,0,0,0,3.091076905548107e-08,0,4.316703955756726,,2.4.4,1.17.1,590,hsW,1000,1000,0,114,0.114,0.010050074626588601,0.114
K30-r0.4-l4.0-rs0.0-d0.0,shape,30,0.4,4.0,4.0,0.0,0.0,85051,1000,0.8215838362577491,0.6274950199005567,0.0,0.0,0.0262237456374337,0,4,1,0,1,0,0,0,0,3.091076905548107e-08,0,4.316703955756726,,2.4.4,1.17.1,590,hsL,1000,1000,0,135,0.135,0.010806248192596726,0.135
K30-r0.4-l4.0-rs0.0-d0.0,shape,30,0.4,4.0,4.0,0.0,0.0,85051,1000,0.8215838362577491,0.6274950199005567,0.0,0.0,0.0262237456374337,0,4,1,0,1,0,0,0,0,3.091076905548107e-08,0,4.316703955756726,,2.4.4,1.17.1,590,hsLt,1000,1000,0,120,0.12,0.010276186062932104,0.12
K30-r0.4-l4.0-rs0.4-d0.0,shape,30,0.4,4.0,4.0,0.4,0.0,85052,1000,0.8215838362577491,0.6274950199005567,0.0,0.3764970119403341,0.025917250946644155,0,0,3,3,0,2,0,0,0,4.203309799777344e-06,0,4.285659675600333,,2.4.4,1.17.1,593,deeks,1000,1000,0,311,0.311,0.014638271755914358,0.311
K30-r0.4-l4.0-rs0.4-d0.0,shape,30,0.4,4.0,4.0,0.4,0.0,85052,1000,0.8215838362577491,0.6274950199005567,0.0,0.3764970119403341,0.025917250946644155,0,0,3,3,0,2,0,0,0,4.203309799777344e-06,0,4.285659675600333,,2.4.4,1.17.1,593,c1,1000,1000,0,399,0.399,0.015485444778888335,0.399
K30-r0.4-l4.0-rs0.4-d0.0,shape,30,0.4,4.0,4.0,0.4,0.0,85052,1000,0.8215838362577491,0.6274950199005567,0.0,0.3764970119403341,0.025917250946644155,0,0,3,3,0,2,0,0,0,4.203309799777344e-06,0,4.285659675600333,,2.4.4,1.17.1,593,hsW,1000,1000,0,124,0.124,0.010422283818818216,0.124
K30-r0.4-l4.0-rs0.4-d0.0,shape,30,0.4,4.0,4.0,0.4,0.0,85052,1000,0.8215838362577491,0.6274950199005567,0.0,0.3764970119403341,0.025917250946644155,0,0,3,3,0,2,0,0,0,4.203309799777344e-06,0,4.285659675600333,,2.4.4,1.17.1,593,hsL,1000,1000,0,143,0.143,0.011070275515993266,0.143
K30-r0.4-l4.0-rs0.4-d0.0,shape,30,0.4,4.0,4.0,0.4,0.0,85052,1000,0.8215838362577491,0.6274950199005567,0.0,0.3764970119403341,0.025917250946644155,0,0,3,3,0,2,0,0,0,4.203309799777344e-06,0,4.285659675600333,,2.4.4,1.17.1,593,hsLt,1000,1000,0,133,0.133,0.010738295954200556,0.133
K30-r0.4-l4.0-rs0.0-d0.5,shape,30,0.4,4.0,4.0,0.0,0.5,86017,1000,0.8215838362577491,0.6274950199005567,0.6085806194501846,0.625,0.025865439393681088,0,1,0,0,0,0,0,0,0,0.01678224322773758,0,4.241219518301696,,2.4.4,1.17.1,615,deeks,1000,1000,0,533,0.533,0.015776913513105152,0.533
K30-r0.4-l4.0-rs0.0-d0.5,shape,30,0.4,4.0,4.0,0.0,0.5,86017,1000,0.8215838362577491,0.6274950199005567,0.6085806194501846,0.625,0.025865439393681088,0,1,0,0,0,0,0,0,0,0.01678224322773758,0,4.241219518301696,,2.4.4,1.17.1,615,c1,1000,1000,0,736,0.736,0.013939296969359681,0.736
K30-r0.4-l4.0-rs0.0-d0.5,shape,30,0.4,4.0,4.0,0.0,0.5,86017,1000,0.8215838362577491,0.6274950199005567,0.6085806194501846,0.625,0.025865439393681088,0,1,0,0,0,0,0,0,0,0.01678224322773758,0,4.241219518301696,,2.4.4,1.17.1,615,hsW,1000,1000,0,775,0.775,0.013205112646244256,0.775
K30-r0.4-l4.0-rs0.0-d0.5,shape,30,0.4,4.0,4.0,0.0,0.5,86017,1000,0.8215838362577491,0.6274950199005567,0.6085806194501846,0.625,0.025865439393681088,0,1,0,0,0,0,0,0,0,0.01678224322773758,0,4.241219518301696,,2.4.4,1.17.1,615,hsL,1000,1000,0,796,0.796,0.012742998077375669,0.796
K30-r0.4-l4.0-rs0.0-d0.5,shape,30,0.4,4.0,4.0,0.0,0.5,86017,1000,0.8215838362577491,0.6274950199005567,0.6085806194501846,0.625,0.025865439393681088,0,1,0,0,0,0,0,0,0,0.01678224322773758,0,4.241219518301696,,2.4.4,1.17.1,615,hsLt,1000,1000,0,785,0.785,0.012991343271578961,0.785
K30-r0.4-l4.0-rs0.4-d0.5,shape,30,0.4,4.0,4.0,0.4,0.5,90127,1000,0.8215838362577491,0.6274950199005567,0.6085806194501846,1.0014970119403341,0.02613721991854288,0,0,1,1,0,2,0,0,0,0.0020192941310597234,0,4.25160041910047,,2.4.4,1.17.1,1399,deeks,1000,1000,0,810,0.81,0.012405643876881197,0.81
K30-r0.4-l4.0-rs0.4-d0.5,shape,30,0.4,4.0,4.0,0.4,0.5,90127,1000,0.8215838362577491,0.6274950199005567,0.6085806194501846,1.0014970119403341,0.02613721991854288,0,0,1,1,0,2,0,0,0,0.0020192941310597234,0,4.25160041910047,,2.4.4,1.17.1,1399,c1,1000,1000,0,966,0.966,0.005730968504537434,0.966
K30-r0.4-l4.0-rs0.4-d0.5,shape,30,0.4,4.0,4.0,0.4,0.5,90127,1000,0.8215838362577491,0.6274950199005567,0.6085806194501846,1.0014970119403341,0.02613721991854288,0,0,1,1,0,2,0,0,0,0.0020192941310597234,0,4.25160041910047,,2.4.4,1.17.1,1399,hsW,1000,1000,0,793,0.793,0.012812142677944232,0.793
K30-r0.4-l4.0-rs0.4-d0.5,shape,30,0.4,4.0,4.0,0.4,0.5,90127,1000,0.8215838362577491,0.6274950199005567,0.6085806194501846,1.0014970119403341,0.02613721991854288,0,0,1,1,0,2,0,0,0,0.0020192941310597234,0,4.25160041910047,,2.4.4,1.17.1,1399,hsL,1000,1000,0,795,0.795,0.012766166221697099,0.795
K30-r0.4-l4.0-rs0.4-d0.5,shape,30,0.4,4.0,4.0,0.4,0.5,90127,1000,0.8215838362577491,0.6274950199005567,0.6085806194501846,1.0014970119403341,0.02613721991854288,0,0,1,1,0,2,0,0,0,0.0020192941310597234,0,4.25160041910047,,2.4.4,1.17.1,1399,hsLt,1000,1000,0,776,0.776,0.013184233007649704,0.776
K30-r0.4-l0.5-rs0.2-d0.0,threshold-strength,30,0.4,0.5,0.5,0.2,0.0,84002,1000,0.8215838362577491,0.6274950199005567,0.0,-0.08874119674649426,0.025921099940080024,0,0,0,0,0,0,0,0,0,8.108229394565569e-07,0,0.49878588874740004,,2.4.4,1.17.1,552,deeks,1000,1000,0,181,0.181,0.0121753439376471,0.181
K30-r0.4-l0.5-rs0.2-d0.0,threshold-strength,30,0.4,0.5,0.5,0.2,0.0,84002,1000,0.8215838362577491,0.6274950199005567,0.0,-0.08874119674649426,0.025921099940080024,0,0,0,0,0,0,0,0,0,8.108229394565569e-07,0,0.49878588874740004,,2.4.4,1.17.1,552,c1,1000,1000,0,131,0.131,0.010669536072388528,0.131
K30-r0.4-l0.5-rs0.2-d0.0,threshold-strength,30,0.4,0.5,0.5,0.2,0.0,84002,1000,0.8215838362577491,0.6274950199005567,0.0,-0.08874119674649426,0.025921099940080024,0,0,0,0,0,0,0,0,0,8.108229394565569e-07,0,0.49878588874740004,,2.4.4,1.17.1,552,hsW,1000,1000,0,98,0.098,0.009401914698613257,0.098
K30-r0.4-l0.5-rs0.2-d0.0,threshold-strength,30,0.4,0.5,0.5,0.2,0.0,84002,1000,0.8215838362577491,0.6274950199005567,0.0,-0.08874119674649426,0.025921099940080024,0,0,0,0,0,0,0,0,0,8.108229394565569e-07,0,0.49878588874740004,,2.4.4,1.17.1,552,hsL,1000,1000,0,110,0.11,0.009894442884771228,0.11
K30-r0.4-l0.5-rs0.2-d0.0,threshold-strength,30,0.4,0.5,0.5,0.2,0.0,84002,1000,0.8215838362577491,0.6274950199005567,0.0,-0.08874119674649426,0.025921099940080024,0,0,0,0,0,0,0,0,0,8.108229394565569e-07,0,0.49878588874740004,,2.4.4,1.17.1,552,hsLt,1000,1000,0,95,0.095,0.00927227048785787,0.095
K30-r0.4-l0.5-rs0.6-d0.0,threshold-strength,30,0.4,0.5,0.5,0.6,0.0,84006,1000,0.8215838362577491,0.6274950199005567,0.0,-0.2662235902394827,0.02576621278130764,0,2,0,0,0,0,0,0,0,2.993658654304454e-09,0,0.5062489958259736,,2.4.4,1.17.1,575,deeks,1000,1000,0,313,0.313,0.014663935351739656,0.313
K30-r0.4-l0.5-rs0.6-d0.0,threshold-strength,30,0.4,0.5,0.5,0.6,0.0,84006,1000,0.8215838362577491,0.6274950199005567,0.0,-0.2662235902394827,0.02576621278130764,0,2,0,0,0,0,0,0,0,2.993658654304454e-09,0,0.5062489958259736,,2.4.4,1.17.1,575,c1,1000,1000,0,377,0.377,0.01532550162311172,0.377
K30-r0.4-l0.5-rs0.6-d0.0,threshold-strength,30,0.4,0.5,0.5,0.6,0.0,84006,1000,0.8215838362577491,0.6274950199005567,0.0,-0.2662235902394827,0.02576621278130764,0,2,0,0,0,0,0,0,0,2.993658654304454e-09,0,0.5062489958259736,,2.4.4,1.17.1,575,hsW,1000,1000,0,113,0.113,0.01001154333756789,0.113
K30-r0.4-l0.5-rs0.6-d0.0,threshold-strength,30,0.4,0.5,0.5,0.6,0.0,84006,1000,0.8215838362577491,0.6274950199005567,0.0,-0.2662235902394827,0.02576621278130764,0,2,0,0,0,0,0,0,0,2.993658654304454e-09,0,0.5062489958259736,,2.4.4,1.17.1,575,hsL,1000,1000,0,131,0.131,0.010669536072388528,0.131
K30-r0.4-l0.5-rs0.6-d0.0,threshold-strength,30,0.4,0.5,0.5,0.6,0.0,84006,1000,0.8215838362577491,0.6274950199005567,0.0,-0.2662235902394827,0.02576621278130764,0,2,0,0,0,0,0,0,0,2.993658654304454e-09,0,0.5062489958259736,,2.4.4,1.17.1,575,hsLt,1000,1000,0,117,0.117,0.010164201887015036,0.117
K30-r0.4-l0.5-rs0.8-d0.0,threshold-strength,30,0.4,0.5,0.5,0.8,0.0,87008,1000,0.8215838362577491,0.6274950199005567,0.0,-0.35496478698597705,0.026053840536963593,0,0,1,1,0,0,0,0,0,6.895006322338304e-06,0,0.5099435871137418,,2.4.4,1.17.1,596,deeks,1000,1000,0,424,0.424,0.01562766777225572,0.424
K30-r0.4-l0.5-rs0.8-d0.0,threshold-strength,30,0.4,0.5,0.5,0.8,0.0,87008,1000,0.8215838362577491,0.6274950199005567,0.0,-0.35496478698597705,0.026053840536963593,0,0,1,1,0,0,0,0,0,6.895006322338304e-06,0,0.5099435871137418,,2.4.4,1.17.1,596,c1,1000,1000,0,547,0.547,0.015741378592740853,0.547
K30-r0.4-l0.5-rs0.8-d0.0,threshold-strength,30,0.4,0.5,0.5,0.8,0.0,87008,1000,0.8215838362577491,0.6274950199005567,0.0,-0.35496478698597705,0.026053840536963593,0,0,1,1,0,0,0,0,0,6.895006322338304e-06,0,0.5099435871137418,,2.4.4,1.17.1,596,hsW,1000,1000,0,111,0.111,0.00993373041711924,0.111
K30-r0.4-l0.5-rs0.8-d0.0,threshold-strength,30,0.4,0.5,0.5,0.8,0.0,87008,1000,0.8215838362577491,0.6274950199005567,0.0,-0.35496478698597705,0.026053840536963593,0,0,1,1,0,0,0,0,0,6.895006322338304e-06,0,0.5099435871137418,,2.4.4,1.17.1,596,hsL,1000,1000,0,127,0.127,0.010529529904036551,0.127
K30-r0.4-l0.5-rs0.8-d0.0,threshold-strength,30,0.4,0.5,0.5,0.8,0.0,87008,1000,0.8215838362577491,0.6274950199005567,0.0,-0.35496478698597705,0.026053840536963593,0,0,1,1,0,0,0,0,0,6.895006322338304e-06,0,0.5099435871137418,,2.4.4,1.17.1,596,hsLt,1000,1000,0,113,0.113,0.01001154333756789,0.113
K30-r0.4-l0.5-rs1.0-d0.0,threshold-strength,30,0.4,0.5,0.5,1.0,0.0,87010,1000,0.8215838362577491,0.6274950199005567,0.0,-0.4437059837324712,0.026146567832452755,0,1,0,0,0,0,0,0,0,3.467425642611488e-06,0,0.5051730170959634,,2.4.4,1.17.1,614,deeks,1000,1000,0,521,0.521,0.015797436500901024,0.521
K30-r0.4-l0.5-rs1.0-d0.0,threshold-strength,30,0.4,0.5,0.5,1.0,0.0,87010,1000,0.8215838362577491,0.6274950199005567,0.0,-0.4437059837324712,0.026146567832452755,0,1,0,0,0,0,0,0,0,3.467425642611488e-06,0,0.5051730170959634,,2.4.4,1.17.1,614,c1,1000,1000,0,687,0.687,0.014663935351739654,0.687
K30-r0.4-l0.5-rs1.0-d0.0,threshold-strength,30,0.4,0.5,0.5,1.0,0.0,87010,1000,0.8215838362577491,0.6274950199005567,0.0,-0.4437059837324712,0.026146567832452755,0,1,0,0,0,0,0,0,0,3.467425642611488e-06,0,0.5051730170959634,,2.4.4,1.17.1,614,hsW,1000,1000,0,106,0.106,0.009734680272099337,0.106
K30-r0.4-l0.5-rs1.0-d0.0,threshold-strength,30,0.4,0.5,0.5,1.0,0.0,87010,1000,0.8215838362577491,0.6274950199005567,0.0,-0.4437059837324712,0.026146567832452755,0,1,0,0,0,0,0,0,0,3.467425642611488e-06,0,0.5051730170959634,,2.4.4,1.17.1,614,hsL,1000,1000,0,114,0.114,0.010050074626588601,0.114
K30-r0.4-l0.5-rs1.0-d0.0,threshold-strength,30,0.4,0.5,0.5,1.0,0.0,87010,1000,0.8215838362577491,0.6274950199005567,0.0,-0.4437059837324712,0.026146567832452755,0,1,0,0,0,0,0,0,0,3.467425642611488e-06,0,0.5051730170959634,,2.4.4,1.17.1,614,hsLt,1000,1000,0,102,0.102,0.009570579919733181,0.102
K30-r0.4-l0.5-rs1.2-d0.0,threshold-strength,30,0.4,0.5,0.5,1.2,0.0,87012,1000,0.8215838362577491,0.6274950199005567,0.0,-0.5324471804789654,0.026006636508901153,1,0,0,0,0,0,0,0,0,2.8702260124191525e-07,0,0.5032796927091692,,2.4.4,1.17.1,616,deeks,1000,1000,0,665,0.665,0.014925649064613572,0.665
K30-r0.4-l0.5-rs1.2-d0.0,threshold-strength,30,0.4,0.5,0.5,1.2,0.0,87012,1000,0.8215838362577491,0.6274950199005567,0.0,-0.5324471804789654,0.026006636508901153,1,0,0,0,0,0,0,0,0,2.8702260124191525e-07,0,0.5032796927091692,,2.4.4,1.17.1,616,c1,1000,1000,0,828,0.828,0.011933817494833748,0.828
K30-r0.4-l0.5-rs1.2-d0.0,threshold-strength,30,0.4,0.5,0.5,1.2,0.0,87012,1000,0.8215838362577491,0.6274950199005567,0.0,-0.5324471804789654,0.026006636508901153,1,0,0,0,0,0,0,0,0,2.8702260124191525e-07,0,0.5032796927091692,,2.4.4,1.17.1,616,hsW,1000,1000,0,115,0.115,0.010088359628799918,0.115
K30-r0.4-l0.5-rs1.2-d0.0,threshold-strength,30,0.4,0.5,0.5,1.2,0.0,87012,1000,0.8215838362577491,0.6274950199005567,0.0,-0.5324471804789654,0.026006636508901153,1,0,0,0,0,0,0,0,0,2.8702260124191525e-07,0,0.5032796927091692,,2.4.4,1.17.1,616,hsL,1000,1000,0,125,0.125,0.010458250331675944,0.125
K30-r0.4-l0.5-rs1.2-d0.0,threshold-strength,30,0.4,0.5,0.5,1.2,0.0,87012,1000,0.8215838362577491,0.6274950199005567,0.0,-0.5324471804789654,0.026006636508901153,1,0,0,0,0,0,0,0,0,2.8702260124191525e-07,0,0.5032796927091692,,2.4.4,1.17.1,616,hsLt,1000,1000,0,113,0.113,0.01001154333756789,0.113
K30-r0.4-l0.5-rs1.4-d0.0,threshold-strength,30,0.4,0.5,0.5,1.4,0.0,87014,1000,0.8215838362577491,0.6274950199005567,0.0,-0.6211883772254597,0.02576684403618467,0,0,0,0,0,0,0,0,0,2.5730579409355414e-06,0,0.499990664531663,,2.4.4,1.17.1,659,deeks,1000,1000,0,752,0.752,0.01365635383255721,0.752
K30-r0.4-l0.5-rs1.4-d0.0,threshold-strength,30,0.4,0.5,0.5,1.4,0.0,87014,1000,0.8215838362577491,0.6274950199005567,0.0,-0.6211883772254597,0.02576684403618467,0,0,0,0,0,0,0,0,0,2.5730579409355414e-06,0,0.499990664531663,,2.4.4,1.17.1,659,c1,1000,1000,0,899,0.899,0.009528850927577784,0.899
K30-r0.4-l0.5-rs1.4-d0.0,threshold-strength,30,0.4,0.5,0.5,1.4,0.0,87014,1000,0.8215838362577491,0.6274950199005567,0.0,-0.6211883772254597,0.02576684403618467,0,0,0,0,0,0,0,0,0,2.5730579409355414e-06,0,0.499990664531663,,2.4.4,1.17.1,659,hsW,1000,1000,0,104,0.104,0.009653186002558949,0.104
K30-r0.4-l0.5-rs1.4-d0.0,threshold-strength,30,0.4,0.5,0.5,1.4,0.0,87014,1000,0.8215838362577491,0.6274950199005567,0.0,-0.6211883772254597,0.02576684403618467,0,0,0,0,0,0,0,0,0,2.5730579409355414e-06,0,0.499990664531663,,2.4.4,1.17.1,659,hsL,1000,1000,0,116,0.116,0.010126401137620413,0.116
K30-r0.4-l0.5-rs1.4-d0.0,threshold-strength,30,0.4,0.5,0.5,1.4,0.0,87014,1000,0.8215838362577491,0.6274950199005567,0.0,-0.6211883772254597,0.02576684403618467,0,0,0,0,0,0,0,0,0,2.5730579409355414e-06,0,0.499990664531663,,2.4.4,1.17.1,659,hsLt,1000,1000,0,100,0.1,0.009486832980505138,0.1
K30-r0.4-l0.5-rs1.6-d0.0,threshold-strength,30,0.4,0.5,0.5,1.6,0.0,87016,1000,0.8215838362577491,0.6274950199005567,0.0,-0.7099295739719541,0.0258956937203191,1,1,0,0,0,0,0,0,0,4.479779818211682e-07,0,0.5057062046368253,,2.4.4,1.17.1,661,deeks,1000,1000,0,849,0.849,0.01132249972400088,0.849
K30-r0.4-l0.5-rs1.6-d0.0,threshold-strength,30,0.4,0.5,0.5,1.6,0.0,87016,1000,0.8215838362577491,0.6274950199005567,0.0,-0.7099295739719541,0.0258956937203191,1,1,0,0,0,0,0,0,0,4.479779818211682e-07,0,0.5057062046368253,,2.4.4,1.17.1,661,c1,1000,1000,0,961,0.961,0.006122009474020767,0.961
K30-r0.4-l0.5-rs1.6-d0.0,threshold-strength,30,0.4,0.5,0.5,1.6,0.0,87016,1000,0.8215838362577491,0.6274950199005567,0.0,-0.7099295739719541,0.0258956937203191,1,1,0,0,0,0,0,0,0,4.479779818211682e-07,0,0.5057062046368253,,2.4.4,1.17.1,661,hsW,1000,1000,0,106,0.106,0.009734680272099337,0.106
K30-r0.4-l0.5-rs1.6-d0.0,threshold-strength,30,0.4,0.5,0.5,1.6,0.0,87016,1000,0.8215838362577491,0.6274950199005567,0.0,-0.7099295739719541,0.0258956937203191,1,1,0,0,0,0,0,0,0,4.479779818211682e-07,0,0.5057062046368253,,2.4.4,1.17.1,661,hsL,1000,1000,0,113,0.113,0.01001154333756789,0.113
K30-r0.4-l0.5-rs1.6-d0.0,threshold-strength,30,0.4,0.5,0.5,1.6,0.0,87016,1000,0.8215838362577491,0.6274950199005567,0.0,-0.7099295739719541,0.0258956937203191,1,1,0,0,0,0,0,0,0,4.479779818211682e-07,0,0.5057062046368253,,2.4.4,1.17.1,661,hsLt,1000,1000,0,103,0.103,0.009612023720320296,0.103
K10-r0.4-l0.5-rs0.0-d0.0,k-comparison,10,0.4,0.5,0.5,0.0,0.0,90010,1000,0.8215838362577491,0.6274950199005567,0.0,0.0,0.02421839933653203,1,2,78,76,3,43,0,0,0,9.787230510482914e-07,0,0.5222953557146921,,2.2.6,1.15.3,0,deeks,1000,1000,0,113,0.113,0.01001154333756789,0.113
K10-r0.4-l0.5-rs0.0-d0.0,k-comparison,10,0.4,0.5,0.5,0.0,0.0,90010,1000,0.8215838362577491,0.6274950199005567,0.0,0.0,0.02421839933653203,1,2,78,76,3,43,0,0,0,9.787230510482914e-07,0,0.5222953557146921,,2.2.6,1.15.3,0,c1,1000,1000,0,117,0.117,0.010164201887015036,0.117
K10-r0.4-l0.5-rs0.0-d0.0,k-comparison,10,0.4,0.5,0.5,0.0,0.0,90010,1000,0.8215838362577491,0.6274950199005567,0.0,0.0,0.02421839933653203,1,2,78,76,3,43,0,0,0,9.787230510482914e-07,0,0.5222953557146921,,2.2.6,1.15.3,0,hsW,1000,1000,0,145,0.145,0.01113440613593738,0.145
K10-r0.4-l0.5-rs0.0-d0.0,k-comparison,10,0.4,0.5,0.5,0.0,0.0,90010,1000,0.8215838362577491,0.6274950199005567,0.0,0.0,0.02421839933653203,1,2,78,76,3,43,0,0,0,9.787230510482914e-07,0,0.5222953557146921,,2.2.6,1.15.3,0,hsL,1000,1000,0,171,0.171,0.011906258858264422,0.171
K10-r0.4-l0.5-rs0.0-d0.0,k-comparison,10,0.4,0.5,0.5,0.0,0.0,90010,1000,0.8215838362577491,0.6274950199005567,0.0,0.0,0.02421839933653203,1,2,78,76,3,43,0,0,0,9.787230510482914e-07,0,0.5222953557146921,,2.2.6,1.15.3,0,hsLt,1000,1000,0,134,0.134,0.010772372069326236,0.134
K10-r0.4-l0.5-rs0.4-d0.0,k-comparison,10,0.4,0.5,0.5,0.4,0.0,90011,1000,0.8215838362577491,0.6274950199005567,0.0,-0.17748239349298853,0.024343153146994426,0,0,59,56,3,28,0,0,0,3.9984098634704424e-05,0,0.5177273753058379,,2.2.6,1.15.3,0,deeks,1000,1000,0,124,0.124,0.010422283818818216,0.124
K10-r0.4-l0.5-rs0.4-d0.0,k-comparison,10,0.4,0.5,0.5,0.4,0.0,90011,1000,0.8215838362577491,0.6274950199005567,0.0,-0.17748239349298853,0.024343153146994426,0,0,59,56,3,28,0,0,0,3.9984098634704424e-05,0,0.5177273753058379,,2.2.6,1.15.3,0,c1,1000,1000,0,157,0.157,0.01150439046625244,0.157
K10-r0.4-l0.5-rs0.4-d0.0,k-comparison,10,0.4,0.5,0.5,0.4,0.0,90011,1000,0.8215838362577491,0.6274950199005567,0.0,-0.17748239349298853,0.024343153146994426,0,0,59,56,3,28,0,0,0,3.9984098634704424e-05,0,0.5177273753058379,,2.2.6,1.15.3,0,hsW,1000,1000,0,140,0.14,0.010972693379476163,0.14
K10-r0.4-l0.5-rs0.4-d0.0,k-comparison,10,0.4,0.5,0.5,0.4,0.0,90011,1000,0.8215838362577491,0.6274950199005567,0.0,-0.17748239349298853,0.024343153146994426,0,0,59,56,3,28,0,0,0,3.9984098634704424e-05,0,0.5177273753058379,,2.2.6,1.15.3,0,hsL,1000,1000,0,180,0.18,0.012149074038789953,0.18
K10-r0.4-l0.5-rs0.4-d0.0,k-comparison,10,0.4,0.5,0.5,0.4,0.0,90011,1000,0.8215838362577491,0.6274950199005567,0.0,-0.17748239349298853,0.024343153146994426,0,0,59,56,3,28,0,0,0,3.9984098634704424e-05,0,0.5177273753058379,,2.2.6,1.15.3,0,hsLt,1000,1000,0,131,0.131,0.010669536072388528,0.131
K10-r0.4-l0.5-rs0.0-d0.5,k-comparison,10,0.4,0.5,0.5,0.0,0.5,90012,1000,0.8215838362577491,0.6274950199005567,0.6085806194501846,0.5303300858899107,0.024068641192076672,0,4,75,73,2,42,0,0,0,1.0439635019565685e-05,0,0.5285892041112654,,2.2.6,1.15.3,0,deeks,1000,1000,0,360,0.36,0.015178932768808221,0.36
K10-r0.4-l0.5-rs0.0-d0.5,k-comparison,10,0.4,0.5,0.5,0.0,0.5,90012,1000,0.8215838362577491,0.6274950199005567,0.6085806194501846,0.5303300858899107,0.024068641192076672,0,4,75,73,2,42,0,0,0,1.0439635019565685e-05,0,0.5285892041112654,,2.2.6,1.15.3,0,c1,1000,1000,0,443,0.443,0.015708309902723462,0.443
K10-r0.4-l0.5-rs0.0-d0.5,k-comparison,10,0.4,0.5,0.5,0.0,0.5,90012,1000,0.8215838362577491,0.6274950199005567,0.6085806194501846,0.5303300858899107,0.024068641192076672,0,4,75,73,2,42,0,0,0,1.0439635019565685e-05,0,0.5285892041112654,,2.2.6,1.15.3,0,hsW,1000,1000,0,422,0.422,0.01561781034588396,0.422
K10-r0.4-l0.5-rs0.0-d0.5,k-comparison,10,0.4,0.5,0.5,0.0,0.5,90012,1000,0.8215838362577491,0.6274950199005567,0.6085806194501846,0.5303300858899107,0.024068641192076672,0,4,75,73,2,42,0,0,0,1.0439635019565685e-05,0,0.5285892041112654,,2.2.6,1.15.3,0,hsL,1000,1000,0,524,0.524,0.01579316307773715,0.524
K10-r0.4-l0.5-rs0.0-d0.5,k-comparison,10,0.4,0.5,0.5,0.0,0.5,90012,1000,0.8215838362577491,0.6274950199005567,0.6085806194501846,0.5303300858899107,0.024068641192076672,0,4,75,73,2,42,0,0,0,1.0439635019565685e-05,0,0.5285892041112654,,2.2.6,1.15.3,0,hsLt,1000,1000,0,443,0.443,0.015708309902723462,0.443
K10-r0.4-l1.0-rs0.0-d0.0,k-comparison,10,0.4,1.0,1.0,0.0,0.0,90013,1000,0.8215838362577491,0.6274950199005567,0.0,0.0,0.02416750017492023,1,0,48,45,3,26,0,0,0,3.150099814774876e-06,0,1.1449466771096666,,2.4.4,1.17.1,443,deeks,1000,1000,0,111,0.111,0.00993373041711924,0.111
K10-r0.4-l1.0-rs0.0-d0.0,k-comparison,10,0.4,1.0,1.0,0.0,0.0,90013,1000,0.8215838362577491,0.6274950199005567,0.0,0.0,0.02416750017492023,1,0,48,45,3,26,0,0,0,3.150099814774876e-06,0,1.1449466771096666,,2.4.4,1.17.1,443,c1,1000,1000,0,112,0.112,0.00997276290703835,0.112
K10-r0.4-l1.0-rs0.0-d0.0,k-comparison,10,0.4,1.0,1.0,0.0,0.0,90013,1000,0.8215838362577491,0.6274950199005567,0.0,0.0,0.02416750017492023,1,0,48,45,3,26,0,0,0,3.150099814774876e-06,0,1.1449466771096666,,2.4.4,1.17.1,443,hsW,1000,1000,0,111,0.111,0.00993373041711924,0.111
K10-r0.4-l1.0-rs0.0-d0.0,k-comparison,10,0.4,1.0,1.0,0.0,0.0,90013,1000,0.8215838362577491,0.6274950199005567,0.0,0.0,0.02416750017492023,1,0,48,45,3,26,0,0,0,3.150099814774876e-06,0,1.1449466771096666,,2.4.4,1.17.1,443,hsL,1000,1000,0,153,0.153,0.011383804285035824,0.153
K10-r0.4-l1.0-rs0.0-d0.0,k-comparison,10,0.4,1.0,1.0,0.0,0.0,90013,1000,0.8215838362577491,0.6274950199005567,0.0,0.0,0.02416750017492023,1,0,48,45,3,26,0,0,0,3.150099814774876e-06,0,1.1449466771096666,,2.4.4,1.17.1,443,hsLt,1000,1000,0,113,0.113,0.01001154333756789,0.113
K10-r0.4-l1.0-rs0.4-d0.0,k-comparison,10,0.4,1.0,1.0,0.4,0.0,90014,1000,0.8215838362577491,0.6274950199005567,0.0,0.0,0.024519574757366363,0,2,37,37,0,21,0,0,0,2.18782787442251e-07,0,1.1282230844061518,,2.4.4,1.17.1,463,deeks,1000,1000,0,122,0.122,0.010349685985574635,0.122
K10-r0.4-l1.0-rs0.4-d0.0,k-comparison,10,0.4,1.0,1.0,0.4,0.0,90014,1000,0.8215838362577491,0.6274950199005567,0.0,0.0,0.024519574757366363,0,2,37,37,0,21,0,0,0,2.18782787442251e-07,0,1.1282230844061518,,2.4.4,1.17.1,463,c1,1000,1000,0,123,0.123,0.010386096475577337,0.123
K10-r0.4-l1.0-rs0.4-d0.0,k-comparison,10,0.4,1.0,1.0,0.4,0.0,90014,1000,0.8215838362577491,0.6274950199005567,0.0,0.0,0.024519574757366363,0,2,37,37,0,21,0,0,0,2.18782787442251e-07,0,1.1282230844061518,,2.4.4,1.17.1,463,hsW,1000,1000,0,128,0.128,0.010564847372300274,0.128
K10-r0.4-l1.0-rs0.4-d0.0,k-comparison,10,0.4,1.0,1.0,0.4,0.0,90014,1000,0.8215838362577491,0.6274950199005567,0.0,0.0,0.024519574757366363,0,2,37,37,0,21,0,0,0,2.18782787442251e-07,0,1.1282230844061518,,2.4.4,1.17.1,463,hsL,1000,1000,0,180,0.18,0.012149074038789953,0.18
K10-r0.4-l1.0-rs0.4-d0.0,k-comparison,10,0.4,1.0,1.0,0.4,0.0,90014,1000,0.8215838362577491,0.6274950199005567,0.0,0.0,0.024519574757366363,0,2,37,37,0,21,0,0,0,2.18782787442251e-07,0,1.1282230844061518,,2.4.4,1.17.1,463,hsLt,1000,1000,0,117,0.117,0.010164201887015036,0.117
K10-r0.4-l1.0-rs0.0-d0.5,k-comparison,10,0.4,1.0,1.0,0.0,0.5,90015,1000,0.8215838362577491,0.6274950199005567,0.6085806194501846,0.5,0.024348153278278873,0,4,50,50,0,19,0,0,0,1.29100385493075e-07,0,1.143493147659935,,2.2.6,1.15.3,0,deeks,1000,1000,0,411,0.411,0.015558888135082145,0.411
K10-r0.4-l1.0-rs0.0-d0.5,k-comparison,10,0.4,1.0,1.0,0.0,0.5,90015,1000,0.8215838362577491,0.6274950199005567,0.6085806194501846,0.5,0.024348153278278873,0,4,50,50,0,19,0,0,0,1.29100385493075e-07,0,1.143493147659935,,2.2.6,1.15.3,0,c1,1000,1000,0,496,0.496,0.01581088232832058,0.496
K10-r0.4-l1.0-rs0.0-d0.5,k-comparison,10,0.4,1.0,1.0,0.0,0.5,90015,1000,0.8215838362577491,0.6274950199005567,0.6085806194501846,0.5,0.024348153278278873,0,4,50,50,0,19,0,0,0,1.29100385493075e-07,0,1.143493147659935,,2.2.6,1.15.3,0,hsW,1000,1000,0,466,0.466,0.01577479001445027,0.466
K10-r0.4-l1.0-rs0.0-d0.5,k-comparison,10,0.4,1.0,1.0,0.0,0.5,90015,1000,0.8215838362577491,0.6274950199005567,0.6085806194501846,0.5,0.024348153278278873,0,4,50,50,0,19,0,0,0,1.29100385493075e-07,0,1.143493147659935,,2.2.6,1.15.3,0,hsL,1000,1000,0,574,0.574,0.015637263187655313,0.574
K10-r0.4-l1.0-rs0.0-d0.5,k-comparison,10,0.4,1.0,1.0,0.0,0.5,90015,1000,0.8215838362577491,0.6274950199005567,0.6085806194501846,0.5,0.024348153278278873,0,4,50,50,0,19,0,0,0,1.29100385493075e-07,0,1.143493147659935,,2.2.6,1.15.3,0,hsLt,1000,1000,0,488,0.488,0.01580683396509244,0.488
K10-r0.4-l2.0-rs0.0-d0.0,k-comparison,10,0.4,2.0,2.0,0.0,0.0,90016,1000,0.8215838362577491,0.6274950199005567,0.0,0.0,0.02441554152944715,0,1,65,63,2,36,0,0,0,1.011116864901851e-06,0,2.659579292569213,,2.2.6,1.15.3,0,deeks,1000,1000,0,102,0.102,0.009570579919733181,0.102
K10-r0.4-l2.0-rs0.0-d0.0,k-comparison,10,0.4,2.0,2.0,0.0,0.0,90016,1000,0.8215838362577491,0.6274950199005567,0.0,0.0,0.02441554152944715,0,1,65,63,2,36,0,0,0,1.011116864901851e-06,0,2.659579292569213,,2.2.6,1.15.3,0,c1,1000,1000,0,110,0.11,0.009894442884771228,0.11
K10-r0.4-l2.0-rs0.0-d0.0,k-comparison,10,0.4,2.0,2.0,0.0,0.0,90016,1000,0.8215838362577491,0.6274950199005567,0.0,0.0,0.02441554152944715,0,1,65,63,2,36,0,0,0,1.011116864901851e-06,0,2.659579292569213,,2.2.6,1.15.3,0,hsW,1000,1000,0,101,0.101,0.009528850927577786,0.101
K10-r0.4-l2.0-rs0.0-d0.0,k-comparison,10,0.4,2.0,2.0,0.0,0.0,90016,1000,0.8215838362577491,0.6274950199005567,0.0,0.0,0.02441554152944715,0,1,65,63,2,36,0,0,0,1.011116864901851e-06,0,2.659579292569213,,2.2.6,1.15.3,0,hsL,1000,1000,0,171,0.171,0.011906258858264422,0.171
K10-r0.4-l2.0-rs0.0-d0.0,k-comparison,10,0.4,2.0,2.0,0.0,0.0,90016,1000,0.8215838362577491,0.6274950199005567,0.0,0.0,0.02441554152944715,0,1,65,63,2,36,0,0,0,1.011116864901851e-06,0,2.659579292569213,,2.2.6,1.15.3,0,hsLt,1000,1000,0,123,0.123,0.010386096475577337,0.123
K10-r0.4-l2.0-rs0.4-d0.0,k-comparison,10,0.4,2.0,2.0,0.4,0.0,90017,1000,0.8215838362577491,0.6274950199005567,0.0,0.17748239349298853,0.02417724469440327,0,1,48,46,2,30,0,0,0,5.491864953910408e-07,0,2.644253630651693,,2.2.6,1.15.3,0,deeks,1000,1000,0,123,0.123,0.010386096475577337,0.123
K10-r0.4-l2.0-rs0.4-d0.0,k-comparison,10,0.4,2.0,2.0,0.4,0.0,90017,1000,0.8215838362577491,0.6274950199005567,0.0,0.17748239349298853,0.02417724469440327,0,1,48,46,2,30,0,0,0,5.491864953910408e-07,0,2.644253630651693,,2.2.6,1.15.3,0,c1,1000,1000,0,138,0.138,0.01090669519148674,0.138
K10-r0.4-l2.0-rs0.4-d0.0,k-comparison,10,0.4,2.0,2.0,0.4,0.0,90017,1000,0.8215838362577491,0.6274950199005567,0.0,0.17748239349298853,0.02417724469440327,0,1,48,46,2,30,0,0,0,5.491864953910408e-07,0,2.644253630651693,,2.2.6,1.15.3,0,hsW,1000,1000,0,97,0.097,0.00935900635751467,0.097
K10-r0.4-l2.0-rs0.4-d0.0,k-comparison,10,0.4,2.0,2.0,0.4,0.0,90017,1000,0.8215838362577491,0.6274950199005567,0.0,0.17748239349298853,0.02417724469440327,0,1,48,46,2,30,0,0,0,5.491864953910408e-07,0,2.644253630651693,,2.2.6,1.15.3,0,hsL,1000,1000,0,147,0.147,0.011197812286335219,0.147
K10-r0.4-l2.0-rs0.4-d0.0,k-comparison,10,0.4,2.0,2.0,0.4,0.0,90017,1000,0.8215838362577491,0.6274950199005567,0.0,0.17748239349298853,0.02417724469440327,0,1,48,46,2,30,0,0,0,5.491864953910408e-07,0,2.644253630651693,,2.2.6,1.15.3,0,hsLt,1000,1000,0,105,0.105,0.009694070352540258,0.105
K10-r0.4-l2.0-rs0.0-d0.5,k-comparison,10,0.4,2.0,2.0,0.0,0.5,90018,1000,0.8215838362577491,0.6274950199005567,0.6085806194501846,0.5303300858899107,0.024012842471640032,1,1,68,64,4,33,0,0,0,6.756489301551483e-05,0,2.684553713338421,,2.2.6,1.15.3,0,deeks,1000,1000,0,356,0.356,0.015141466243399283,0.356
K10-r0.4-l2.0-rs0.0-d0.5,k-comparison,10,0.4,2.0,2.0,0.0,0.5,90018,1000,0.8215838362577491,0.6274950199005567,0.6085806194501846,0.5303300858899107,0.024012842471640032,1,1,68,64,4,33,0,0,0,6.756489301551483e-05,0,2.684553713338421,,2.2.6,1.15.3,0,c1,1000,1000,0,437,0.437,0.01568537535413163,0.437
K10-r0.4-l2.0-rs0.0-d0.5,k-comparison,10,0.4,2.0,2.0,0.0,0.5,90018,1000,0.8215838362577491,0.6274950199005567,0.6085806194501846,0.5303300858899107,0.024012842471640032,1,1,68,64,4,33,0,0,0,6.756489301551483e-05,0,2.684553713338421,,2.2.6,1.15.3,0,hsW,1000,1000,0,405,0.405,0.015523369479594306,0.405
K10-r0.4-l2.0-rs0.0-d0.5,k-comparison,10,0.4,2.0,2.0,0.0,0.5,90018,1000,0.8215838362577491,0.6274950199005567,0.6085806194501846,0.5303300858899107,0.024012842471640032,1,1,68,64,4,33,0,0,0,6.756489301551483e-05,0,2.684553713338421,,2.2.6,1.15.3,0,hsL,1000,1000,0,529,0.529,0.01578477114183161,0.529
K10-r0.4-l2.0-rs0.0-d0.5,k-comparison,10,0.4,2.0,2.0,0.0,0.5,90018,1000,0.8215838362577491,0.6274950199005567,0.6085806194501846,0.5303300858899107,0.024012842471640032,1,1,68,64,4,33,0,0,0,6.756489301551483e-05,0,2.684553713338421,,2.2.6,1.15.3,0,hsLt,1000,1000,0,440,0.44,0.015697133496278867,0.44
K20-r0.4-l0.5-rs0.0-d0.0,k-comparison,20,0.4,0.5,0.5,0.0,0.0,90037,1000,0.8215838362577491,0.6274950199005567,0.0,0.0,0.025245822921923455,1,2,2,2,0,0,0,0,0,7.874939456087304e-08,0,0.5103259729958581,,2.4.4,1.17.1,505,deeks,1000,1000,0,143,0.143,0.011070275515993266,0.143
K20-r0.4-l0.5-rs0.0-d0.0,k-comparison,20,0.4,0.5,0.5,0.0,0.0,90037,1000,0.8215838362577491,0.6274950199005567,0.0,0.0,0.025245822921923455,1,2,2,2,0,0,0,0,0,7.874939456087304e-08,0,0.5103259729958581,,2.4.4,1.17.1,505,c1,1000,1000,0,110,0.11,0.009894442884771228,0.11
K20-r0.4-l0.5-rs0.0-d0.0,k-comparison,20,0.4,0.5,0.5,0.0,0.0,90037,1000,0.8215838362577491,0.6274950199005567,0.0,0.0,0.025245822921923455,1,2,2,2,0,0,0,0,0,7.874939456087304e-08,0,0.5103259729958581,,2.4.4,1.17.1,505,hsW,1000,1000,0,125,0.125,0.010458250331675944,0.125
K20-r0.4-l0.5-rs0.0-d0.0,k-comparison,20,0.4,0.5,0.5,0.0,0.0,90037,1000,0.8215838362577491,0.6274950199005567,0.0,0.0,0.025245822921923455,1,2,2,2,0,0,0,0,0,7.874939456087304e-08,0,0.5103259729958581,,2.4.4,1.17.1,505,hsL,1000,1000,0,138,0.138,0.01090669519148674,0.138
K20-r0.4-l0.5-rs0.0-d0.0,k-comparison,20,0.4,0.5,0.5,0.0,0.0,90037,1000,0.8215838362577491,0.6274950199005567,0.0,0.0,0.025245822921923455,1,2,2,2,0,0,0,0,0,7.874939456087304e-08,0,0.5103259729958581,,2.4.4,1.17.1,505,hsLt,1000,1000,0,121,0.121,0.010313049985334114,0.121
K20-r0.4-l0.5-rs0.4-d0.0,k-comparison,20,0.4,0.5,0.5,0.4,0.0,90038,1000,0.8215838362577491,0.6274950199005567,0.0,-0.17748239349298853,0.025443507549686918,0,0,0,0,0,0,0,0,0,1.3766951951765805e-06,0,0.5058837877946657,,2.4.4,1.17.1,523,deeks,1000,1000,0,209,0.209,0.012857643641040918,0.209
K20-r0.4-l0.5-rs0.4-d0.0,k-comparison,20,0.4,0.5,0.5,0.4,0.0,90038,1000,0.8215838362577491,0.6274950199005567,0.0,-0.17748239349298853,0.025443507549686918,0,0,0,0,0,0,0,0,0,1.3766951951765805e-06,0,0.5058837877946657,,2.4.4,1.17.1,523,c1,1000,1000,0,192,0.192,0.012455360291858283,0.192
K20-r0.4-l0.5-rs0.4-d0.0,k-comparison,20,0.4,0.5,0.5,0.4,0.0,90038,1000,0.8215838362577491,0.6274950199005567,0.0,-0.17748239349298853,0.025443507549686918,0,0,0,0,0,0,0,0,0,1.3766951951765805e-06,0,0.5058837877946657,,2.4.4,1.17.1,523,hsW,1000,1000,0,116,0.116,0.010126401137620413,0.116
K20-r0.4-l0.5-rs0.4-d0.0,k-comparison,20,0.4,0.5,0.5,0.4,0.0,90038,1000,0.8215838362577491,0.6274950199005567,0.0,-0.17748239349298853,0.025443507549686918,0,0,0,0,0,0,0,0,0,1.3766951951765805e-06,0,0.5058837877946657,,2.4.4,1.17.1,523,hsL,1000,1000,0,128,0.128,0.010564847372300274,0.128
K20-r0.4-l0.5-rs0.4-d0.0,k-comparison,20,0.4,0.5,0.5,0.4,0.0,90038,1000,0.8215838362577491,0.6274950199005567,0.0,-0.17748239349298853,0.025443507549686918,0,0,0,0,0,0,0,0,0,1.3766951951765805e-06,0,0.5058837877946657,,2.4.4,1.17.1,523,hsLt,1000,1000,0,112,0.112,0.00997276290703835,0.112
K20-r0.4-l0.5-rs0.0-d0.5,k-comparison,20,0.4,0.5,0.5,0.0,0.5,90039,1000,0.8215838362577491,0.6274950199005567,0.6085806194501846,0.5303300858899107,0.02556604151261903,1,1,0,0,0,1,0,0,0,0.0009237918137614543,0,0.5142637040779054,,2.2.6,1.15.3,0,deeks,1000,1000,0,515,0.515,0.01580427157448264,0.515
K20-r0.4-l0.5-rs0.0-d0.5,k-comparison,20,0.4,0.5,0.5,0.0,0.5,90039,1000,0.8215838362577491,0.6274950199005567,0.6085806194501846,0.5303300858899107,0.02556604151261903,1,1,0,0,0,1,0,0,0,0.0009237918137614543,0,0.5142637040779054,,2.2.6,1.15.3,0,c1,1000,1000,0,677,0.677,0.014787528529135624,0.677
K20-r0.4-l0.5-rs0.0-d0.5,k-comparison,20,0.4,0.5,0.5,0.0,0.5,90039,1000,0.8215838362577491,0.6274950199005567,0.6085806194501846,0.5303300858899107,0.02556604151261903,1,1,0,0,0,1,0,0,0,0.0009237918137614543,0,0.5142637040779054,,2.2.6,1.15.3,0,hsW,1000,1000,0,696,0.696,0.014545927265045704,0.696
K20-r0.4-l0.5-rs0.0-d0.5,k-comparison,20,0.4,0.5,0.5,0.0,0.5,90039,1000,0.8215838362577491,0.6274950199005567,0.6085806194501846,0.5303300858899107,0.02556604151261903,1,1,0,0,0,1,0,0,0,0.0009237918137614543,0,0.5142637040779054,,2.2.6,1.15.3,0,hsL,1000,1000,0,738,0.738,0.013905250806799567,0.738
K20-r0.4-l0.5-rs0.0-d0.5,k-comparison,20,0.4,0.5,0.5,0.0,0.5,90039,1000,0.8215838362577491,0.6274950199005567,0.6085806194501846,0.5303300858899107,0.02556604151261903,1,1,0,0,0,1,0,0,0,0.0009237918137614543,0,0.5142637040779054,,2.2.6,1.15.3,0,hsLt,1000,1000,0,710,0.71,0.014349216006458332,0.71
K20-r0.4-l1.0-rs0.0-d0.0,k-comparison,20,0.4,1.0,1.0,0.0,0.0,90040,1000,0.8215838362577491,0.6274950199005567,0.0,0.0,0.02568883505795549,0,3,0,0,0,0,0,0,0,2.6398307682029554e-06,0,1.056188638013041,,2.2.6,1.15.3,0,deeks,1000,1000,0,139,0.139,0.010939789760319894,0.139
K20-r0.4-l1.0-rs0.0-d0.0,k-comparison,20,0.4,1.0,1.0,0.0,0.0,90040,1000,0.8215838362577491,0.6274950199005567,0.0,0.0,0.02568883505795549,0,3,0,0,0,0,0,0,0,2.6398307682029554e-06,0,1.056188638013041,,2.2.6,1.15.3,0,c1,1000,1000,0,109,0.109,0.00985489725973843,0.109
K20-r0.4-l1.0-rs0.0-d0.0,k-comparison,20,0.4,1.0,1.0,0.0,0.0,90040,1000,0.8215838362577491,0.6274950199005567,0.0,0.0,0.02568883505795549,0,3,0,0,0,0,0,0,0,2.6398307682029554e-06,0,1.056188638013041,,2.2.6,1.15.3,0,hsW,1000,1000,0,116,0.116,0.010126401137620413,0.116
K20-r0.4-l1.0-rs0.0-d0.0,k-comparison,20,0.4,1.0,1.0,0.0,0.0,90040,1000,0.8215838362577491,0.6274950199005567,0.0,0.0,0.02568883505795549,0,3,0,0,0,0,0,0,0,2.6398307682029554e-06,0,1.056188638013041,,2.2.6,1.15.3,0,hsL,1000,1000,0,129,0.129,0.010599952830083727,0.129
K20-r0.4-l1.0-rs0.0-d0.0,k-comparison,20,0.4,1.0,1.0,0.0,0.0,90040,1000,0.8215838362577491,0.6274950199005567,0.0,0.0,0.02568883505795549,0,3,0,0,0,0,0,0,0,2.6398307682029554e-06,0,1.056188638013041,,2.2.6,1.15.3,0,hsLt,1000,1000,0,118,0.118,0.01020176455325254,0.118
K20-r0.4-l1.0-rs0.4-d0.0,k-comparison,20,0.4,1.0,1.0,0.4,0.0,90041,1000,0.8215838362577491,0.6274950199005567,0.0,0.0,0.02562188444464914,0,1,0,0,0,0,0,0,0,5.8324189353697875e-06,0,1.0448642716666041,,2.2.6,1.15.3,0,deeks,1000,1000,0,117,0.117,0.010164201887015036,0.117
K20-r0.4-l1.0-rs0.4-d0.0,k-comparison,20,0.4,1.0,1.0,0.4,0.0,90041,1000,0.8215838362577491,0.6274950199005567,0.0,0.0,0.02562188444464914,0,1,0,0,0,0,0,0,0,5.8324189353697875e-06,0,1.0448642716666041,,2.2.6,1.15.3,0,c1,1000,1000,0,100,0.1,0.009486832980505138,0.1
K20-r0.4-l1.0-rs0.4-d0.0,k-comparison,20,0.4,1.0,1.0,0.4,0.0,90041,1000,0.8215838362577491,0.6274950199005567,0.0,0.0,0.02562188444464914,0,1,0,0,0,0,0,0,0,5.8324189353697875e-06,0,1.0448642716666041,,2.2.6,1.15.3,0,hsW,1000,1000,0,107,0.107,0.009775019181566858,0.107
K20-r0.4-l1.0-rs0.4-d0.0,k-comparison,20,0.4,1.0,1.0,0.4,0.0,90041,1000,0.8215838362577491,0.6274950199005567,0.0,0.0,0.02562188444464914,0,1,0,0,0,0,0,0,0,5.8324189353697875e-06,0,1.0448642716666041,,2.2.6,1.15.3,0,hsL,1000,1000,0,120,0.12,0.010276186062932104,0.12
K20-r0.4-l1.0-rs0.4-d0.0,k-comparison,20,0.4,1.0,1.0,0.4,0.0,90041,1000,0.8215838362577491,0.6274950199005567,0.0,0.0,0.02562188444464914,0,1,0,0,0,0,0,0,0,5.8324189353697875e-06,0,1.0448642716666041,,2.2.6,1.15.3,0,hsLt,1000,1000,0,102,0.102,0.009570579919733181,0.102
K20-r0.4-l1.0-rs0.0-d0.5,k-comparison,20,0.4,1.0,1.0,0.0,0.5,90042,1000,0.8215838362577491,0.6274950199005567,0.6085806194501846,0.5,0.02555107887850994,0,1,0,0,0,0,0,0,0,0.0029939622853589754,0,1.0354939861893295,,2.2.6,1.15.3,0,deeks,1000,1000,0,602,0.602,0.015478888849009803,0.602
K20-r0.4-l1.0-rs0.0-d0.5,k-comparison,20,0.4,1.0,1.0,0.0,0.5,90042,1000,0.8215838362577491,0.6274950199005567,0.6085806194501846,0.5,0.02555107887850994,0,1,0,0,0,0,0,0,0,0.0029939622853589754,0,1.0354939861893295,,2.2.6,1.15.3,0,c1,1000,1000,0,748,0.748,0.013729384545565033,0.748
K20-r0.4-l1.0-rs0.0-d0.5,k-comparison,20,0.4,1.0,1.0,0.0,0.5,90042,1000,0.8215838362577491,0.6274950199005567,0.6085806194501846,0.5,0.02555107887850994,0,1,0,0,0,0,0,0,0,0.0029939622853589754,0,1.0354939861893295,,2.2.6,1.15.3,0,hsW,1000,1000,0,749,0.749,0.013711272734505722,0.749
K20-r0.4-l1.0-rs0.0-d0.5,k-comparison,20,0.4,1.0,1.0,0.0,0.5,90042,1000,0.8215838362577491,0.6274950199005567,0.6085806194501846,0.5,0.02555107887850994,0,1,0,0,0,0,0,0,0,0.0029939622853589754,0,1.0354939861893295,,2.2.6,1.15.3,0,hsL,1000,1000,0,780,0.78,0.01309961831505025,0.78
K20-r0.4-l1.0-rs0.0-d0.5,k-comparison,20,0.4,1.0,1.0,0.0,0.5,90042,1000,0.8215838362577491,0.6274950199005567,0.6085806194501846,0.5,0.02555107887850994,0,1,0,0,0,0,0,0,0,0.0029939622853589754,0,1.0354939861893295,,2.2.6,1.15.3,0,hsLt,1000,1000,0,755,0.755,0.013600551459407815,0.755
K20-r0.4-l2.0-rs0.0-d0.0,k-comparison,20,0.4,2.0,2.0,0.0,0.0,90043,1000,0.8215838362577491,0.6274950199005567,0.0,0.0,0.025519617033690413,1,0,1,1,0,0,0,0,0,4.62961367020398e-06,0,2.108796552184984,,2.4.4,1.17.1,481,deeks,1000,1000,0,144,0.144,0.011102432165971562,0.144
K20-r0.4-l2.0-rs0.0-d0.0,k-comparison,20,0.4,2.0,2.0,0.0,0.0,90043,1000,0.8215838362577491,0.6274950199005567,0.0,0.0,0.025519617033690413,1,0,1,1,0,0,0,0,0,4.62961367020398e-06,0,2.108796552184984,,2.4.4,1.17.1,481,c1,1000,1000,0,123,0.123,0.010386096475577337,0.123
K20-r0.4-l2.0-rs0.0-d0.0,k-comparison,20,0.4,2.0,2.0,0.0,0.0,90043,1000,0.8215838362577491,0.6274950199005567,0.0,0.0,0.025519617033690413,1,0,1,1,0,0,0,0,0,4.62961367020398e-06,0,2.108796552184984,,2.4.4,1.17.1,481,hsW,1000,1000,0,107,0.107,0.009775019181566858,0.107
K20-r0.4-l2.0-rs0.0-d0.0,k-comparison,20,0.4,2.0,2.0,0.0,0.0,90043,1000,0.8215838362577491,0.6274950199005567,0.0,0.0,0.025519617033690413,1,0,1,1,0,0,0,0,0,4.62961367020398e-06,0,2.108796552184984,,2.4.4,1.17.1,481,hsL,1000,1000,0,132,0.132,0.010704017937204702,0.132
K20-r0.4-l2.0-rs0.0-d0.0,k-comparison,20,0.4,2.0,2.0,0.0,0.0,90043,1000,0.8215838362577491,0.6274950199005567,0.0,0.0,0.025519617033690413,1,0,1,1,0,0,0,0,0,4.62961367020398e-06,0,2.108796552184984,,2.4.4,1.17.1,481,hsLt,1000,1000,0,113,0.113,0.01001154333756789,0.113
K20-r0.4-l2.0-rs0.4-d0.0,k-comparison,20,0.4,2.0,2.0,0.4,0.0,90044,1000,0.8215838362577491,0.6274950199005567,0.0,0.17748239349298853,0.025485988640416755,0,0,2,2,0,0,0,0,0,2.646265784278512e-08,0,2.098495663449734,,2.4.4,1.17.1,495,deeks,1000,1000,0,190,0.19,0.012405643876881199,0.19
K20-r0.4-l2.0-rs0.4-d0.0,k-comparison,20,0.4,2.0,2.0,0.4,0.0,90044,1000,0.8215838362577491,0.6274950199005567,0.0,0.17748239349298853,0.025485988640416755,0,0,2,2,0,0,0,0,0,2.646265784278512e-08,0,2.098495663449734,,2.4.4,1.17.1,495,c1,1000,1000,0,194,0.194,0.012504559168559283,0.194
K20-r0.4-l2.0-rs0.4-d0.0,k-comparison,20,0.4,2.0,2.0,0.4,0.0,90044,1000,0.8215838362577491,0.6274950199005567,0.0,0.17748239349298853,0.025485988640416755,0,0,2,2,0,0,0,0,0,2.646265784278512e-08,0,2.098495663449734,,2.4.4,1.17.1,495,hsW,1000,1000,0,118,0.118,0.01020176455325254,0.118
K20-r0.4-l2.0-rs0.4-d0.0,k-comparison,20,0.4,2.0,2.0,0.4,0.0,90044,1000,0.8215838362577491,0.6274950199005567,0.0,0.17748239349298853,0.025485988640416755,0,0,2,2,0,0,0,0,0,2.646265784278512e-08,0,2.098495663449734,,2.4.4,1.17.1,495,hsL,1000,1000,0,145,0.145,0.01113440613593738,0.145
K20-r0.4-l2.0-rs0.4-d0.0,k-comparison,20,0.4,2.0,2.0,0.4,0.0,90044,1000,0.8215838362577491,0.6274950199005567,0.0,0.17748239349298853,0.025485988640416755,0,0,2,2,0,0,0,0,0,2.646265784278512e-08,0,2.098495663449734,,2.4.4,1.17.1,495,hsLt,1000,1000,0,119,0.119,0.010239091756596383,0.119
K20-r0.4-l2.0-rs0.0-d0.5,k-comparison,20,0.4,2.0,2.0,0.0,0.5,90045,1000,0.8215838362577491,0.6274950199005567,0.6085806194501846,0.5303300858899107,0.025404555226666157,0,2,2,2,0,0,0,0,0,0.0006925815843601413,0,2.135797095914381,,2.2.6,1.15.3,0,deeks,1000,1000,0,498,0.498,0.01581126180922952,0.498
K20-r0.4-l2.0-rs0.0-d0.5,k-comparison,20,0.4,2.0,2.0,0.0,0.5,90045,1000,0.8215838362577491,0.6274950199005567,0.6085806194501846,0.5303300858899107,0.025404555226666157,0,2,2,2,0,0,0,0,0,0.0006925815843601413,0,2.135797095914381,,2.2.6,1.15.3,0,c1,1000,1000,0,663,0.663,0.014947608504372864,0.663
K20-r0.4-l2.0-rs0.0-d0.5,k-comparison,20,0.4,2.0,2.0,0.0,0.5,90045,1000,0.8215838362577491,0.6274950199005567,0.6085806194501846,0.5303300858899107,0.025404555226666157,0,2,2,2,0,0,0,0,0,0.0006925815843601413,0,2.135797095914381,,2.2.6,1.15.3,0,hsW,1000,1000,0,684,0.684,0.014701836619960105,0.684
K20-r0.4-l2.0-rs0.0-d0.5,k-comparison,20,0.4,2.0,2.0,0.0,0.5,90045,1000,0.8215838362577491,0.6274950199005567,0.6085806194501846,0.5303300858899107,0.025404555226666157,0,2,2,2,0,0,0,0,0,0.0006925815843601413,0,2.135797095914381,,2.2.6,1.15.3,0,hsL,1000,1000,0,726,0.726,0.014104041973845655,0.726
K20-r0.4-l2.0-rs0.0-d0.5,k-comparison,20,0.4,2.0,2.0,0.0,0.5,90045,1000,0.8215838362577491,0.6274950199005567,0.6085806194501846,0.5303300858899107,0.025404555226666157,0,2,2,2,0,0,0,0,0,0.0006925815843601413,0,2.135797095914381,,2.2.6,1.15.3,0,hsLt,1000,1000,0,690,0.69,0.014625320509308506,0.69
K50-r0.4-l0.5-rs0.0-d0.0,k-comparison,50,0.4,0.5,0.5,0.0,0.0,90082,1000,0.8215838362577491,0.6274950199005567,0.0,0.0,0.026207639313391217,0,0,0,0,0,0,0,0,0,1.1493204965518089e-07,0,0.5005039876217284,,2.2.6,1.15.3,0,deeks,1000,1000,0,192,0.192,0.012455360291858283,0.192
K50-r0.4-l0.5-rs0.0-d0.0,k-comparison,50,0.4,0.5,0.5,0.0,0.0,90082,1000,0.8215838362577491,0.6274950199005567,0.0,0.0,0.026207639313391217,0,0,0,0,0,0,0,0,0,1.1493204965518089e-07,0,0.5005039876217284,,2.2.6,1.15.3,0,c1,1000,1000,0,104,0.104,0.009653186002558949,0.104
K50-r0.4-l0.5-rs0.0-d0.0,k-comparison,50,0.4,0.5,0.5,0.0,0.0,90082,1000,0.8215838362577491,0.6274950199005567,0.0,0.0,0.026207639313391217,0,0,0,0,0,0,0,0,0,1.1493204965518089e-07,0,0.5005039876217284,,2.2.6,1.15.3,0,hsW,1000,1000,0,109,0.109,0.00985489725973843,0.109
K50-r0.4-l0.5-rs0.0-d0.0,k-comparison,50,0.4,0.5,0.5,0.0,0.0,90082,1000,0.8215838362577491,0.6274950199005567,0.0,0.0,0.026207639313391217,0,0,0,0,0,0,0,0,0,1.1493204965518089e-07,0,0.5005039876217284,,2.2.6,1.15.3,0,hsL,1000,1000,0,115,0.115,0.010088359628799918,0.115
K50-r0.4-l0.5-rs0.0-d0.0,k-comparison,50,0.4,0.5,0.5,0.0,0.0,90082,1000,0.8215838362577491,0.6274950199005567,0.0,0.0,0.026207639313391217,0,0,0,0,0,0,0,0,0,1.1493204965518089e-07,0,0.5005039876217284,,2.2.6,1.15.3,0,hsLt,1000,1000,0,105,0.105,0.009694070352540258,0.105
K50-r0.4-l0.5-rs0.4-d0.0,k-comparison,50,0.4,0.5,0.5,0.4,0.0,90083,1000,0.8215838362577491,0.6274950199005567,0.0,-0.17748239349298853,0.026117605777064276,0,0,0,0,0,0,0,0,0,2.109493379975902e-08,0,0.5035149569353375,,2.2.6,1.15.3,0,deeks,1000,1000,0,257,0.257,0.013818502089589886,0.257
K50-r0.4-l0.5-rs0.4-d0.0,k-comparison,50,0.4,0.5,0.5,0.4,0.0,90083,1000,0.8215838362577491,0.6274950199005567,0.0,-0.17748239349298853,0.026117605777064276,0,0,0,0,0,0,0,0,0,2.109493379975902e-08,0,0.5035149569353375,,2.2.6,1.15.3,0,c1,1000,1000,0,291,0.291,0.014363808687113596,0.291
K50-r0.4-l0.5-rs0.4-d0.0,k-comparison,50,0.4,0.5,0.5,0.4,0.0,90083,1000,0.8215838362577491,0.6274950199005567,0.0,-0.17748239349298853,0.026117605777064276,0,0,0,0,0,0,0,0,0,2.109493379975902e-08,0,0.5035149569353375,,2.2.6,1.15.3,0,hsW,1000,1000,0,104,0.104,0.009653186002558949,0.104
K50-r0.4-l0.5-rs0.4-d0.0,k-comparison,50,0.4,0.5,0.5,0.4,0.0,90083,1000,0.8215838362577491,0.6274950199005567,0.0,-0.17748239349298853,0.026117605777064276,0,0,0,0,0,0,0,0,0,2.109493379975902e-08,0,0.5035149569353375,,2.2.6,1.15.3,0,hsL,1000,1000,0,113,0.113,0.01001154333756789,0.113
K50-r0.4-l0.5-rs0.4-d0.0,k-comparison,50,0.4,0.5,0.5,0.4,0.0,90083,1000,0.8215838362577491,0.6274950199005567,0.0,-0.17748239349298853,0.026117605777064276,0,0,0,0,0,0,0,0,0,2.109493379975902e-08,0,0.5035149569353375,,2.2.6,1.15.3,0,hsLt,1000,1000,0,105,0.105,0.009694070352540258,0.105
K50-r0.4-l0.5-rs0.0-d0.5,k-comparison,50,0.4,0.5,0.5,0.0,0.5,90084,1000,0.8215838362577491,0.6274950199005567,0.6085806194501846,0.5303300858899107,0.02620918179603425,1,1,0,0,0,0,0,0,0,0.4551397133249111,0,0.5077189294531107,,2.2.6,1.15.3,0,deeks,1000,1000,0,809,0.809,0.012430567163247216,0.809
K50-r0.4-l0.5-rs0.0-d0.5,k-comparison,50,0.4,0.5,0.5,0.0,0.5,90084,1000,0.8215838362577491,0.6274950199005567,0.6085806194501846,0.5303300858899107,0.02620918179603425,1,1,0,0,0,0,0,0,0,0.4551397133249111,0,0.5077189294531107,,2.2.6,1.15.3,0,c1,1000,1000,0,955,0.955,0.00655553201502365,0.955
K50-r0.4-l0.5-rs0.0-d0.5,k-comparison,50,0.4,0.5,0.5,0.0,0.5,90084,1000,0.8215838362577491,0.6274950199005567,0.6085806194501846,0.5303300858899107,0.02620918179603425,1,1,0,0,0,0,0,0,0,0.4551397133249111,0,0.5077189294531107,,2.2.6,1.15.3,0,hsW,1000,1000,0,965,0.965,0.005811626278418119,0.965
K50-r0.4-l0.5-rs0.0-d0.5,k-comparison,50,0.4,0.5,0.5,0.0,0.5,90084,1000,0.8215838362577491,0.6274950199005567,0.6085806194501846,0.5303300858899107,0.02620918179603425,1,1,0,0,0,0,0,0,0,0.4551397133249111,0,0.5077189294531107,,2.2.6,1.15.3,0,hsL,1000,1000,0,965,0.965,0.005811626278418119,0.965
K50-r0.4-l0.5-rs0.0-d0.5,k-comparison,50,0.4,0.5,0.5,0.0,0.5,90084,1000,0.8215838362577491,0.6274950199005567,0.6085806194501846,0.5303300858899107,0.02620918179603425,1,1,0,0,0,0,0,0,0,0.4551397133249111,0,0.5077189294531107,,2.2.6,1.15.3,0,hsLt,1000,1000,0,965,0.965,0.005811626278418119,0.965
K50-r0.4-l1.0-rs0.0-d0.0,k-comparison,50,0.4,1.0,1.0,0.0,0.0,90085,1000,0.8215838362577491,0.6274950199005567,0.0,0.0,0.026321578220802916,0,0,0,0,0,0,0,0,0,6.905147529323585e-07,0,1.008016008354473,,2.2.6,1.15.3,0,deeks,1000,1000,0,184,0.184,0.012253326079069307,0.184
K50-r0.4-l1.0-rs0.0-d0.0,k-comparison,50,0.4,1.0,1.0,0.0,0.0,90085,1000,0.8215838362577491,0.6274950199005567,0.0,0.0,0.026321578220802916,0,0,0,0,0,0,0,0,0,6.905147529323585e-07,0,1.008016008354473,,2.2.6,1.15.3,0,c1,1000,1000,0,98,0.098,0.009401914698613257,0.098
K50-r0.4-l1.0-rs0.0-d0.0,k-comparison,50,0.4,1.0,1.0,0.0,0.0,90085,1000,0.8215838362577491,0.6274950199005567,0.0,0.0,0.026321578220802916,0,0,0,0,0,0,0,0,0,6.905147529323585e-07,0,1.008016008354473,,2.2.6,1.15.3,0,hsW,1000,1000,0,98,0.098,0.009401914698613257,0.098
K50-r0.4-l1.0-rs0.0-d0.0,k-comparison,50,0.4,1.0,1.0,0.0,0.0,90085,1000,0.8215838362577491,0.6274950199005567,0.0,0.0,0.026321578220802916,0,0,0,0,0,0,0,0,0,6.905147529323585e-07,0,1.008016008354473,,2.2.6,1.15.3,0,hsL,1000,1000,0,107,0.107,0.009775019181566858,0.107
K50-r0.4-l1.0-rs0.0-d0.0,k-comparison,50,0.4,1.0,1.0,0.0,0.0,90085,1000,0.8215838362577491,0.6274950199005567,0.0,0.0,0.026321578220802916,0,0,0,0,0,0,0,0,0,6.905147529323585e-07,0,1.008016008354473,,2.2.6,1.15.3,0,hsLt,1000,1000,0,96,0.096,0.009315793041926168,0.096
K50-r0.4-l1.0-rs0.4-d0.0,k-comparison,50,0.4,1.0,1.0,0.4,0.0,90086,1000,0.8215838362577491,0.6274950199005567,0.0,0.0,0.02632352626799685,0,0,0,0,0,0,0,0,0,3.2009370443120133e-07,0,1.0101786055798487,,2.2.6,1.15.3,0,deeks,1000,1000,0,180,0.18,0.012149074038789953,0.18
K50-r0.4-l1.0-rs0.4-d0.0,k-comparison,50,0.4,1.0,1.0,0.4,0.0,90086,1000,0.8215838362577491,0.6274950199005567,0.0,0.0,0.02632352626799685,0,0,0,0,0,0,0,0,0,3.2009370443120133e-07,0,1.0101786055798487,,2.2.6,1.15.3,0,c1,1000,1000,0,97,0.097,0.00935900635751467,0.097
K50-r0.4-l1.0-rs0.4-d0.0,k-comparison,50,0.4,1.0,1.0,0.4,0.0,90086,1000,0.8215838362577491,0.6274950199005567,0.0,0.0,0.02632352626799685,0,0,0,0,0,0,0,0,0,3.2009370443120133e-07,0,1.0101786055798487,,2.2.6,1.15.3,0,hsW,1000,1000,0,86,0.086,0.008865889690267977,0.086
K50-r0.4-l1.0-rs0.4-d0.0,k-comparison,50,0.4,1.0,1.0,0.4,0.0,90086,1000,0.8215838362577491,0.6274950199005567,0.0,0.0,0.02632352626799685,0,0,0,0,0,0,0,0,0,3.2009370443120133e-07,0,1.0101786055798487,,2.2.6,1.15.3,0,hsL,1000,1000,0,92,0.092,0.00913980306133562,0.092
K50-r0.4-l1.0-rs0.4-d0.0,k-comparison,50,0.4,1.0,1.0,0.4,0.0,90086,1000,0.8215838362577491,0.6274950199005567,0.0,0.0,0.02632352626799685,0,0,0,0,0,0,0,0,0,3.2009370443120133e-07,0,1.0101786055798487,,2.2.6,1.15.3,0,hsLt,1000,1000,0,90,0.09,0.009049861877399014,0.09
K50-r0.4-l1.0-rs0.0-d0.5,k-comparison,50,0.4,1.0,1.0,0.0,0.5,90087,1000,0.8215838362577491,0.6274950199005567,0.6085806194501846,0.5,0.026376734661923695,0,0,0,0,0,0,0,0,0,0.010819287455205995,0,1.013973262754396,,2.2.6,1.15.3,0,deeks,1000,1000,0,844,0.844,0.011474493452871897,0.844
K50-r0.4-l1.0-rs0.0-d0.5,k-comparison,50,0.4,1.0,1.0,0.0,0.5,90087,1000,0.8215838362577491,0.6274950199005567,0.6085806194501846,0.5,0.026376734661923695,0,0,0,0,0,0,0,0,0,0.010819287455205995,0,1.013973262754396,,2.2.6,1.15.3,0,c1,1000,1000,0,971,0.971,0.005306505441436956,0.971
K50-r0.4-l1.0-rs0.0-d0.5,k-comparison,50,0.4,1.0,1.0,0.0,0.5,90087,1000,0.8215838362577491,0.6274950199005567,0.6085806194501846,0.5,0.026376734661923695,0,0,0,0,0,0,0,0,0,0.010819287455205995,0,1.013973262754396,,2.2.6,1.15.3,0,hsW,1000,1000,0,973,0.973,0.005125524363418832,0.973
K50-r0.4-l1.0-rs0.0-d0.5,k-comparison,50,0.4,1.0,1.0,0.0,0.5,90087,1000,0.8215838362577491,0.6274950199005567,0.6085806194501846,0.5,0.026376734661923695,0,0,0,0,0,0,0,0,0,0.010819287455205995,0,1.013973262754396,,2.2.6,1.15.3,0,hsL,1000,1000,0,974,0.974,0.005032295698784007,0.974
K50-r0.4-l1.0-rs0.0-d0.5,k-comparison,50,0.4,1.0,1.0,0.0,0.5,90087,1000,0.8215838362577491,0.6274950199005567,0.6085806194501846,0.5,0.026376734661923695,0,0,0,0,0,0,0,0,0,0.010819287455205995,0,1.013973262754396,,2.2.6,1.15.3,0,hsLt,1000,1000,0,973,0.973,0.005125524363418832,0.973
K50-r0.4-l2.0-rs0.0-d0.0,k-comparison,50,0.4,2.0,2.0,0.0,0.0,90088,1000,0.8215838362577491,0.6274950199005567,0.0,0.0,0.026383252192920502,0,2,0,0,0,0,0,0,0,3.1675782565798727e-06,0,2.032186115017376,,2.2.6,1.15.3,0,deeks,1000,1000,0,170,0.17,0.011878552100319299,0.17
K50-r0.4-l2.0-rs0.0-d0.0,k-comparison,50,0.4,2.0,2.0,0.0,0.0,90088,1000,0.8215838362577491,0.6274950199005567,0.0,0.0,0.026383252192920502,0,2,0,0,0,0,0,0,0,3.1675782565798727e-06,0,2.032186115017376,,2.2.6,1.15.3,0,c1,1000,1000,0,107,0.107,0.009775019181566858,0.107
K50-r0.4-l2.0-rs0.0-d0.0,k-comparison,50,0.4,2.0,2.0,0.0,0.0,90088,1000,0.8215838362577491,0.6274950199005567,0.0,0.0,0.026383252192920502,0,2,0,0,0,0,0,0,0,3.1675782565798727e-06,0,2.032186115017376,,2.2.6,1.15.3,0,hsW,1000,1000,0,121,0.121,0.010313049985334114,0.121
K50-r0.4-l2.0-rs0.0-d0.0,k-comparison,50,0.4,2.0,2.0,0.0,0.0,90088,1000,0.8215838362577491,0.6274950199005567,0.0,0.0,0.026383252192920502,0,2,0,0,0,0,0,0,0,3.1675782565798727e-06,0,2.032186115017376,,2.2.6,1.15.3,0,hsL,1000,1000,0,130,0.13,0.010634848376916336,0.13
K50-r0.4-l2.0-rs0.0-d0.0,k-comparison,50,0.4,2.0,2.0,0.0,0.0,90088,1000,0.8215838362577491,0.6274950199005567,0.0,0.0,0.026383252192920502,0,2,0,0,0,0,0,0,0,3.1675782565798727e-06,0,2.032186115017376,,2.2.6,1.15.3,0,hsLt,1000,1000,0,125,0.125,0.010458250331675944,0.125
K50-r0.4-l2.0-rs0.4-d0.0,k-comparison,50,0.4,2.0,2.0,0.4,0.0,90089,1000,0.8215838362577491,0.6274950199005567,0.0,0.17748239349298853,0.026276502811500266,0,0,0,0,0,0,0,0,0,1.0045744716080662e-05,0,2.029818316435906,,2.2.6,1.15.3,0,deeks,1000,1000,0,284,0.284,0.014259873772232347,0.284
K50-r0.4-l2.0-rs0.4-d0.0,k-comparison,50,0.4,2.0,2.0,0.4,0.0,90089,1000,0.8215838362577491,0.6274950199005567,0.0,0.17748239349298853,0.026276502811500266,0,0,0,0,0,0,0,0,0,1.0045744716080662e-05,0,2.029818316435906,,2.2.6,1.15.3,0,c1,1000,1000,0,300,0.3,0.014491376746189439,0.3
K50-r0.4-l2.0-rs0.4-d0.0,k-comparison,50,0.4,2.0,2.0,0.4,0.0,90089,1000,0.8215838362577491,0.6274950199005567,0.0,0.17748239349298853,0.026276502811500266,0,0,0,0,0,0,0,0,0,1.0045744716080662e-05,0,2.029818316435906,,2.2.6,1.15.3,0,hsW,1000,1000,0,95,0.095,0.00927227048785787,0.095
K50-r0.4-l2.0-rs0.4-d0.0,k-comparison,50,0.4,2.0,2.0,0.4,0.0,90089,1000,0.8215838362577491,0.6274950199005567,0.0,0.17748239349298853,0.026276502811500266,0,0,0,0,0,0,0,0,0,1.0045744716080662e-05,0,2.029818316435906,,2.2.6,1.15.3,0,hsL,1000,1000,0,98,0.098,0.009401914698613257,0.098
K50-r0.4-l2.0-rs0.4-d0.0,k-comparison,50,0.4,2.0,2.0,0.4,0.0,90089,1000,0.8215838362577491,0.6274950199005567,0.0,0.17748239349298853,0.026276502811500266,0,0,0,0,0,0,0,0,0,1.0045744716080662e-05,0,2.029818316435906,,2.2.6,1.15.3,0,hsLt,1000,1000,0,93,0.093,0.009184280047995052,0.093
K50-r0.4-l2.0-rs0.0-d0.5,k-comparison,50,0.4,2.0,2.0,0.0,0.5,90090,1000,0.8215838362577491,0.6274950199005567,0.6085806194501846,0.5303300858899107,0.02636280733781924,0,2,0,0,0,0,0,0,0,0.12694209463222705,0,2.0370161884829217,,2.2.6,1.15.3,0,deeks,1000,1000,0,798,0.798,0.01269629867323544,0.798
K50-r0.4-l2.0-rs0.0-d0.5,k-comparison,50,0.4,2.0,2.0,0.0,0.5,90090,1000,0.8215838362577491,0.6274950199005567,0.6085806194501846,0.5303300858899107,0.02636280733781924,0,2,0,0,0,0,0,0,0,0.12694209463222705,0,2.0370161884829217,,2.2.6,1.15.3,0,c1,1000,1000,0,944,0.944,0.007270763371201131,0.944
K50-r0.4-l2.0-rs0.0-d0.5,k-comparison,50,0.4,2.0,2.0,0.0,0.5,90090,1000,0.8215838362577491,0.6274950199005567,0.6085806194501846,0.5303300858899107,0.02636280733781924,0,2,0,0,0,0,0,0,0,0.12694209463222705,0,2.0370161884829217,,2.2.6,1.15.3,0,hsW,1000,1000,0,965,0.965,0.005811626278418119,0.965
K50-r0.4-l2.0-rs0.0-d0.5,k-comparison,50,0.4,2.0,2.0,0.0,0.5,90090,1000,0.8215838362577491,0.6274950199005567,0.6085806194501846,0.5303300858899107,0.02636280733781924,0,2,0,0,0,0,0,0,0,0.12694209463222705,0,2.0370161884829217,,2.2.6,1.15.3,0,hsL,1000,1000,0,968,0.968,0.005565608681896351,0.968
K50-r0.4-l2.0-rs0.0-d0.5,k-comparison,50,0.4,2.0,2.0,0.0,0.5,90090,1000,0.8215838362577491,0.6274950199005567,0.6085806194501846,0.5303300858899107,0.02636280733781924,0,2,0,0,0,0,0,0,0,0.12694209463222705,0,2.0370161884829217,,2.2.6,1.15.3,0,hsLt,1000,1000,0,963,0.963,0.005969170796685251,0.963
K30-r0.0-l0.5-rs0.0-d0.0,rho-comparison,30,0.0,0.5,0.5,0.0,0.0,90055,1000,1.0606601717798212,0.5303300858899106,0.0,0.0,0.0261767548120164,0,1,0,0,0,0,0,0,0,7.881163810452563e-07,0,0.5064146935074548,,2.4.4,1.17.1,537,deeks,1000,1000,0,145,0.145,0.01113440613593738,0.145
K30-r0.0-l0.5-rs0.0-d0.0,rho-comparison,30,0.0,0.5,0.5,0.0,0.0,90055,1000,1.0606601717798212,0.5303300858899106,0.0,0.0,0.0261767548120164,0,1,0,0,0,0,0,0,0,7.881163810452563e-07,0,0.5064146935074548,,2.4.4,1.17.1,537,c1,1000,1000,0,117,0.117,0.010164201887015036,0.117
K30-r0.0-l0.5-rs0.0-d0.0,rho-comparison,30,0.0,0.5,0.5,0.0,0.0,90055,1000,1.0606601717798212,0.5303300858899106,0.0,0.0,0.0261767548120164,0,1,0,0,0,0,0,0,0,7.881163810452563e-07,0,0.5064146935074548,,2.4.4,1.17.1,537,hsW,1000,1000,0,110,0.11,0.009894442884771228,0.11
K30-r0.0-l0.5-rs0.0-d0.0,rho-comparison,30,0.0,0.5,0.5,0.0,0.0,90055,1000,1.0606601717798212,0.5303300858899106,0.0,0.0,0.0261767548120164,0,1,0,0,0,0,0,0,0,7.881163810452563e-07,0,0.5064146935074548,,2.4.4,1.17.1,537,hsL,1000,1000,0,124,0.124,0.010422283818818216,0.124
K30-r0.0-l0.5-rs0.0-d0.0,rho-comparison,30,0.0,0.5,0.5,0.0,0.0,90055,1000,1.0606601717798212,0.5303300858899106,0.0,0.0,0.0261767548120164,0,1,0,0,0,0,0,0,0,7.881163810452563e-07,0,0.5064146935074548,,2.4.4,1.17.1,537,hsLt,1000,1000,0,107,0.107,0.009775019181566858,0.107
K30-r0.0-l0.5-rs0.4-d0.0,rho-comparison,30,0.0,0.5,0.5,0.4,0.0,90056,1000,1.0606601717798212,0.5303300858899106,0.0,-0.15000000000000002,0.025911650194641853,0,1,0,0,0,0,0,0,0,7.804472318184708e-06,0,0.5075178065913226,,2.4.4,1.17.1,528,deeks,1000,1000,0,183,0.183,0.012227469075814503,0.183
K30-r0.0-l0.5-rs0.4-d0.0,rho-comparison,30,0.0,0.5,0.5,0.4,0.0,90056,1000,1.0606601717798212,0.5303300858899106,0.0,-0.15000000000000002,0.025911650194641853,0,1,0,0,0,0,0,0,0,7.804472318184708e-06,0,0.5075178065913226,,2.4.4,1.17.1,528,c1,1000,1000,0,184,0.184,0.012253326079069307,0.184
K30-r0.0-l0.5-rs0.4-d0.0,rho-comparison,30,0.0,0.5,0.5,0.4,0.0,90056,1000,1.0606601717798212,0.5303300858899106,0.0,-0.15000000000000002,0.025911650194641853,0,1,0,0,0,0,0,0,0,7.804472318184708e-06,0,0.5075178065913226,,2.4.4,1.17.1,528,hsW,1000,1000,0,106,0.106,0.009734680272099337,0.106
K30-r0.0-l0.5-rs0.4-d0.0,rho-comparison,30,0.0,0.5,0.5,0.4,0.0,90056,1000,1.0606601717798212,0.5303300858899106,0.0,-0.15000000000000002,0.025911650194641853,0,1,0,0,0,0,0,0,0,7.804472318184708e-06,0,0.5075178065913226,,2.4.4,1.17.1,528,hsL,1000,1000,0,110,0.11,0.009894442884771228,0.11
K30-r0.0-l0.5-rs0.4-d0.0,rho-comparison,30,0.0,0.5,0.5,0.4,0.0,90056,1000,1.0606601717798212,0.5303300858899106,0.0,-0.15000000000000002,0.025911650194641853,0,1,0,0,0,0,0,0,0,7.804472318184708e-06,0,0.5075178065913226,,2.4.4,1.17.1,528,hsLt,1000,1000,0,102,0.102,0.009570579919733181,0.102
K30-r0.0-l0.5-rs0.0-d0.5,rho-comparison,30,0.0,0.5,0.5,0.0,0.5,90057,1000,1.0606601717798212,0.5303300858899106,0.47140452079103173,0.5303300858899107,0.02596181962776522,0,1,0,0,0,0,0,0,0,8.238284863182344e-07,0,0.5077777179630352,,2.2.6,1.15.3,0,deeks,1000,1000,0,532,0.532,0.01577897335063343,0.532
K30-r0.0-l0.5-rs0.0-d0.5,rho-comparison,30,0.0,0.5,0.5,0.0,0.5,90057,1000,1.0606601717798212,0.5303300858899106,0.47140452079103173,0.5303300858899107,0.02596181962776522,0,1,0,0,0,0,0,0,0,8.238284863182344e-07,0,0.5077777179630352,,2.2.6,1.15.3,0,c1,1000,1000,0,713,0.713,0.01430492922037715,0.713
K30-r0.0-l0.5-rs0.0-d0.5,rho-comparison,30,0.0,0.5,0.5,0.0,0.5,90057,1000,1.0606601717798212,0.5303300858899106,0.47140452079103173,0.5303300858899107,0.02596181962776522,0,1,0,0,0,0,0,0,0,8.238284863182344e-07,0,0.5077777179630352,,2.2.6,1.15.3,0,hsW,1000,1000,0,713,0.713,0.01430492922037715,0.713
K30-r0.0-l0.5-rs0.0-d0.5,rho-comparison,30,0.0,0.5,0.5,0.0,0.5,90057,1000,1.0606601717798212,0.5303300858899106,0.47140452079103173,0.5303300858899107,0.02596181962776522,0,1,0,0,0,0,0,0,0,8.238284863182344e-07,0,0.5077777179630352,,2.2.6,1.15.3,0,hsL,1000,1000,0,738,0.738,0.013905250806799567,0.738
K30-r0.0-l0.5-rs0.0-d0.5,rho-comparison,30,0.0,0.5,0.5,0.0,0.5,90057,1000,1.0606601717798212,0.5303300858899106,0.47140452079103173,0.5303300858899107,0.02596181962776522,0,1,0,0,0,0,0,0,0,8.238284863182344e-07,0,0.5077777179630352,,2.2.6,1.15.3,0,hsLt,1000,1000,0,715,0.715,0.014274978108564651,0.715
K30-r0.0-l1.0-rs0.0-d0.0,rho-comparison,30,0.0,1.0,1.0,0.0,0.0,90058,1000,1.0606601717798212,0.5303300858899106,0.0,0.0,0.025869572548848516,1,3,0,0,0,0,0,0,0,8.54090501434257e-06,0,1.0325808151024485,,2.2.6,1.15.3,0,deeks,1000,1000,0,155,0.155,0.011444430960078356,0.155
K30-r0.0-l1.0-rs0.0-d0.0,rho-comparison,30,0.0,1.0,1.0,0.0,0.0,90058,1000,1.0606601717798212,0.5303300858899106,0.0,0.0,0.025869572548848516,1,3,0,0,0,0,0,0,0,8.54090501434257e-06,0,1.0325808151024485,,2.2.6,1.15.3,0,c1,1000,1000,0,115,0.115,0.010088359628799918,0.115
K30-r0.0-l1.0-rs0.0-d0.0,rho-comparison,30,0.0,1.0,1.0,0.0,0.0,90058,1000,1.0606601717798212,0.5303300858899106,0.0,0.0,0.025869572548848516,1,3,0,0,0,0,0,0,0,8.54090501434257e-06,0,1.0325808151024485,,2.2.6,1.15.3,0,hsW,1000,1000,0,110,0.11,0.009894442884771228,0.11
K30-r0.0-l1.0-rs0.0-d0.0,rho-comparison,30,0.0,1.0,1.0,0.0,0.0,90058,1000,1.0606601717798212,0.5303300858899106,0.0,0.0,0.025869572548848516,1,3,0,0,0,0,0,0,0,8.54090501434257e-06,0,1.0325808151024485,,2.2.6,1.15.3,0,hsL,1000,1000,0,126,0.126,0.010493998284733994,0.126
K30-r0.0-l1.0-rs0.0-d0.0,rho-comparison,30,0.0,1.0,1.0,0.0,0.0,90058,1000,1.0606601717798212,0.5303300858899106,0.0,0.0,0.025869572548848516,1,3,0,0,0,0,0,0,0,8.54090501434257e-06,0,1.0325808151024485,,2.2.6,1.15.3,0,hsLt,1000,1000,0,110,0.11,0.009894442884771228,0.11
K30-r0.0-l1.0-rs0.4-d0.0,rho-comparison,30,0.0,1.0,1.0,0.4,0.0,90059,1000,1.0606601717798212,0.5303300858899106,0.0,0.0,0.026152021643200164,0,0,0,0,0,0,0,0,0,6.270681751630036e-08,0,1.0341086954408019,,2.2.6,1.15.3,0,deeks,1000,1000,0,152,0.152,0.011353237423748346,0.152
K30-r0.0-l1.0-rs0.4-d0.0,rho-comparison,30,0.0,1.0,1.0,0.4,0.0,90059,1000,1.0606601717798212,0.5303300858899106,0.0,0.0,0.026152021643200164,0,0,0,0,0,0,0,0,0,6.270681751630036e-08,0,1.0341086954408019,,2.2.6,1.15.3,0,c1,1000,1000,0,123,0.123,0.010386096475577337,0.123
K30-r0.0-l1.0-rs0.4-d0.0,rho-comparison,30,0.0,1.0,1.0,0.4,0.0,90059,1000,1.0606601717798212,0.5303300858899106,0.0,0.0,0.026152021643200164,0,0,0,0,0,0,0,0,0,6.270681751630036e-08,0,1.0341086954408019,,2.2.6,1.15.3,0,hsW,1000,1000,0,126,0.126,0.010493998284733994,0.126
K30-r0.0-l1.0-rs0.4-d0.0,rho-comparison,30,0.0,1.0,1.0,0.4,0.0,90059,1000,1.0606601717798212,0.5303300858899106,0.0,0.0,0.026152021643200164,0,0,0,0,0,0,0,0,0,6.270681751630036e-08,0,1.0341086954408019,,2.2.6,1.15.3,0,hsL,1000,1000,0,136,0.136,0.010839926199010766,0.136
K30-r0.0-l1.0-rs0.4-d0.0,rho-comparison,30,0.0,1.0,1.0,0.4,0.0,90059,1000,1.0606601717798212,0.5303300858899106,0.0,0.0,0.026152021643200164,0,0,0,0,0,0,0,0,0,6.270681751630036e-08,0,1.0341086954408019,,2.2.6,1.15.3,0,hsLt,1000,1000,0,128,0.128,0.010564847372300274,0.128
K30-r0.0-l1.0-rs0.0-d0.5,rho-comparison,30,0.0,1.0,1.0,0.0,0.5,90060,1000,1.0606601717798212,0.5303300858899106,0.47140452079103173,0.5,0.026004593799424863,0,0,0,0,0,0,0,0,0,0.00034584693128181243,0,1.020473274337489,,2.2.6,1.15.3,0,deeks,1000,1000,0,572,0.572,0.015646597074124458,0.572
K30-r0.0-l1.0-rs0.0-d0.5,rho-comparison,30,0.0,1.0,1.0,0.0,0.5,90060,1000,1.0606601717798212,0.5303300858899106,0.47140452079103173,0.5,0.026004593799424863,0,0,0,0,0,0,0,0,0,0.00034584693128181243,0,1.020473274337489,,2.2.6,1.15.3,0,c1,1000,1000,0,719,0.719,0.014214042352547005,0.719
K30-r0.0-l1.0-rs0.0-d0.5,rho-comparison,30,0.0,1.0,1.0,0.0,0.5,90060,1000,1.0606601717798212,0.5303300858899106,0.47140452079103173,0.5,0.026004593799424863,0,0,0,0,0,0,0,0,0,0.00034584693128181243,0,1.020473274337489,,2.2.6,1.15.3,0,hsW,1000,1000,0,721,0.721,0.014183053267896867,0.721
K30-r0.0-l1.0-rs0.0-d0.5,rho-comparison,30,0.0,1.0,1.0,0.0,0.5,90060,1000,1.0606601717798212,0.5303300858899106,0.47140452079103173,0.5,0.026004593799424863,0,0,0,0,0,0,0,0,0,0.00034584693128181243,0,1.020473274337489,,2.2.6,1.15.3,0,hsL,1000,1000,0,746,0.746,0.013765318739498916,0.746
K30-r0.0-l1.0-rs0.0-d0.5,rho-comparison,30,0.0,1.0,1.0,0.0,0.5,90060,1000,1.0606601717798212,0.5303300858899106,0.47140452079103173,0.5,0.026004593799424863,0,0,0,0,0,0,0,0,0,0.00034584693128181243,0,1.020473274337489,,2.2.6,1.15.3,0,hsLt,1000,1000,0,726,0.726,0.014104041973845655,0.726
K30-r0.0-l2.0-rs0.0-d0.0,rho-comparison,30,0.0,2.0,2.0,0.0,0.0,90061,1000,1.0606601717798212,0.5303300858899106,0.0,0.0,0.025784680711819517,1,4,0,0,0,0,0,0,0,4.6890102112229215e-07,0,2.07441658937301,,2.4.4,1.17.1,498,deeks,1000,1000,0,149,0.149,0.01126050620531777,0.149
K30-r0.0-l2.0-rs0.0-d0.0,rho-comparison,30,0.0,2.0,2.0,0.0,0.0,90061,1000,1.0606601717798212,0.5303300858899106,0.0,0.0,0.025784680711819517,1,4,0,0,0,0,0,0,0,4.6890102112229215e-07,0,2.07441658937301,,2.4.4,1.17.1,498,c1,1000,1000,0,90,0.09,0.009049861877399014,0.09
K30-r0.0-l2.0-rs0.0-d0.0,rho-comparison,30,0.0,2.0,2.0,0.0,0.0,90061,1000,1.0606601717798212,0.5303300858899106,0.0,0.0,0.025784680711819517,1,4,0,0,0,0,0,0,0,4.6890102112229215e-07,0,2.07441658937301,,2.4.4,1.17.1,498,hsW,1000,1000,0,85,0.085,0.008819013550278738,0.085
K30-r0.0-l2.0-rs0.0-d0.0,rho-comparison,30,0.0,2.0,2.0,0.0,0.0,90061,1000,1.0606601717798212,0.5303300858899106,0.0,0.0,0.025784680711819517,1,4,0,0,0,0,0,0,0,4.6890102112229215e-07,0,2.07441658937301,,2.4.4,1.17.1,498,hsL,1000,1000,0,96,0.096,0.009315793041926168,0.096
K30-r0.0-l2.0-rs0.0-d0.0,rho-comparison,30,0.0,2.0,2.0,0.0,0.0,90061,1000,1.0606601717798212,0.5303300858899106,0.0,0.0,0.025784680711819517,1,4,0,0,0,0,0,0,0,4.6890102112229215e-07,0,2.07441658937301,,2.4.4,1.17.1,498,hsLt,1000,1000,0,85,0.085,0.008819013550278738,0.085
K30-r0.0-l2.0-rs0.4-d0.0,rho-comparison,30,0.0,2.0,2.0,0.4,0.0,90062,1000,1.0606601717798212,0.5303300858899106,0.0,0.15000000000000002,0.02592874156789349,0,1,0,0,0,0,0,0,0,2.4754405103522004e-07,0,2.065437366087616,,2.4.4,1.17.1,505,deeks,1000,1000,0,212,0.212,0.012925014506761685,0.212
K30-r0.0-l2.0-rs0.4-d0.0,rho-comparison,30,0.0,2.0,2.0,0.4,0.0,90062,1000,1.0606601717798212,0.5303300858899106,0.0,0.15000000000000002,0.02592874156789349,0,1,0,0,0,0,0,0,0,2.4754405103522004e-07,0,2.065437366087616,,2.4.4,1.17.1,505,c1,1000,1000,0,190,0.19,0.012405643876881199,0.19
K30-r0.0-l2.0-rs0.4-d0.0,rho-comparison,30,0.0,2.0,2.0,0.4,0.0,90062,1000,1.0606601717798212,0.5303300858899106,0.0,0.15000000000000002,0.02592874156789349,0,1,0,0,0,0,0,0,0,2.4754405103522004e-07,0,2.065437366087616,,2.4.4,1.17.1,505,hsW,1000,1000,0,108,0.108,0.009815090422405696,0.108
K30-r0.0-l2.0-rs0.4-d0.0,rho-comparison,30,0.0,2.0,2.0,0.4,0.0,90062,1000,1.0606601717798212,0.5303300858899106,0.0,0.15000000000000002,0.02592874156789349,0,1,0,0,0,0,0,0,0,2.4754405103522004e-07,0,2.065437366087616,,2.4.4,1.17.1,505,hsL,1000,1000,0,114,0.114,0.010050074626588601,0.114
K30-r0.0-l2.0-rs0.4-d0.0,rho-comparison,30,0.0,2.0,2.0,0.4,0.0,90062,1000,1.0606601717798212,0.5303300858899106,0.0,0.15000000000000002,0.02592874156789349,0,1,0,0,0,0,0,0,0,2.4754405103522004e-07,0,2.065437366087616,,2.4.4,1.17.1,505,hsLt,1000,1000,0,105,0.105,0.009694070352540258,0.105
K30-r0.0-l2.0-rs0.0-d0.5,rho-comparison,30,0.0,2.0,2.0,0.0,0.5,90063,1000,1.0606601717798212,0.5303300858899106,0.47140452079103173,0.5303300858899107,0.02579672111832023,0,0,0,0,0,0,0,0,0,0.0005623683785529465,0,2.085923466380081,,2.2.6,1.15.3,0,deeks,1000,1000,0,522,0.522,0.015796075461962062,0.522
K30-r0.0-l2.0-rs0.0-d0.5,rho-comparison,30,0.0,2.0,2.0,0.0,0.5,90063,1000,1.0606601717798212,0.5303300858899106,0.47140452079103173,0.5303300858899107,0.02579672111832023,0,0,0,0,0,0,0,0,0,0.0005623683785529465,0,2.085923466380081,,2.2.6,1.15.3,0,c1,1000,1000,0,698,0.698,0.01451881537867329,0.698
K30-r0.0-l2.0-rs0.0-d0.5,rho-comparison,30,0.0,2.0,2.0,0.0,0.5,90063,1000,1.0606601717798212,0.5303300858899106,0.47140452079103173,0.5303300858899107,0.02579672111832023,0,0,0,0,0,0,0,0,0,0.0005623683785529465,0,2.085923466380081,,2.2.6,1.15.3,0,hsW,1000,1000,0,699,0.699,0.014505137021069467,0.699
K30-r0.0-l2.0-rs0.0-d0.5,rho-comparison,30,0.0,2.0,2.0,0.0,0.5,90063,1000,1.0606601717798212,0.5303300858899106,0.47140452079103173,0.5303300858899107,0.02579672111832023,0,0,0,0,0,0,0,0,0,0.0005623683785529465,0,2.085923466380081,,2.2.6,1.15.3,0,hsL,1000,1000,0,731,0.731,0.014022802858202064,0.731
K30-r0.0-l2.0-rs0.0-d0.5,rho-comparison,30,0.0,2.0,2.0,0.0,0.5,90063,1000,1.0606601717798212,0.5303300858899106,0.47140452079103173,0.5303300858899107,0.02579672111832023,0,0,0,0,0,0,0,0,0,0.0005623683785529465,0,2.085923466380081,,2.2.6,1.15.3,0,hsLt,1000,1000,0,705,0.705,0.01442133835675455,0.705
K30-r0.8-l0.5-rs0.0-d0.0,rho-comparison,30,0.8,0.5,0.5,0.0,0.0,90064,1000,0.47434164902525683,0.7115124735378854,0.0,0.0,0.025918876352601337,0,2,7,7,0,4,0,0,0,2.900026174756931e-08,0,0.49799244428456113,,2.2.6,1.15.3,0,deeks,1000,1000,0,143,0.143,0.011070275515993266,0.143
K30-r0.8-l0.5-rs0.0-d0.0,rho-comparison,30,0.8,0.5,0.5,0.0,0.0,90064,1000,0.47434164902525683,0.7115124735378854,0.0,0.0,0.025918876352601337,0,2,7,7,0,4,0,0,0,2.900026174756931e-08,0,0.49799244428456113,,2.2.6,1.15.3,0,c1,1000,1000,0,112,0.112,0.00997276290703835,0.112
K30-r0.8-l0.5-rs0.0-d0.0,rho-comparison,30,0.8,0.5,0.5,0.0,0.0,90064,1000,0.47434164902525683,0.7115124735378854,0.0,0.0,0.025918876352601337,0,2,7,7,0,4,0,0,0,2.900026174756931e-08,0,0.49799244428456113,,2.2.6,1.15.3,0,hsW,1000,1000,0,108,0.108,0.009815090422405696,0.108
K30-r0.8-l0.5-rs0.0-d0.0,rho-comparison,30,0.8,0.5,0.5,0.0,0.0,90064,1000,0.47434164902525683,0.7115124735378854,0.0,0.0,0.025918876352601337,0,2,7,7,0,4,0,0,0,2.900026174756931e-08,0,0.49799244428456113,,2.2.6,1.15.3,0,hsL,1000,1000,0,106,0.106,0.009734680272099337,0.106
K30-r0.8-l0.5-rs0.0-d0.0,rho-comparison,30,0.8,0.5,0.5,0.0,0.0,90064,1000,0.47434164902525683,0.7115124735378854,0.0,0.0,0.025918876352601337,0,2,7,7,0,4,0,0,0,2.900026174756931e-08,0,0.49799244428456113,,2.2.6,1.15.3,0,hsLt,1000,1000,0,100,0.1,0.009486832980505138,0.1
K30-r0.8-l0.5-rs0.4-d0.0,rho-comparison,30,0.8,0.5,0.5,0.4,0.0,90065,1000,0.47434164902525683,0.7115124735378854,0.0,-0.2012461179749811,0.026038774215568408,1,3,6,6,0,4,0,0,0,1.5761758618282329e-06,0,0.50042788881166,,2.2.6,1.15.3,0,deeks,1000,1000,0,341,0.341,0.01499063040702425,0.341
K30-r0.8-l0.5-rs0.4-d0.0,rho-comparison,30,0.8,0.5,0.5,0.4,0.0,90065,1000,0.47434164902525683,0.7115124735378854,0.0,-0.2012461179749811,0.026038774215568408,1,3,6,6,0,4,0,0,0,1.5761758618282329e-06,0,0.50042788881166,,2.2.6,1.15.3,0,c1,1000,1000,0,393,0.393,0.015445096309184997,0.393
K30-r0.8-l0.5-rs0.4-d0.0,rho-comparison,30,0.8,0.5,0.5,0.4,0.0,90065,1000,0.47434164902525683,0.7115124735378854,0.0,-0.2012461179749811,0.026038774215568408,1,3,6,6,0,4,0,0,0,1.5761758618282329e-06,0,0.50042788881166,,2.2.6,1.15.3,0,hsW,1000,1000,0,99,0.099,0.009444522221901964,0.099
K30-r0.8-l0.5-rs0.4-d0.0,rho-comparison,30,0.8,0.5,0.5,0.4,0.0,90065,1000,0.47434164902525683,0.7115124735378854,0.0,-0.2012461179749811,0.026038774215568408,1,3,6,6,0,4,0,0,0,1.5761758618282329e-06,0,0.50042788881166,,2.2.6,1.15.3,0,hsL,1000,1000,0,109,0.109,0.00985489725973843,0.109
K30-r0.8-l0.5-rs0.4-d0.0,rho-comparison,30,0.8,0.5,0.5,0.4,0.0,90065,1000,0.47434164902525683,0.7115124735378854,0.0,-0.2012461179749811,0.026038774215568408,1,3,6,6,0,4,0,0,0,1.5761758618282329e-06,0,0.50042788881166,,2.2.6,1.15.3,0,hsLt,1000,1000,0,96,0.096,0.009315793041926168,0.096
K30-r0.8-l0.5-rs0.0-d0.5,rho-comparison,30,0.8,0.5,0.5,0.0,0.5,90066,1000,0.47434164902525683,0.7115124735378854,1.0540925533894598,0.5303300858899107,0.025817753115304876,0,0,3,3,0,0,0,0,0,0.28948748671462,0,0.5027567966592006,,2.2.6,1.15.3,0,deeks,1000,1000,0,822,0.822,0.012096115078817663,0.822
K30-r0.8-l0.5-rs0.0-d0.5,rho-comparison,30,0.8,0.5,0.5,0.0,0.5,90066,1000,0.47434164902525683,0.7115124735378854,1.0540925533894598,0.5303300858899107,0.025817753115304876,0,0,3,3,0,0,0,0,0,0.28948748671462,0,0.5027567966592006,,2.2.6,1.15.3,0,c1,1000,1000,0,948,0.948,0.007021111023192843,0.948
K30-r0.8-l0.5-rs0.0-d0.5,rho-comparison,30,0.8,0.5,0.5,0.0,0.5,90066,1000,0.47434164902525683,0.7115124735378854,1.0540925533894598,0.5303300858899107,0.025817753115304876,0,0,3,3,0,0,0,0,0,0.28948748671462,0,0.5027567966592006,,2.2.6,1.15.3,0,hsW,1000,1000,0,963,0.963,0.005969170796685251,0.963
K30-r0.8-l0.5-rs0.0-d0.5,rho-comparison,30,0.8,0.5,0.5,0.0,0.5,90066,1000,0.47434164902525683,0.7115124735378854,1.0540925533894598,0.5303300858899107,0.025817753115304876,0,0,3,3,0,0,0,0,0,0.28948748671462,0,0.5027567966592006,,2.2.6,1.15.3,0,hsL,1000,1000,0,967,0.967,0.005648982209212561,0.967
K30-r0.8-l0.5-rs0.0-d0.5,rho-comparison,30,0.8,0.5,0.5,0.0,0.5,90066,1000,0.47434164902525683,0.7115124735378854,1.0540925533894598,0.5303300858899107,0.025817753115304876,0,0,3,3,0,0,0,0,0,0.28948748671462,0,0.5027567966592006,,2.2.6,1.15.3,0,hsLt,1000,1000,0,964,0.964,0.005891010100144119,0.964
K30-r0.8-l1.0-rs0.0-d0.0,rho-comparison,30,0.8,1.0,1.0,0.0,0.0,90067,1000,0.47434164902525683,0.7115124735378854,0.0,0.0,0.02609418575675743,0,1,0,0,0,0,0,0,0,7.694796977375518e-07,0,1.0073215722988929,,2.4.4,1.17.1,532,deeks,1000,1000,0,152,0.152,0.011353237423748346,0.152
K30-r0.8-l1.0-rs0.0-d0.0,rho-comparison,30,0.8,1.0,1.0,0.0,0.0,90067,1000,0.47434164902525683,0.7115124735378854,0.0,0.0,0.02609418575675743,0,1,0,0,0,0,0,0,0,7.694796977375518e-07,0,1.0073215722988929,,2.4.4,1.17.1,532,c1,1000,1000,0,108,0.108,0.009815090422405696,0.108
K30-r0.8-l1.0-rs0.0-d0.0,rho-comparison,30,0.8,1.0,1.0,0.0,0.0,90067,1000,0.47434164902525683,0.7115124735378854,0.0,0.0,0.02609418575675743,0,1,0,0,0,0,0,0,0,7.694796977375518e-07,0,1.0073215722988929,,2.4.4,1.17.1,532,hsW,1000,1000,0,110,0.11,0.009894442884771228,0.11
K30-r0.8-l1.0-rs0.0-d0.0,rho-comparison,30,0.8,1.0,1.0,0.0,0.0,90067,1000,0.47434164902525683,0.7115124735378854,0.0,0.0,0.02609418575675743,0,1,0,0,0,0,0,0,0,7.694796977375518e-07,0,1.0073215722988929,,2.4.4,1.17.1,532,hsL,1000,1000,0,124,0.124,0.010422283818818216,0.124
K30-r0.8-l1.0-rs0.0-d0.0,rho-comparison,30,0.8,1.0,1.0,0.0,0.0,90067,1000,0.47434164902525683,0.7115124735378854,0.0,0.0,0.02609418575675743,0,1,0,0,0,0,0,0,0,7.694796977375518e-07,0,1.0073215722988929,,2.4.4,1.17.1,532,hsLt,1000,1000,0,108,0.108,0.009815090422405696,0.108
K30-r0.8-l1.0-rs0.4-d0.0,rho-comparison,30,0.8,1.0,1.0,0.4,0.0,90068,1000,0.47434164902525683,0.7115124735378854,0.0,0.0,0.025760734103631826,0,0,0,0,0,0,0,0,0,-1.3869794202037156e-11,0,1.012625842350271,,2.4.4,1.17.1,562,deeks,1000,1000,0,142,0.142,0.011037934589405754,0.142
K30-r0.8-l1.0-rs0.4-d0.0,rho-comparison,30,0.8,1.0,1.0,0.4,0.0,90068,1000,0.47434164902525683,0.7115124735378854,0.0,0.0,0.025760734103631826,0,0,0,0,0,0,0,0,0,-1.3869794202037156e-11,0,1.012625842350271,,2.4.4,1.17.1,562,c1,1000,1000,0,116,0.116,0.010126401137620413,0.116
K30-r0.8-l1.0-rs0.4-d0.0,rho-comparison,30,0.8,1.0,1.0,0.4,0.0,90068,1000,0.47434164902525683,0.7115124735378854,0.0,0.0,0.025760734103631826,0,0,0,0,0,0,0,0,0,-1.3869794202037156e-11,0,1.012625842350271,,2.4.4,1.17.1,562,hsW,1000,1000,0,116,0.116,0.010126401137620413,0.116
K30-r0.8-l1.0-rs0.4-d0.0,rho-comparison,30,0.8,1.0,1.0,0.4,0.0,90068,1000,0.47434164902525683,0.7115124735378854,0.0,0.0,0.025760734103631826,0,0,0,0,0,0,0,0,0,-1.3869794202037156e-11,0,1.012625842350271,,2.4.4,1.17.1,562,hsL,1000,1000,0,122,0.122,0.010349685985574635,0.122
K30-r0.8-l1.0-rs0.4-d0.0,rho-comparison,30,0.8,1.0,1.0,0.4,0.0,90068,1000,0.47434164902525683,0.7115124735378854,0.0,0.0,0.025760734103631826,0,0,0,0,0,0,0,0,0,-1.3869794202037156e-11,0,1.012625842350271,,2.4.4,1.17.1,562,hsLt,1000,1000,0,112,0.112,0.00997276290703835,0.112
K30-r0.8-l1.0-rs0.0-d0.5,rho-comparison,30,0.8,1.0,1.0,0.0,0.5,90069,1000,0.47434164902525683,0.7115124735378854,1.0540925533894598,0.5,0.02597071456511815,0,0,0,0,0,0,0,0,0,0.026578872667471387,0,1.0186255348306006,,2.2.6,1.15.3,0,deeks,1000,1000,0,948,0.948,0.007021111023192843,0.948
K30-r0.8-l1.0-rs0.0-d0.5,rho-comparison,30,0.8,1.0,1.0,0.0,0.5,90069,1000,0.47434164902525683,0.7115124735378854,1.0540925533894598,0.5,0.02597071456511815,0,0,0,0,0,0,0,0,0,0.026578872667471387,0,1.0186255348306006,,2.2.6,1.15.3,0,c1,1000,1000,0,985,0.985,0.0038438262187565153,0.985
K30-r0.8-l1.0-rs0.0-d0.5,rho-comparison,30,0.8,1.0,1.0,0.0,0.5,90069,1000,0.47434164902525683,0.7115124735378854,1.0540925533894598,0.5,0.02597071456511815,0,0,0,0,0,0,0,0,0,0.026578872667471387,0,1.0186255348306006,,2.2.6,1.15.3,0,hsW,1000,1000,0,982,0.982,0.004204283529925166,0.982
K30-r0.8-l1.0-rs0.0-d0.5,rho-comparison,30,0.8,1.0,1.0,0.0,0.5,90069,1000,0.47434164902525683,0.7115124735378854,1.0540925533894598,0.5,0.02597071456511815,0,0,0,0,0,0,0,0,0,0.026578872667471387,0,1.0186255348306006,,2.2.6,1.15.3,0,hsL,1000,1000,0,986,0.986,0.0037153734670958734,0.986
K30-r0.8-l1.0-rs0.0-d0.5,rho-comparison,30,0.8,1.0,1.0,0.0,0.5,90069,1000,0.47434164902525683,0.7115124735378854,1.0540925533894598,0.5,0.02597071456511815,0,0,0,0,0,0,0,0,0,0.026578872667471387,0,1.0186255348306006,,2.2.6,1.15.3,0,hsLt,1000,1000,0,983,0.983,0.004087909000944127,0.983
K30-r0.8-l2.0-rs0.0-d0.0,rho-comparison,30,0.8,2.0,2.0,0.0,0.0,90070,1000,0.47434164902525683,0.7115124735378854,0.0,0.0,0.026073181454640448,1,0,6,6,0,6,0,0,0,2.586662617432012e-07,0,2.058751772321134,,2.2.6,1.15.3,0,deeks,1000,1000,0,151,0.151,0.01132249972400088,0.151
K30-r0.8-l2.0-rs0.0-d0.0,rho-comparison,30,0.8,2.0,2.0,0.0,0.0,90070,1000,0.47434164902525683,0.7115124735378854,0.0,0.0,0.026073181454640448,1,0,6,6,0,6,0,0,0,2.586662617432012e-07,0,2.058751772321134,,2.2.6,1.15.3,0,c1,1000,1000,0,117,0.117,0.010164201887015036,0.117
K30-r0.8-l2.0-rs0.0-d0.0,rho-comparison,30,0.8,2.0,2.0,0.0,0.0,90070,1000,0.47434164902525683,0.7115124735378854,0.0,0.0,0.026073181454640448,1,0,6,6,0,6,0,0,0,2.586662617432012e-07,0,2.058751772321134,,2.2.6,1.15.3,0,hsW,1000,1000,0,110,0.11,0.009894442884771228,0.11
K30-r0.8-l2.0-rs0.0-d0.0,rho-comparison,30,0.8,2.0,2.0,0.0,0.0,90070,1000,0.47434164902525683,0.7115124735378854,0.0,0.0,0.026073181454640448,1,0,6,6,0,6,0,0,0,2.586662617432012e-07,0,2.058751772321134,,2.2.6,1.15.3,0,hsL,1000,1000,0,118,0.118,0.01020176455325254,0.118
K30-r0.8-l2.0-rs0.0-d0.0,rho-comparison,30,0.8,2.0,2.0,0.0,0.0,90070,1000,0.47434164902525683,0.7115124735378854,0.0,0.0,0.026073181454640448,1,0,6,6,0,6,0,0,0,2.586662617432012e-07,0,2.058751772321134,,2.2.6,1.15.3,0,hsLt,1000,1000,0,106,0.106,0.009734680272099337,0.106
K30-r0.8-l2.0-rs0.4-d0.0,rho-comparison,30,0.8,2.0,2.0,0.4,0.0,90071,1000,0.47434164902525683,0.7115124735378854,0.0,0.2012461179749811,0.026255474915996474,0,1,4,4,0,1,0,0,0,4.083358362549916e-08,0,2.0500744694619244,,2.2.6,1.15.3,0,deeks,1000,1000,0,309,0.309,0.014612289348353324,0.309
K30-r0.8-l2.0-rs0.4-d0.0,rho-comparison,30,0.8,2.0,2.0,0.4,0.0,90071,1000,0.47434164902525683,0.7115124735378854,0.0,0.2012461179749811,0.026255474915996474,0,1,4,4,0,1,0,0,0,4.083358362549916e-08,0,2.0500744694619244,,2.2.6,1.15.3,0,c1,1000,1000,0,362,0.362,0.015197236590906913,0.362
K30-r0.8-l2.0-rs0.4-d0.0,rho-comparison,30,0.8,2.0,2.0,0.4,0.0,90071,1000,0.47434164902525683,0.7115124735378854,0.0,0.2012461179749811,0.026255474915996474,0,1,4,4,0,1,0,0,0,4.083358362549916e-08,0,2.0500744694619244,,2.2.6,1.15.3,0,hsW,1000,1000,0,123,0.123,0.010386096475577337,0.123
K30-r0.8-l2.0-rs0.4-d0.0,rho-comparison,30,0.8,2.0,2.0,0.4,0.0,90071,1000,0.47434164902525683,0.7115124735378854,0.0,0.2012461179749811,0.026255474915996474,0,1,4,4,0,1,0,0,0,4.083358362549916e-08,0,2.0500744694619244,,2.2.6,1.15.3,0,hsL,1000,1000,0,138,0.138,0.01090669519148674,0.138
K30-r0.8-l2.0-rs0.4-d0.0,rho-comparison,30,0.8,2.0,2.0,0.4,0.0,90071,1000,0.47434164902525683,0.7115124735378854,0.0,0.2012461179749811,0.026255474915996474,0,1,4,4,0,1,0,0,0,4.083358362549916e-08,0,2.0500744694619244,,2.2.6,1.15.3,0,hsLt,1000,1000,0,128,0.128,0.010564847372300274,0.128
K30-r0.8-l2.0-rs0.0-d0.5,rho-comparison,30,0.8,2.0,2.0,0.0,0.5,90072,1000,0.47434164902525683,0.7115124735378854,1.0540925533894598,0.5303300858899107,0.026186428068520052,0,2,3,3,0,0,0,0,0,0.2982876240679957,0,2.0546454848967026,,2.2.6,1.15.3,0,deeks,1000,1000,0,809,0.809,0.012430567163247216,0.809
K30-r0.8-l2.0-rs0.0-d0.5,rho-comparison,30,0.8,2.0,2.0,0.0,0.5,90072,1000,0.47434164902525683,0.7115124735378854,1.0540925533894598,0.5303300858899107,0.026186428068520052,0,2,3,3,0,0,0,0,0,0.2982876240679957,0,2.0546454848967026,,2.2.6,1.15.3,0,c1,1000,1000,0,933,0.933,0.007906389820898028,0.933
K30-r0.8-l2.0-rs0.0-d0.5,rho-comparison,30,0.8,2.0,2.0,0.0,0.5,90072,1000,0.47434164902525683,0.7115124735378854,1.0540925533894598,0.5303300858899107,0.026186428068520052,0,2,3,3,0,0,0,0,0,0.2982876240679957,0,2.0546454848967026,,2.2.6,1.15.3,0,hsW,1000,1000,0,982,0.982,0.004204283529925166,0.982
K30-r0.8-l2.0-rs0.0-d0.5,rho-comparison,30,0.8,2.0,2.0,0.0,0.5,90072,1000,0.47434164902525683,0.7115124735378854,1.0540925533894598,0.5303300858899107,0.026186428068520052,0,2,3,3,0,0,0,0,0,0.2982876240679957,0,2.0546454848967026,,2.2.6,1.15.3,0,hsL,1000,1000,0,984,0.984,0.00396787096564392,0.984
K30-r0.8-l2.0-rs0.0-d0.5,rho-comparison,30,0.8,2.0,2.0,0.0,0.5,90072,1000,0.47434164902525683,0.7115124735378854,1.0540925533894598,0.5303300858899107,0.026186428068520052,0,2,3,3,0,0,0,0,0,0.2982876240679957,0,2.0546454848967026,,2.2.6,1.15.3,0,hsLt,1000,1000,0,982,0.982,0.004204283529925166,0.982
